id,customer_id,account_id,transaction_type,amount,merchant,category,location,device_id,beneficiary,description,timestamp
1,1,1,CREDIT,139940.33,Employer,Salary,Gandhinagar,DEVICE_0001,,Monthly salary credit,2026-08-26T04:45:01.430392
2,1,1,DEBIT,3994.72,Reliance Fresh,Groceries,Gandhinagar,DEVICE_0001,,Groceries transaction,2026-04-24T04:45:01.430392
3,1,1,DEBIT,6175.14,Airtel,Utilities,Gandhinagar,DEVICE_0001,,Utilities transaction,2026-05-19T04:45:01.430392
4,1,1,DEBIT,9761.47,Ola,Transport,Gandhinagar,DEVICE_0001,,Transport transaction,2026-03-18T04:45:01.430392
5,1,1,DEBIT,6487.04,Zomato,Food,Gandhinagar,DEVICE_0001,,Food transaction,2026-07-15T04:45:01.430392
6,1,1,DEBIT,8727.29,Jio,Utilities,Gandhinagar,DEVICE_0001,,Utilities transaction,2026-09-01T04:45:01.430392
7,1,1,DEBIT,8388.2,Ola,Transport,Gandhinagar,DEVICE_0001,,Transport transaction,2026-03-16T04:45:01.430392
8,1,1,DEBIT,4391.72,Airtel,Utilities,Gandhinagar,DEVICE_0001,,Utilities transaction,2026-03-27T04:45:01.430392
9,1,1,DEBIT,9224.31,Airtel,Utilities,Gandhinagar,DEVICE_0001,,Utilities transaction,2026-08-05T04:45:01.430392
10,1,1,DEBIT,10808.46,Reliance Fresh,Groceries,Gandhinagar,DEVICE_0001,,Groceries transaction,2026-08-11T04:45:01.430392
11,1,1,DEBIT,10814.28,Netflix,Entertainment,Gandhinagar,DEVICE_0001,,Entertainment transaction,2026-06-20T04:45:01.430392
12,1,1,DEBIT,1303.53,Jio,Utilities,Gandhinagar,DEVICE_0001,,Utilities transaction,2026-05-23T04:45:01.430392
13,1,1,DEBIT,5982.95,Flipkart,Shopping,Gandhinagar,DEVICE_0001,,Shopping transaction,2026-05-19T04:45:01.430392
14,1,1,DEBIT,8143.43,Amazon,Shopping,Gandhinagar,DEVICE_0001,,Shopping transaction,2026-05-31T04:45:01.430392
15,1,1,DEBIT,7399.47,Jio,Utilities,Gandhinagar,DEVICE_0001,,Utilities transaction,2026-08-04T04:45:01.430392
16,1,1,DEBIT,5362.16,Flipkart,Shopping,Gandhinagar,DEVICE_0001,,Shopping transaction,2026-07-07T04:45:01.430392
17,1,1,DEBIT,7052.88,Ola,Transport,Gandhinagar,DEVICE_0001,,Transport transaction,2026-06-03T04:45:01.430392
18,1,1,DEBIT,1083.09,Apollo Pharmacy,Healthcare,Gandhinagar,DEVICE_0001,,Healthcare transaction,2026-06-20T04:45:01.430392
19,1,1,DEBIT,7614.71,Jio,Utilities,Gandhinagar,DEVICE_0001,,Utilities transaction,2026-04-29T04:45:01.430392
20,1,1,DEBIT,10690.98,BigBasket,Groceries,Gandhinagar,DEVICE_0001,,Groceries transaction,2026-04-05T04:45:01.430392
21,1,1,DEBIT,9957.59,Electricity Board,Utilities,Gandhinagar,DEVICE_0001,,Utilities transaction,2026-05-11T04:45:01.430392
22,1,1,DEBIT,6148.59,Jio,Utilities,Gandhinagar,DEVICE_0001,,Utilities transaction,2026-04-07T04:45:01.430392
23,1,1,DEBIT,2781.35,Flipkart,Shopping,Gandhinagar,DEVICE_0001,,Shopping transaction,2026-03-21T04:45:01.430392
24,1,1,DEBIT,11166.92,Uber,Transport,Gandhinagar,DEVICE_0001,,Transport transaction,2026-08-20T04:45:01.430392
25,1,1,DEBIT,10957.04,BigBasket,Groceries,Gandhinagar,DEVICE_0001,,Groceries transaction,2026-04-03T04:45:01.430392
26,1,1,DEBIT,9794.21,Electricity Board,Utilities,Gandhinagar,DEVICE_0001,,Utilities transaction,2026-05-22T04:45:01.430392
27,1,1,DEBIT,7830.7,Swiggy,Food,Gandhinagar,DEVICE_0001,,Food transaction,2026-09-05T04:45:01.430392
28,1,1,DEBIT,3766.57,Amazon,Shopping,Gandhinagar,DEVICE_0001,,Shopping transaction,2026-08-29T04:45:01.430392
29,1,1,DEBIT,4141.39,Uber,Transport,Gandhinagar,DEVICE_0001,,Transport transaction,2026-05-25T04:45:01.430392
30,1,1,DEBIT,2885.01,Swiggy,Food,Gandhinagar,DEVICE_0001,,Food transaction,2026-05-30T04:45:01.430392
31,1,1,DEBIT,7696.55,BookMyShow,Entertainment,Gandhinagar,DEVICE_0001,,Entertainment transaction,2026-07-28T04:45:01.430392
32,1,1,DEBIT,2124.93,Swiggy,Food,Gandhinagar,DEVICE_0001,,Food transaction,2026-04-09T04:45:01.430392
33,1,1,DEBIT,4406.16,Jio,Utilities,Gandhinagar,DEVICE_0001,,Utilities transaction,2026-03-22T04:45:01.430392
34,1,1,DEBIT,5671.96,Zomato,Food,Gandhinagar,DEVICE_0001,,Food transaction,2026-04-16T04:45:01.430392
35,1,1,DEBIT,2752.96,Swiggy,Food,Gandhinagar,DEVICE_0001,,Food transaction,2026-04-02T04:45:01.430392
36,1,1,DEBIT,5253.08,Uber,Transport,Gandhinagar,DEVICE_0001,,Transport transaction,2026-03-26T04:45:01.430392
37,1,1,DEBIT,10083.7,Amazon,Shopping,Gandhinagar,DEVICE_0001,,Shopping transaction,2026-05-16T04:45:01.430392
38,1,1,DEBIT,7650.49,Uber,Transport,Gandhinagar,DEVICE_0001,,Transport transaction,2026-08-03T04:45:01.430392
39,1,1,DEBIT,5056.92,Flipkart,Shopping,Gandhinagar,DEVICE_0001,,Shopping transaction,2026-06-16T04:45:01.430392
40,1,1,DEBIT,3489.27,BookMyShow,Entertainment,Gandhinagar,DEVICE_0001,,Entertainment transaction,2026-05-27T04:45:01.430392
41,1,1,DEBIT,2949.89,Electricity Board,Utilities,Gandhinagar,DEVICE_0001,,Utilities transaction,2026-06-27T04:45:01.430392
42,1,1,DEBIT,11188.34,Zomato,Food,Gandhinagar,DEVICE_0001,,Food transaction,2026-05-12T04:45:01.430392
43,1,1,DEBIT,2808.13,Flipkart,Shopping,Gandhinagar,DEVICE_0001,,Shopping transaction,2026-04-19T04:45:01.430392
44,1,1,DEBIT,6520.19,Ola,Transport,Gandhinagar,DEVICE_0001,,Transport transaction,2026-03-17T04:45:01.430392
45,1,1,DEBIT,441.23,Uber,Transport,Gandhinagar,DEVICE_0001,,Transport transaction,2026-03-28T04:45:01.430392
46,1,1,DEBIT,3217.97,BigBasket,Groceries,Gandhinagar,DEVICE_0001,,Groceries transaction,2026-04-21T04:45:01.430392
47,1,1,DEBIT,7740.52,Jio,Utilities,Gandhinagar,DEVICE_0001,,Utilities transaction,2026-08-31T04:45:01.430392
48,1,1,DEBIT,8393.34,BookMyShow,Entertainment,Gandhinagar,DEVICE_0001,,Entertainment transaction,2026-07-01T04:45:01.430392
49,1,1,DEBIT,8983.65,Airtel,Utilities,Gandhinagar,DEVICE_0001,,Utilities transaction,2026-04-10T04:45:01.430392
50,1,1,DEBIT,4073.85,Airtel,Utilities,Gandhinagar,DEVICE_0001,,Utilities transaction,2026-04-03T04:45:01.430392
51,1,1,DEBIT,7026.84,Zomato,Food,Gandhinagar,DEVICE_0001,,Food transaction,2026-03-23T04:45:01.430392
52,1,1,DEBIT,8126.77,Airtel,Utilities,Gandhinagar,DEVICE_0001,,Utilities transaction,2026-03-28T04:45:01.430392
53,1,1,DEBIT,9417.71,Apollo Pharmacy,Healthcare,Gandhinagar,DEVICE_0001,,Healthcare transaction,2026-04-05T04:45:01.430392
54,1,1,DEBIT,10133.13,Flipkart,Shopping,Gandhinagar,DEVICE_0001,,Shopping transaction,2026-03-31T04:45:01.430392
55,1,1,DEBIT,3596.79,Amazon,Shopping,Gandhinagar,DEVICE_0001,,Shopping transaction,2026-05-23T04:45:01.430392
56,1,1,DEBIT,6572.55,Amazon,Shopping,Gandhinagar,DEVICE_0001,,Shopping transaction,2026-08-10T04:45:01.430392
57,1,1,DEBIT,10201.56,Flipkart,Shopping,Gandhinagar,DEVICE_0001,,Shopping transaction,2026-06-21T04:45:01.430392
58,1,1,DEBIT,4768.55,Electricity Board,Utilities,Gandhinagar,DEVICE_0001,,Utilities transaction,2026-07-23T04:45:01.430392
59,1,1,DEBIT,8847.89,Swiggy,Food,Gandhinagar,DEVICE_0001,,Food transaction,2026-06-11T04:45:01.430392
60,1,1,DEBIT,5717.35,Netflix,Entertainment,Gandhinagar,DEVICE_0001,,Entertainment transaction,2026-07-05T04:45:01.430392
61,1,1,DEBIT,2009.2,Jio,Utilities,Gandhinagar,DEVICE_0001,,Utilities transaction,2026-05-12T04:45:01.430392
62,2,2,CREDIT,90397.88,Employer,Salary,Vadodara,DEVICE_0002,,Monthly salary credit,2026-08-18T04:45:01.430392
63,2,2,DEBIT,5449.68,Uber,Transport,Vadodara,DEVICE_0002,,Transport transaction,2026-06-18T04:45:01.430392
64,2,2,DEBIT,1009.85,Airtel,Utilities,Vadodara,DEVICE_0002,,Utilities transaction,2026-08-24T04:45:01.430392
65,2,2,DEBIT,5503.07,Swiggy,Food,Vadodara,DEVICE_0002,,Food transaction,2026-07-17T04:45:01.430392
66,2,2,DEBIT,4955.79,Jio,Utilities,Vadodara,DEVICE_0002,,Utilities transaction,2026-03-24T04:45:01.430392
67,2,2,DEBIT,7001.68,BigBasket,Groceries,Vadodara,DEVICE_0002,,Groceries transaction,2026-04-23T04:45:01.430392
68,2,2,DEBIT,834.99,Ola,Transport,Vadodara,DEVICE_0002,,Transport transaction,2026-06-03T04:45:01.430392
69,2,2,DEBIT,2059.63,Amazon,Shopping,Vadodara,DEVICE_0002,,Shopping transaction,2026-08-12T04:45:01.430392
70,2,2,DEBIT,2791.83,Reliance Fresh,Groceries,Vadodara,DEVICE_0002,,Groceries transaction,2026-03-24T04:45:01.430392
71,2,2,DEBIT,4310.53,Uber,Transport,Vadodara,DEVICE_0002,,Transport transaction,2026-04-02T04:45:01.430392
72,2,2,DEBIT,961.87,Ola,Transport,Vadodara,DEVICE_0002,,Transport transaction,2026-07-15T04:45:01.430392
73,2,2,DEBIT,375.97,Reliance Fresh,Groceries,Vadodara,DEVICE_0002,,Groceries transaction,2026-04-22T04:45:01.430392
74,2,2,DEBIT,6635.92,Ola,Transport,Vadodara,DEVICE_0002,,Transport transaction,2026-07-18T04:45:01.430392
75,2,2,DEBIT,644.53,Apollo Pharmacy,Healthcare,Vadodara,DEVICE_0002,,Healthcare transaction,2026-05-17T04:45:01.430392
76,2,2,DEBIT,2324.95,Electricity Board,Utilities,Vadodara,DEVICE_0002,,Utilities transaction,2026-05-31T04:45:01.430392
77,2,2,DEBIT,1182.89,Flipkart,Shopping,Vadodara,DEVICE_0002,,Shopping transaction,2026-09-03T04:45:01.430392
78,2,2,DEBIT,7203.19,Uber,Transport,Vadodara,DEVICE_0002,,Transport transaction,2026-08-14T04:45:01.430392
79,2,2,DEBIT,1851.07,Flipkart,Shopping,Vadodara,DEVICE_0002,,Shopping transaction,2026-04-28T04:45:01.430392
80,2,2,DEBIT,2932.89,Swiggy,Food,Vadodara,DEVICE_0002,,Food transaction,2026-06-10T04:45:01.430392
81,2,2,DEBIT,6875.88,Apollo Pharmacy,Healthcare,Vadodara,DEVICE_0002,,Healthcare transaction,2026-03-18T04:45:01.430392
82,2,2,DEBIT,3147.23,Netflix,Entertainment,Vadodara,DEVICE_0002,,Entertainment transaction,2026-08-04T04:45:01.430392
83,2,2,DEBIT,4805.3,BigBasket,Groceries,Vadodara,DEVICE_0002,,Groceries transaction,2026-05-10T04:45:01.430392
84,2,2,DEBIT,3069.8,BookMyShow,Entertainment,Vadodara,DEVICE_0002,,Entertainment transaction,2026-07-03T04:45:01.430392
85,2,2,DEBIT,5053.94,Amazon,Shopping,Vadodara,DEVICE_0002,,Shopping transaction,2026-07-19T04:45:01.430392
86,2,2,DEBIT,3327.03,Reliance Fresh,Groceries,Vadodara,DEVICE_0002,,Groceries transaction,2026-07-14T04:45:01.430392
87,2,2,DEBIT,2750.35,Jio,Utilities,Vadodara,DEVICE_0002,,Utilities transaction,2026-03-21T04:45:01.430392
88,2,2,DEBIT,4028.59,Ola,Transport,Vadodara,DEVICE_0002,,Transport transaction,2026-03-31T04:45:01.430392
89,2,2,DEBIT,625.78,Ola,Transport,Vadodara,DEVICE_0002,,Transport transaction,2026-07-04T04:45:01.430392
90,2,2,DEBIT,7008.27,Zomato,Food,Vadodara,DEVICE_0002,,Food transaction,2026-05-19T04:45:01.430392
91,2,2,DEBIT,4860.48,Flipkart,Shopping,Vadodara,DEVICE_0002,,Shopping transaction,2026-04-01T04:45:01.430392
92,2,2,DEBIT,4399.03,Apollo Pharmacy,Healthcare,Vadodara,DEVICE_0002,,Healthcare transaction,2026-09-07T04:45:01.430392
93,2,2,DEBIT,5732.61,Amazon,Shopping,Vadodara,DEVICE_0002,,Shopping transaction,2026-07-12T04:45:01.430392
94,2,2,DEBIT,5733.9,Swiggy,Food,Vadodara,DEVICE_0002,,Food transaction,2026-07-22T04:45:01.430392
95,2,2,DEBIT,6035.14,Flipkart,Shopping,Vadodara,DEVICE_0002,,Shopping transaction,2026-04-24T04:45:01.430392
96,2,2,DEBIT,4323.35,Zomato,Food,Vadodara,DEVICE_0002,,Food transaction,2026-07-15T04:45:01.430392
97,2,2,DEBIT,5645.23,Ola,Transport,Vadodara,DEVICE_0002,,Transport transaction,2026-04-13T04:45:01.430392
98,2,2,DEBIT,2149.75,Amazon,Shopping,Vadodara,DEVICE_0002,,Shopping transaction,2026-08-06T04:45:01.430392
99,2,2,DEBIT,3998.7,Swiggy,Food,Vadodara,DEVICE_0002,,Food transaction,2026-07-30T04:45:01.430392
100,2,2,DEBIT,4848.45,Flipkart,Shopping,Vadodara,DEVICE_0002,,Shopping transaction,2026-09-06T04:45:01.430392
101,2,2,DEBIT,304.5,Swiggy,Food,Vadodara,DEVICE_0002,,Food transaction,2026-07-14T04:45:01.430392
102,2,2,DEBIT,2476.71,BookMyShow,Entertainment,Vadodara,DEVICE_0002,,Entertainment transaction,2026-07-30T04:45:01.430392
103,2,2,DEBIT,568.46,Uber,Transport,Vadodara,DEVICE_0002,,Transport transaction,2026-05-28T04:45:01.430392
104,2,2,DEBIT,999.16,Netflix,Entertainment,Vadodara,DEVICE_0002,,Entertainment transaction,2026-08-27T04:45:01.430392
105,2,2,DEBIT,3352.2,Reliance Fresh,Groceries,Vadodara,DEVICE_0002,,Groceries transaction,2026-06-12T04:45:01.430392
106,2,2,DEBIT,4374.56,Netflix,Entertainment,Vadodara,DEVICE_0002,,Entertainment transaction,2026-05-20T04:45:01.430392
107,2,2,DEBIT,1757.9,Netflix,Entertainment,Vadodara,DEVICE_0002,,Entertainment transaction,2026-04-08T04:45:01.430392
108,2,2,DEBIT,5313.85,Amazon,Shopping,Vadodara,DEVICE_0002,,Shopping transaction,2026-03-28T04:45:01.430392
109,2,2,DEBIT,2321.01,Netflix,Entertainment,Vadodara,DEVICE_0002,,Entertainment transaction,2026-04-01T04:45:01.430392
110,2,2,DEBIT,627.71,Amazon,Shopping,Vadodara,DEVICE_0002,,Shopping transaction,2026-05-13T04:45:01.430392
111,2,2,DEBIT,3024.1,Jio,Utilities,Vadodara,DEVICE_0002,,Utilities transaction,2026-03-21T04:45:01.430392
112,2,2,DEBIT,3647.49,Flipkart,Shopping,Vadodara,DEVICE_0002,,Shopping transaction,2026-05-22T04:45:01.430392
113,2,2,DEBIT,6523.49,Flipkart,Shopping,Vadodara,DEVICE_0002,,Shopping transaction,2026-06-22T04:45:01.430392
114,2,2,DEBIT,1243.06,BookMyShow,Entertainment,Vadodara,DEVICE_0002,,Entertainment transaction,2026-08-11T04:45:01.430392
115,2,2,DEBIT,4590.09,Uber,Transport,Vadodara,DEVICE_0002,,Transport transaction,2026-04-16T04:45:01.430392
116,2,2,DEBIT,5207.74,Netflix,Entertainment,Vadodara,DEVICE_0002,,Entertainment transaction,2026-06-07T04:45:01.430392
117,2,2,DEBIT,3930.79,BookMyShow,Entertainment,Vadodara,DEVICE_0002,,Entertainment transaction,2026-05-19T04:45:01.430392
118,2,2,DEBIT,4457.26,Netflix,Entertainment,Vadodara,DEVICE_0002,,Entertainment transaction,2026-08-18T04:45:01.430392
119,2,2,DEBIT,5134.79,Airtel,Utilities,Vadodara,DEVICE_0002,,Utilities transaction,2026-03-29T04:45:01.430392
120,2,2,DEBIT,6371.88,Apollo Pharmacy,Healthcare,Vadodara,DEVICE_0002,,Healthcare transaction,2026-04-24T04:45:01.430392
121,2,2,DEBIT,6286.0,Electricity Board,Utilities,Vadodara,DEVICE_0002,,Utilities transaction,2026-05-25T04:45:01.430392
122,2,2,DEBIT,6444.91,Reliance Fresh,Groceries,Vadodara,DEVICE_0002,,Groceries transaction,2026-05-30T04:45:01.430392
123,3,3,CREDIT,55819.84,Employer,Salary,Hyderabad,DEVICE_0003,,Monthly salary credit,2026-09-02T04:45:01.430392
124,3,3,DEBIT,2134.44,Jio,Utilities,Hyderabad,DEVICE_0003,,Utilities transaction,2026-05-29T04:45:01.430392
125,3,3,DEBIT,605.6,Electricity Board,Utilities,Hyderabad,DEVICE_0003,,Utilities transaction,2026-05-26T04:45:01.430392
126,3,3,DEBIT,3037.08,Ola,Transport,Hyderabad,DEVICE_0003,,Transport transaction,2026-06-09T04:45:01.430392
127,3,3,DEBIT,3129.7,Swiggy,Food,Hyderabad,DEVICE_0003,,Food transaction,2026-05-14T04:45:01.430392
128,3,3,DEBIT,589.13,Flipkart,Shopping,Hyderabad,DEVICE_0003,,Shopping transaction,2026-08-22T04:45:01.430392
129,3,3,DEBIT,2042.21,Flipkart,Shopping,Hyderabad,DEVICE_0003,,Shopping transaction,2026-06-09T04:45:01.430392
130,3,3,DEBIT,755.02,Airtel,Utilities,Hyderabad,DEVICE_0003,,Utilities transaction,2026-08-28T04:45:01.430392
131,3,3,DEBIT,4280.57,BookMyShow,Entertainment,Hyderabad,DEVICE_0003,,Entertainment transaction,2026-04-22T04:45:01.430392
132,3,3,DEBIT,3058.0,Ola,Transport,Hyderabad,DEVICE_0003,,Transport transaction,2026-05-30T04:45:01.430392
133,3,3,DEBIT,3926.45,Ola,Transport,Hyderabad,DEVICE_0003,,Transport transaction,2026-05-27T04:45:01.430392
134,3,3,DEBIT,4106.61,Jio,Utilities,Hyderabad,DEVICE_0003,,Utilities transaction,2026-08-30T04:45:01.430392
135,3,3,DEBIT,2761.1,Uber,Transport,Hyderabad,DEVICE_0003,,Transport transaction,2026-06-14T04:45:01.430392
136,3,3,DEBIT,2665.16,Flipkart,Shopping,Hyderabad,DEVICE_0003,,Shopping transaction,2026-07-20T04:45:01.430392
137,3,3,DEBIT,3001.37,Swiggy,Food,Hyderabad,DEVICE_0003,,Food transaction,2026-07-17T04:45:01.430392
138,3,3,DEBIT,661.61,Jio,Utilities,Hyderabad,DEVICE_0003,,Utilities transaction,2026-04-23T04:45:01.430392
139,3,3,DEBIT,690.05,Ola,Transport,Hyderabad,DEVICE_0003,,Transport transaction,2026-07-03T04:45:01.430392
140,3,3,DEBIT,1164.7,BookMyShow,Entertainment,Hyderabad,DEVICE_0003,,Entertainment transaction,2026-05-26T04:45:01.430392
141,3,3,DEBIT,2592.85,Jio,Utilities,Hyderabad,DEVICE_0003,,Utilities transaction,2026-04-06T04:45:01.430392
142,3,3,DEBIT,3079.17,BookMyShow,Entertainment,Hyderabad,DEVICE_0003,,Entertainment transaction,2026-04-23T04:45:01.430392
143,3,3,DEBIT,2797.72,Amazon,Shopping,Hyderabad,DEVICE_0003,,Shopping transaction,2026-03-28T04:45:01.430392
144,3,3,DEBIT,3158.06,Jio,Utilities,Hyderabad,DEVICE_0003,,Utilities transaction,2026-09-05T04:45:01.430392
145,3,3,DEBIT,1365.66,Swiggy,Food,Hyderabad,DEVICE_0003,,Food transaction,2026-06-25T04:45:01.430392
146,3,3,DEBIT,1697.32,Ola,Transport,Hyderabad,DEVICE_0003,,Transport transaction,2026-07-28T04:45:01.430392
147,3,3,DEBIT,811.05,Jio,Utilities,Hyderabad,DEVICE_0003,,Utilities transaction,2026-03-28T04:45:01.430392
148,3,3,DEBIT,496.82,BigBasket,Groceries,Hyderabad,DEVICE_0003,,Groceries transaction,2026-04-03T04:45:01.430392
149,3,3,DEBIT,591.4,Amazon,Shopping,Hyderabad,DEVICE_0003,,Shopping transaction,2026-04-30T04:45:01.430392
150,3,3,DEBIT,1804.69,Zomato,Food,Hyderabad,DEVICE_0003,,Food transaction,2026-05-19T04:45:01.430392
151,3,3,DEBIT,871.44,Ola,Transport,Hyderabad,DEVICE_0003,,Transport transaction,2026-06-25T04:45:01.430392
152,3,3,DEBIT,1583.68,Electricity Board,Utilities,Hyderabad,DEVICE_0003,,Utilities transaction,2026-04-20T04:45:01.430392
153,3,3,DEBIT,562.39,BookMyShow,Entertainment,Hyderabad,DEVICE_0003,,Entertainment transaction,2026-08-30T04:45:01.430392
154,3,3,DEBIT,871.45,Swiggy,Food,Hyderabad,DEVICE_0003,,Food transaction,2026-04-07T04:45:01.430392
155,3,3,DEBIT,3074.87,Amazon,Shopping,Hyderabad,DEVICE_0003,,Shopping transaction,2026-07-05T04:45:01.430392
156,3,3,DEBIT,3023.56,Reliance Fresh,Groceries,Hyderabad,DEVICE_0003,,Groceries transaction,2026-05-11T04:45:01.430392
157,3,3,DEBIT,2085.58,BookMyShow,Entertainment,Hyderabad,DEVICE_0003,,Entertainment transaction,2026-07-05T04:45:01.430392
158,3,3,DEBIT,3420.28,Zomato,Food,Hyderabad,DEVICE_0003,,Food transaction,2026-08-14T04:45:01.430392
159,3,3,DEBIT,2033.83,Ola,Transport,Hyderabad,DEVICE_0003,,Transport transaction,2026-07-02T04:45:01.430392
160,3,3,DEBIT,3094.14,Apollo Pharmacy,Healthcare,Hyderabad,DEVICE_0003,,Healthcare transaction,2026-05-11T04:45:01.430392
161,3,3,DEBIT,3045.71,Netflix,Entertainment,Hyderabad,DEVICE_0003,,Entertainment transaction,2026-09-01T04:45:01.430392
162,3,3,DEBIT,1886.03,Zomato,Food,Hyderabad,DEVICE_0003,,Food transaction,2026-04-12T04:45:01.430392
163,3,3,DEBIT,232.79,Amazon,Shopping,Hyderabad,DEVICE_0003,,Shopping transaction,2026-06-27T04:45:01.430392
164,3,3,DEBIT,3473.2,Zomato,Food,Hyderabad,DEVICE_0003,,Food transaction,2026-07-09T04:45:01.430392
165,3,3,DEBIT,1599.63,Uber,Transport,Hyderabad,DEVICE_0003,,Transport transaction,2026-09-11T04:45:01.430392
166,3,3,DEBIT,3386.45,Reliance Fresh,Groceries,Hyderabad,DEVICE_0003,,Groceries transaction,2026-07-30T04:45:01.430392
167,3,3,DEBIT,1821.81,Swiggy,Food,Hyderabad,DEVICE_0003,,Food transaction,2026-03-16T04:45:01.430392
168,3,3,DEBIT,2333.91,Zomato,Food,Hyderabad,DEVICE_0003,,Food transaction,2026-03-25T04:45:01.430392
169,3,3,DEBIT,1710.73,Airtel,Utilities,Hyderabad,DEVICE_0003,,Utilities transaction,2026-06-03T04:45:01.430392
170,3,3,DEBIT,3365.24,Jio,Utilities,Hyderabad,DEVICE_0003,,Utilities transaction,2026-05-24T04:45:01.430392
171,3,3,DEBIT,2161.12,Amazon,Shopping,Hyderabad,DEVICE_0003,,Shopping transaction,2026-08-24T04:45:01.430392
172,3,3,DEBIT,1535.39,Jio,Utilities,Hyderabad,DEVICE_0003,,Utilities transaction,2026-05-26T04:45:01.430392
173,3,3,DEBIT,1925.1,BookMyShow,Entertainment,Hyderabad,DEVICE_0003,,Entertainment transaction,2026-04-02T04:45:01.430392
174,3,3,DEBIT,1434.95,BigBasket,Groceries,Hyderabad,DEVICE_0003,,Groceries transaction,2026-06-01T04:45:01.430392
175,3,3,DEBIT,4321.41,Amazon,Shopping,Hyderabad,DEVICE_0003,,Shopping transaction,2026-07-31T04:45:01.430392
176,3,3,DEBIT,4242.13,Airtel,Utilities,Hyderabad,DEVICE_0003,,Utilities transaction,2026-05-18T04:45:01.430392
177,3,3,DEBIT,3141.59,Jio,Utilities,Hyderabad,DEVICE_0003,,Utilities transaction,2026-06-12T04:45:01.430392
178,3,3,DEBIT,2062.83,Flipkart,Shopping,Hyderabad,DEVICE_0003,,Shopping transaction,2026-08-16T04:45:01.430392
179,3,3,DEBIT,2058.42,Zomato,Food,Hyderabad,DEVICE_0003,,Food transaction,2026-06-02T04:45:01.430392
180,3,3,DEBIT,535.48,Netflix,Entertainment,Hyderabad,DEVICE_0003,,Entertainment transaction,2026-06-25T04:45:01.430392
181,3,3,DEBIT,1648.22,Electricity Board,Utilities,Hyderabad,DEVICE_0003,,Utilities transaction,2026-06-19T04:45:01.430392
182,3,3,DEBIT,917.18,Airtel,Utilities,Hyderabad,DEVICE_0003,,Utilities transaction,2026-05-05T04:45:01.430392
183,3,3,DEBIT,686.39,Apollo Pharmacy,Healthcare,Hyderabad,DEVICE_0003,,Healthcare transaction,2026-05-05T04:45:01.430392
184,4,4,CREDIT,133211.61,Employer,Salary,Delhi,DEVICE_0004,,Monthly salary credit,2026-09-06T04:45:01.430392
185,4,4,DEBIT,3853.39,Airtel,Utilities,Delhi,DEVICE_0004,,Utilities transaction,2026-03-31T04:45:01.430392
186,4,4,DEBIT,1744.38,Jio,Utilities,Delhi,DEVICE_0004,,Utilities transaction,2026-08-17T04:45:01.430392
187,4,4,DEBIT,2876.64,Swiggy,Food,Delhi,DEVICE_0004,,Food transaction,2026-07-30T04:45:01.430392
188,4,4,DEBIT,1798.55,BookMyShow,Entertainment,Delhi,DEVICE_0004,,Entertainment transaction,2026-03-29T04:45:01.430392
189,4,4,DEBIT,2052.4,Flipkart,Shopping,Delhi,DEVICE_0004,,Shopping transaction,2026-04-05T04:45:01.430392
190,4,4,DEBIT,5051.52,Reliance Fresh,Groceries,Delhi,DEVICE_0004,,Groceries transaction,2026-04-21T04:45:01.430392
191,4,4,DEBIT,6259.46,Airtel,Utilities,Delhi,DEVICE_0004,,Utilities transaction,2026-03-22T04:45:01.430392
192,4,4,DEBIT,6923.72,BookMyShow,Entertainment,Delhi,DEVICE_0004,,Entertainment transaction,2026-04-06T04:45:01.430392
193,4,4,DEBIT,9237.37,Ola,Transport,Delhi,DEVICE_0004,,Transport transaction,2026-04-05T04:45:01.430392
194,4,4,DEBIT,1778.55,Ola,Transport,Delhi,DEVICE_0004,,Transport transaction,2026-08-26T04:45:01.430392
195,4,4,DEBIT,4824.14,Reliance Fresh,Groceries,Delhi,DEVICE_0004,,Groceries transaction,2026-06-27T04:45:01.430392
196,4,4,DEBIT,3072.24,Airtel,Utilities,Delhi,DEVICE_0004,,Utilities transaction,2026-08-29T04:45:01.430392
197,4,4,DEBIT,5505.19,Ola,Transport,Delhi,DEVICE_0004,,Transport transaction,2026-06-25T04:45:01.430392
198,4,4,DEBIT,4925.63,Reliance Fresh,Groceries,Delhi,DEVICE_0004,,Groceries transaction,2026-08-29T04:45:01.430392
199,4,4,DEBIT,8896.99,Ola,Transport,Delhi,DEVICE_0004,,Transport transaction,2026-08-24T04:45:01.430392
200,4,4,DEBIT,9237.4,Apollo Pharmacy,Healthcare,Delhi,DEVICE_0004,,Healthcare transaction,2026-08-20T04:45:01.430392
201,4,4,DEBIT,6412.25,BookMyShow,Entertainment,Delhi,DEVICE_0004,,Entertainment transaction,2026-06-06T04:45:01.430392
202,4,4,DEBIT,6268.46,Reliance Fresh,Groceries,Delhi,DEVICE_0004,,Groceries transaction,2026-09-02T04:45:01.430392
203,4,4,DEBIT,9705.87,Reliance Fresh,Groceries,Delhi,DEVICE_0004,,Groceries transaction,2026-04-19T04:45:01.430392
204,4,4,DEBIT,2168.41,Apollo Pharmacy,Healthcare,Delhi,DEVICE_0004,,Healthcare transaction,2026-04-11T04:45:01.430392
205,4,4,DEBIT,5442.76,Reliance Fresh,Groceries,Delhi,DEVICE_0004,,Groceries transaction,2026-08-28T04:45:01.430392
206,4,4,DEBIT,1282.31,Reliance Fresh,Groceries,Delhi,DEVICE_0004,,Groceries transaction,2026-06-17T04:45:01.430392
207,4,4,DEBIT,1081.82,Electricity Board,Utilities,Delhi,DEVICE_0004,,Utilities transaction,2026-03-31T04:45:01.430392
208,4,4,DEBIT,609.31,Swiggy,Food,Delhi,DEVICE_0004,,Food transaction,2026-05-23T04:45:01.430392
209,4,4,DEBIT,5680.15,Reliance Fresh,Groceries,Delhi,DEVICE_0004,,Groceries transaction,2026-04-09T04:45:01.430392
210,4,4,DEBIT,4005.26,Swiggy,Food,Delhi,DEVICE_0004,,Food transaction,2026-07-02T04:45:01.430392
211,4,4,DEBIT,4474.47,BigBasket,Groceries,Delhi,DEVICE_0004,,Groceries transaction,2026-06-18T04:45:01.430392
212,4,4,DEBIT,6452.05,Apollo Pharmacy,Healthcare,Delhi,DEVICE_0004,,Healthcare transaction,2026-04-04T04:45:01.430392
213,4,4,DEBIT,3699.4,Apollo Pharmacy,Healthcare,Delhi,DEVICE_0004,,Healthcare transaction,2026-06-20T04:45:01.430392
214,4,4,DEBIT,6034.58,Flipkart,Shopping,Delhi,DEVICE_0004,,Shopping transaction,2026-06-06T04:45:01.430392
215,4,4,DEBIT,2835.1,Uber,Transport,Delhi,DEVICE_0004,,Transport transaction,2026-03-28T04:45:01.430392
216,4,4,DEBIT,9331.82,BookMyShow,Entertainment,Delhi,DEVICE_0004,,Entertainment transaction,2026-06-19T04:45:01.430392
217,4,4,DEBIT,6293.67,Flipkart,Shopping,Delhi,DEVICE_0004,,Shopping transaction,2026-08-07T04:45:01.430392
218,4,4,DEBIT,3444.07,Ola,Transport,Delhi,DEVICE_0004,,Transport transaction,2026-03-29T04:45:01.430392
219,4,4,DEBIT,7123.9,Electricity Board,Utilities,Delhi,DEVICE_0004,,Utilities transaction,2026-08-10T04:45:01.430392
220,4,4,DEBIT,7612.23,BookMyShow,Entertainment,Delhi,DEVICE_0004,,Entertainment transaction,2026-08-22T04:45:01.430392
221,4,4,DEBIT,6044.61,Uber,Transport,Delhi,DEVICE_0004,,Transport transaction,2026-04-01T04:45:01.430392
222,4,4,DEBIT,3634.86,Airtel,Utilities,Delhi,DEVICE_0004,,Utilities transaction,2026-08-11T04:45:01.430392
223,4,4,DEBIT,7549.45,Apollo Pharmacy,Healthcare,Delhi,DEVICE_0004,,Healthcare transaction,2026-03-21T04:45:01.430392
224,4,4,DEBIT,1177.23,Netflix,Entertainment,Delhi,DEVICE_0004,,Entertainment transaction,2026-03-25T04:45:01.430392
225,4,4,DEBIT,5517.23,BigBasket,Groceries,Delhi,DEVICE_0004,,Groceries transaction,2026-09-08T04:45:01.430392
226,4,4,DEBIT,3429.79,Ola,Transport,Delhi,DEVICE_0004,,Transport transaction,2026-07-20T04:45:01.430392
227,4,4,DEBIT,10109.7,Ola,Transport,Delhi,DEVICE_0004,,Transport transaction,2026-05-11T04:45:01.430392
228,4,4,DEBIT,2568.94,Zomato,Food,Delhi,DEVICE_0004,,Food transaction,2026-08-08T04:45:01.430392
229,4,4,DEBIT,1006.91,Swiggy,Food,Delhi,DEVICE_0004,,Food transaction,2026-08-18T04:45:01.430392
230,4,4,DEBIT,8260.98,Netflix,Entertainment,Delhi,DEVICE_0004,,Entertainment transaction,2026-05-01T04:45:01.430392
231,4,4,DEBIT,7121.75,Amazon,Shopping,Delhi,DEVICE_0004,,Shopping transaction,2026-04-07T04:45:01.430392
232,4,4,DEBIT,6445.36,Swiggy,Food,Delhi,DEVICE_0004,,Food transaction,2026-08-04T04:45:01.430392
233,4,4,DEBIT,2091.09,Swiggy,Food,Delhi,DEVICE_0004,,Food transaction,2026-03-19T04:45:01.430392
234,4,4,DEBIT,6732.87,Airtel,Utilities,Delhi,DEVICE_0004,,Utilities transaction,2026-08-01T04:45:01.430392
235,4,4,DEBIT,4776.72,Electricity Board,Utilities,Delhi,DEVICE_0004,,Utilities transaction,2026-05-30T04:45:01.430392
236,4,4,DEBIT,7272.68,Ola,Transport,Delhi,DEVICE_0004,,Transport transaction,2026-07-14T04:45:01.430392
237,4,4,DEBIT,6584.95,Reliance Fresh,Groceries,Delhi,DEVICE_0004,,Groceries transaction,2026-05-21T04:45:01.430392
238,4,4,DEBIT,5784.12,Zomato,Food,Delhi,DEVICE_0004,,Food transaction,2026-06-25T04:45:01.430392
239,4,4,DEBIT,8402.1,Airtel,Utilities,Delhi,DEVICE_0004,,Utilities transaction,2026-07-25T04:45:01.430392
240,4,4,DEBIT,7293.01,Ola,Transport,Delhi,DEVICE_0004,,Transport transaction,2026-04-19T04:45:01.430392
241,4,4,DEBIT,5027.75,Reliance Fresh,Groceries,Delhi,DEVICE_0004,,Groceries transaction,2026-07-02T04:45:01.430392
242,4,4,DEBIT,4193.21,Airtel,Utilities,Delhi,DEVICE_0004,,Utilities transaction,2026-04-30T04:45:01.430392
243,4,4,DEBIT,10304.2,BigBasket,Groceries,Delhi,DEVICE_0004,,Groceries transaction,2026-07-23T04:45:01.430392
244,4,4,DEBIT,6522.92,Airtel,Utilities,Delhi,DEVICE_0004,,Utilities transaction,2026-07-10T04:45:01.430392
245,5,5,CREDIT,39991.04,Employer,Salary,Surat,DEVICE_0005,,Monthly salary credit,2026-09-11T04:45:01.430392
246,5,5,DEBIT,1641.43,Apollo Pharmacy,Healthcare,Surat,DEVICE_0005,,Healthcare transaction,2026-06-09T04:45:01.430392
247,5,5,DEBIT,3002.21,Netflix,Entertainment,Surat,DEVICE_0005,,Entertainment transaction,2026-05-03T04:45:01.430392
248,5,5,DEBIT,573.94,Jio,Utilities,Surat,DEVICE_0005,,Utilities transaction,2026-08-22T04:45:01.430392
249,5,5,DEBIT,680.82,Airtel,Utilities,Surat,DEVICE_0005,,Utilities transaction,2026-05-20T04:45:01.430392
250,5,5,DEBIT,641.94,Netflix,Entertainment,Surat,DEVICE_0005,,Entertainment transaction,2026-05-24T04:45:01.430392
251,5,5,DEBIT,3038.56,Flipkart,Shopping,Surat,DEVICE_0005,,Shopping transaction,2026-07-18T04:45:01.430392
252,5,5,DEBIT,1553.06,Jio,Utilities,Surat,DEVICE_0005,,Utilities transaction,2026-06-15T04:45:01.430392
253,5,5,DEBIT,1444.39,Amazon,Shopping,Surat,DEVICE_0005,,Shopping transaction,2026-06-03T04:45:01.430392
254,5,5,DEBIT,1321.62,Netflix,Entertainment,Surat,DEVICE_0005,,Entertainment transaction,2026-06-06T04:45:01.430392
255,5,5,DEBIT,1324.47,Flipkart,Shopping,Surat,DEVICE_0005,,Shopping transaction,2026-09-05T04:45:01.430392
256,5,5,DEBIT,2991.81,Ola,Transport,Surat,DEVICE_0005,,Transport transaction,2026-03-30T04:45:01.430392
257,5,5,DEBIT,2573.57,Ola,Transport,Surat,DEVICE_0005,,Transport transaction,2026-08-08T04:45:01.430392
258,5,5,DEBIT,1060.43,Amazon,Shopping,Surat,DEVICE_0005,,Shopping transaction,2026-05-15T04:45:01.430392
259,5,5,DEBIT,2692.74,Electricity Board,Utilities,Surat,DEVICE_0005,,Utilities transaction,2026-03-16T04:45:01.430392
260,5,5,DEBIT,1545.48,Reliance Fresh,Groceries,Surat,DEVICE_0005,,Groceries transaction,2026-09-11T04:45:01.430392
261,5,5,DEBIT,257.0,Flipkart,Shopping,Surat,DEVICE_0005,,Shopping transaction,2026-07-19T04:45:01.430392
262,5,5,DEBIT,648.45,Jio,Utilities,Surat,DEVICE_0005,,Utilities transaction,2026-04-10T04:45:01.430392
263,5,5,DEBIT,1469.46,Netflix,Entertainment,Surat,DEVICE_0005,,Entertainment transaction,2026-07-01T04:45:01.430392
264,5,5,DEBIT,1103.24,Zomato,Food,Surat,DEVICE_0005,,Food transaction,2026-08-31T04:45:01.430392
265,5,5,DEBIT,1459.18,Zomato,Food,Surat,DEVICE_0005,,Food transaction,2026-04-06T04:45:01.430392
266,5,5,DEBIT,388.38,Reliance Fresh,Groceries,Surat,DEVICE_0005,,Groceries transaction,2026-05-08T04:45:01.430392
267,5,5,DEBIT,1807.78,BookMyShow,Entertainment,Surat,DEVICE_0005,,Entertainment transaction,2026-04-04T04:45:01.430392
268,5,5,DEBIT,1924.73,Netflix,Entertainment,Surat,DEVICE_0005,,Entertainment transaction,2026-08-07T04:45:01.430392
269,5,5,DEBIT,1487.41,Uber,Transport,Surat,DEVICE_0005,,Transport transaction,2026-04-08T04:45:01.430392
270,5,5,DEBIT,921.52,Ola,Transport,Surat,DEVICE_0005,,Transport transaction,2026-05-29T04:45:01.430392
271,5,5,DEBIT,2192.64,Swiggy,Food,Surat,DEVICE_0005,,Food transaction,2026-08-22T04:45:01.430392
272,5,5,DEBIT,3123.26,Netflix,Entertainment,Surat,DEVICE_0005,,Entertainment transaction,2026-08-26T04:45:01.430392
273,5,5,DEBIT,1831.86,Netflix,Entertainment,Surat,DEVICE_0005,,Entertainment transaction,2026-05-06T04:45:01.430392
274,5,5,DEBIT,260.99,Netflix,Entertainment,Surat,DEVICE_0005,,Entertainment transaction,2026-05-15T04:45:01.430392
275,5,5,DEBIT,2106.56,Amazon,Shopping,Surat,DEVICE_0005,,Shopping transaction,2026-06-09T04:45:01.430392
276,5,5,DEBIT,2441.41,Uber,Transport,Surat,DEVICE_0005,,Transport transaction,2026-06-13T04:45:01.430392
277,5,5,DEBIT,402.63,Airtel,Utilities,Surat,DEVICE_0005,,Utilities transaction,2026-07-13T04:45:01.430392
278,5,5,DEBIT,2170.84,Electricity Board,Utilities,Surat,DEVICE_0005,,Utilities transaction,2026-08-17T04:45:01.430392
279,5,5,DEBIT,1945.29,Airtel,Utilities,Surat,DEVICE_0005,,Utilities transaction,2026-06-19T04:45:01.430392
280,5,5,DEBIT,332.98,Swiggy,Food,Surat,DEVICE_0005,,Food transaction,2026-04-26T04:45:01.430392
281,5,5,DEBIT,2639.94,Ola,Transport,Surat,DEVICE_0005,,Transport transaction,2026-07-30T04:45:01.430392
282,5,5,DEBIT,2536.87,Jio,Utilities,Surat,DEVICE_0005,,Utilities transaction,2026-05-17T04:45:01.430392
283,5,5,DEBIT,1635.25,Electricity Board,Utilities,Surat,DEVICE_0005,,Utilities transaction,2026-07-28T04:45:01.430392
284,5,5,DEBIT,604.46,Airtel,Utilities,Surat,DEVICE_0005,,Utilities transaction,2026-05-18T04:45:01.430392
285,5,5,DEBIT,1080.12,Amazon,Shopping,Surat,DEVICE_0005,,Shopping transaction,2026-09-01T04:45:01.430392
286,5,5,DEBIT,798.27,Airtel,Utilities,Surat,DEVICE_0005,,Utilities transaction,2026-09-02T04:45:01.430392
287,5,5,DEBIT,2999.44,Ola,Transport,Surat,DEVICE_0005,,Transport transaction,2026-05-04T04:45:01.430392
288,5,5,DEBIT,3166.66,BigBasket,Groceries,Surat,DEVICE_0005,,Groceries transaction,2026-04-26T04:45:01.430392
289,5,5,DEBIT,959.76,Reliance Fresh,Groceries,Surat,DEVICE_0005,,Groceries transaction,2026-03-31T04:45:01.430392
290,5,5,DEBIT,1058.13,Zomato,Food,Surat,DEVICE_0005,,Food transaction,2026-08-31T04:45:01.430392
291,5,5,DEBIT,2166.72,Jio,Utilities,Surat,DEVICE_0005,,Utilities transaction,2026-07-05T04:45:01.430392
292,5,5,DEBIT,2597.45,Flipkart,Shopping,Surat,DEVICE_0005,,Shopping transaction,2026-05-24T04:45:01.430392
293,5,5,DEBIT,2429.39,BigBasket,Groceries,Surat,DEVICE_0005,,Groceries transaction,2026-06-06T04:45:01.430392
294,5,5,DEBIT,3120.47,Ola,Transport,Surat,DEVICE_0005,,Transport transaction,2026-05-08T04:45:01.430392
295,5,5,DEBIT,1692.21,Electricity Board,Utilities,Surat,DEVICE_0005,,Utilities transaction,2026-05-03T04:45:01.430392
296,5,5,DEBIT,2602.87,Uber,Transport,Surat,DEVICE_0005,,Transport transaction,2026-05-27T04:45:01.430392
297,5,5,DEBIT,1491.51,Flipkart,Shopping,Surat,DEVICE_0005,,Shopping transaction,2026-07-28T04:45:01.430392
298,5,5,DEBIT,1081.09,Netflix,Entertainment,Surat,DEVICE_0005,,Entertainment transaction,2026-08-17T04:45:01.430392
299,5,5,DEBIT,1183.52,Flipkart,Shopping,Surat,DEVICE_0005,,Shopping transaction,2026-06-29T04:45:01.430392
300,5,5,DEBIT,1537.43,Uber,Transport,Surat,DEVICE_0005,,Transport transaction,2026-05-26T04:45:01.430392
301,5,5,DEBIT,2268.8,Swiggy,Food,Surat,DEVICE_0005,,Food transaction,2026-06-15T04:45:01.430392
302,5,5,DEBIT,327.04,Reliance Fresh,Groceries,Surat,DEVICE_0005,,Groceries transaction,2026-06-14T04:45:01.430392
303,5,5,DEBIT,3193.74,BookMyShow,Entertainment,Surat,DEVICE_0005,,Entertainment transaction,2026-07-04T04:45:01.430392
304,5,5,DEBIT,3139.38,Apollo Pharmacy,Healthcare,Surat,DEVICE_0005,,Healthcare transaction,2026-08-29T04:45:01.430392
305,5,5,DEBIT,2213.07,Flipkart,Shopping,Surat,DEVICE_0005,,Shopping transaction,2026-06-01T04:45:01.430392
306,6,6,CREDIT,37214.03,Employer,Salary,Gandhinagar,DEVICE_0006,,Monthly salary credit,2026-09-01T04:45:01.430392
307,6,6,DEBIT,2424.74,Netflix,Entertainment,Gandhinagar,DEVICE_0006,,Entertainment transaction,2026-03-23T04:45:01.430392
308,6,6,DEBIT,2846.01,Swiggy,Food,Gandhinagar,DEVICE_0006,,Food transaction,2026-08-07T04:45:01.430392
309,6,6,DEBIT,1887.3,Jio,Utilities,Gandhinagar,DEVICE_0006,,Utilities transaction,2026-05-23T04:45:01.430392
310,6,6,DEBIT,550.56,Amazon,Shopping,Gandhinagar,DEVICE_0006,,Shopping transaction,2026-07-14T04:45:01.430392
311,6,6,DEBIT,1991.7,Airtel,Utilities,Gandhinagar,DEVICE_0006,,Utilities transaction,2026-06-12T04:45:01.430392
312,6,6,DEBIT,2836.79,BigBasket,Groceries,Gandhinagar,DEVICE_0006,,Groceries transaction,2026-09-04T04:45:01.430392
313,6,6,DEBIT,626.12,BookMyShow,Entertainment,Gandhinagar,DEVICE_0006,,Entertainment transaction,2026-05-20T04:45:01.430392
314,6,6,DEBIT,1233.13,Ola,Transport,Gandhinagar,DEVICE_0006,,Transport transaction,2026-08-24T04:45:01.430392
315,6,6,DEBIT,582.4,BookMyShow,Entertainment,Gandhinagar,DEVICE_0006,,Entertainment transaction,2026-06-11T04:45:01.430392
316,6,6,DEBIT,1073.09,BigBasket,Groceries,Gandhinagar,DEVICE_0006,,Groceries transaction,2026-07-03T04:45:01.430392
317,6,6,DEBIT,2867.48,Zomato,Food,Gandhinagar,DEVICE_0006,,Food transaction,2026-09-06T04:45:01.430392
318,6,6,DEBIT,716.68,Electricity Board,Utilities,Gandhinagar,DEVICE_0006,,Utilities transaction,2026-05-03T04:45:01.430392
319,6,6,DEBIT,2737.02,BigBasket,Groceries,Gandhinagar,DEVICE_0006,,Groceries transaction,2026-08-13T04:45:01.430392
320,6,6,DEBIT,2352.17,Uber,Transport,Gandhinagar,DEVICE_0006,,Transport transaction,2026-03-16T04:45:01.430392
321,6,6,DEBIT,795.89,Reliance Fresh,Groceries,Gandhinagar,DEVICE_0006,,Groceries transaction,2026-04-09T04:45:01.430392
322,6,6,DEBIT,2127.27,Uber,Transport,Gandhinagar,DEVICE_0006,,Transport transaction,2026-05-10T04:45:01.430392
323,6,6,DEBIT,540.58,Zomato,Food,Gandhinagar,DEVICE_0006,,Food transaction,2026-08-25T04:45:01.430392
324,6,6,DEBIT,679.49,Reliance Fresh,Groceries,Gandhinagar,DEVICE_0006,,Groceries transaction,2026-05-22T04:45:01.430392
325,6,6,DEBIT,2450.89,Flipkart,Shopping,Gandhinagar,DEVICE_0006,,Shopping transaction,2026-06-23T04:45:01.430392
326,6,6,DEBIT,1164.84,Apollo Pharmacy,Healthcare,Gandhinagar,DEVICE_0006,,Healthcare transaction,2026-08-27T04:45:01.430392
327,6,6,DEBIT,1705.68,Netflix,Entertainment,Gandhinagar,DEVICE_0006,,Entertainment transaction,2026-06-28T04:45:01.430392
328,6,6,DEBIT,637.41,Jio,Utilities,Gandhinagar,DEVICE_0006,,Utilities transaction,2026-03-17T04:45:01.430392
329,6,6,DEBIT,683.47,Apollo Pharmacy,Healthcare,Gandhinagar,DEVICE_0006,,Healthcare transaction,2026-06-12T04:45:01.430392
330,6,6,DEBIT,822.75,Netflix,Entertainment,Gandhinagar,DEVICE_0006,,Entertainment transaction,2026-07-23T04:45:01.430392
331,6,6,DEBIT,585.68,Airtel,Utilities,Gandhinagar,DEVICE_0006,,Utilities transaction,2026-05-09T04:45:01.430392
332,6,6,DEBIT,1202.25,Amazon,Shopping,Gandhinagar,DEVICE_0006,,Shopping transaction,2026-04-19T04:45:01.430392
333,6,6,DEBIT,1498.04,Ola,Transport,Gandhinagar,DEVICE_0006,,Transport transaction,2026-04-24T04:45:01.430392
334,6,6,DEBIT,1899.46,Swiggy,Food,Gandhinagar,DEVICE_0006,,Food transaction,2026-08-21T04:45:01.430392
335,6,6,DEBIT,1058.94,Flipkart,Shopping,Gandhinagar,DEVICE_0006,,Shopping transaction,2026-05-13T04:45:01.430392
336,6,6,DEBIT,1340.83,Netflix,Entertainment,Gandhinagar,DEVICE_0006,,Entertainment transaction,2026-05-31T04:45:01.430392
337,6,6,DEBIT,1796.57,Jio,Utilities,Gandhinagar,DEVICE_0006,,Utilities transaction,2026-08-11T04:45:01.430392
338,6,6,DEBIT,1983.85,Ola,Transport,Gandhinagar,DEVICE_0006,,Transport transaction,2026-05-20T04:45:01.430392
339,6,6,DEBIT,2088.75,Reliance Fresh,Groceries,Gandhinagar,DEVICE_0006,,Groceries transaction,2026-06-16T04:45:01.430392
340,6,6,DEBIT,2638.2,Swiggy,Food,Gandhinagar,DEVICE_0006,,Food transaction,2026-04-24T04:45:01.430392
341,6,6,DEBIT,1832.35,Apollo Pharmacy,Healthcare,Gandhinagar,DEVICE_0006,,Healthcare transaction,2026-08-10T04:45:01.430392
342,6,6,DEBIT,1596.51,BigBasket,Groceries,Gandhinagar,DEVICE_0006,,Groceries transaction,2026-08-29T04:45:01.430392
343,6,6,DEBIT,544.81,Jio,Utilities,Gandhinagar,DEVICE_0006,,Utilities transaction,2026-08-04T04:45:01.430392
344,6,6,DEBIT,657.27,Uber,Transport,Gandhinagar,DEVICE_0006,,Transport transaction,2026-06-22T04:45:01.430392
345,6,6,DEBIT,826.16,Electricity Board,Utilities,Gandhinagar,DEVICE_0006,,Utilities transaction,2026-05-03T04:45:01.430392
346,6,6,DEBIT,2549.26,Uber,Transport,Gandhinagar,DEVICE_0006,,Transport transaction,2026-07-10T04:45:01.430392
347,6,6,DEBIT,1963.63,Zomato,Food,Gandhinagar,DEVICE_0006,,Food transaction,2026-04-24T04:45:01.430392
348,6,6,DEBIT,547.61,Uber,Transport,Gandhinagar,DEVICE_0006,,Transport transaction,2026-06-27T04:45:01.430392
349,6,6,DEBIT,1681.53,BookMyShow,Entertainment,Gandhinagar,DEVICE_0006,,Entertainment transaction,2026-05-07T04:45:01.430392
350,6,6,DEBIT,668.32,Apollo Pharmacy,Healthcare,Gandhinagar,DEVICE_0006,,Healthcare transaction,2026-04-17T04:45:01.430392
351,6,6,DEBIT,675.45,Swiggy,Food,Gandhinagar,DEVICE_0006,,Food transaction,2026-04-06T04:45:01.430392
352,6,6,DEBIT,2704.97,Electricity Board,Utilities,Gandhinagar,DEVICE_0006,,Utilities transaction,2026-06-18T04:45:01.430392
353,6,6,DEBIT,2765.87,Jio,Utilities,Gandhinagar,DEVICE_0006,,Utilities transaction,2026-09-02T04:45:01.430392
354,6,6,DEBIT,2598.83,Jio,Utilities,Gandhinagar,DEVICE_0006,,Utilities transaction,2026-08-23T04:45:01.430392
355,6,6,DEBIT,2834.23,Amazon,Shopping,Gandhinagar,DEVICE_0006,,Shopping transaction,2026-04-18T04:45:01.430392
356,6,6,DEBIT,2008.27,Uber,Transport,Gandhinagar,DEVICE_0006,,Transport transaction,2026-04-19T04:45:01.430392
357,6,6,DEBIT,1916.56,BigBasket,Groceries,Gandhinagar,DEVICE_0006,,Groceries transaction,2026-09-05T04:45:01.430392
358,6,6,DEBIT,2668.85,Reliance Fresh,Groceries,Gandhinagar,DEVICE_0006,,Groceries transaction,2026-04-26T04:45:01.430392
359,6,6,DEBIT,1982.66,Uber,Transport,Gandhinagar,DEVICE_0006,,Transport transaction,2026-06-27T04:45:01.430392
360,6,6,DEBIT,880.06,Reliance Fresh,Groceries,Gandhinagar,DEVICE_0006,,Groceries transaction,2026-03-21T04:45:01.430392
361,6,6,DEBIT,1026.01,BigBasket,Groceries,Gandhinagar,DEVICE_0006,,Groceries transaction,2026-08-25T04:45:01.430392
362,6,6,DEBIT,366.39,Electricity Board,Utilities,Gandhinagar,DEVICE_0006,,Utilities transaction,2026-05-23T04:45:01.430392
363,6,6,DEBIT,1544.82,BigBasket,Groceries,Gandhinagar,DEVICE_0006,,Groceries transaction,2026-07-22T04:45:01.430392
364,6,6,DEBIT,1884.77,Ola,Transport,Gandhinagar,DEVICE_0006,,Transport transaction,2026-06-24T04:45:01.430392
365,6,6,DEBIT,2194.98,Jio,Utilities,Gandhinagar,DEVICE_0006,,Utilities transaction,2026-06-16T04:45:01.430392
366,6,6,DEBIT,563.15,BigBasket,Groceries,Gandhinagar,DEVICE_0006,,Groceries transaction,2026-06-10T04:45:01.430392
367,7,7,CREDIT,177709.34,Employer,Salary,Surat,DEVICE_0007,,Monthly salary credit,2026-08-27T04:45:01.430392
368,7,7,DEBIT,1688.35,Netflix,Entertainment,Surat,DEVICE_0007,,Entertainment transaction,2026-07-13T04:45:01.430392
369,7,7,DEBIT,1917.36,Reliance Fresh,Groceries,Surat,DEVICE_0007,,Groceries transaction,2026-05-20T04:45:01.430392
370,7,7,DEBIT,2174.65,Zomato,Food,Surat,DEVICE_0007,,Food transaction,2026-08-31T04:45:01.430392
371,7,7,DEBIT,13451.22,Uber,Transport,Surat,DEVICE_0007,,Transport transaction,2026-04-08T04:45:01.430392
372,7,7,DEBIT,3679.94,BigBasket,Groceries,Surat,DEVICE_0007,,Groceries transaction,2026-08-03T04:45:01.430392
373,7,7,DEBIT,4789.59,Jio,Utilities,Surat,DEVICE_0007,,Utilities transaction,2026-04-18T04:45:01.430392
374,7,7,DEBIT,4583.25,Electricity Board,Utilities,Surat,DEVICE_0007,,Utilities transaction,2026-08-03T04:45:01.430392
375,7,7,DEBIT,14160.25,Reliance Fresh,Groceries,Surat,DEVICE_0007,,Groceries transaction,2026-05-16T04:45:01.430392
376,7,7,DEBIT,12521.78,Reliance Fresh,Groceries,Surat,DEVICE_0007,,Groceries transaction,2026-05-08T04:45:01.430392
377,7,7,DEBIT,1462.2,Amazon,Shopping,Surat,DEVICE_0007,,Shopping transaction,2026-06-04T04:45:01.430392
378,7,7,DEBIT,6608.89,Netflix,Entertainment,Surat,DEVICE_0007,,Entertainment transaction,2026-07-13T04:45:01.430392
379,7,7,DEBIT,8376.59,Zomato,Food,Surat,DEVICE_0007,,Food transaction,2026-08-31T04:45:01.430392
380,7,7,DEBIT,4143.7,Amazon,Shopping,Surat,DEVICE_0007,,Shopping transaction,2026-04-13T04:45:01.430392
381,7,7,DEBIT,9370.6,Jio,Utilities,Surat,DEVICE_0007,,Utilities transaction,2026-05-15T04:45:01.430392
382,7,7,DEBIT,7722.66,Uber,Transport,Surat,DEVICE_0007,,Transport transaction,2026-08-16T04:45:01.430392
383,7,7,DEBIT,2077.33,BigBasket,Groceries,Surat,DEVICE_0007,,Groceries transaction,2026-07-07T04:45:01.430392
384,7,7,DEBIT,5327.01,Electricity Board,Utilities,Surat,DEVICE_0007,,Utilities transaction,2026-06-01T04:45:01.430392
385,7,7,DEBIT,834.15,Ola,Transport,Surat,DEVICE_0007,,Transport transaction,2026-08-30T04:45:01.430392
386,7,7,DEBIT,8074.84,BookMyShow,Entertainment,Surat,DEVICE_0007,,Entertainment transaction,2026-06-12T04:45:01.430392
387,7,7,DEBIT,4245.26,Netflix,Entertainment,Surat,DEVICE_0007,,Entertainment transaction,2026-06-06T04:45:01.430392
388,7,7,DEBIT,6512.5,Netflix,Entertainment,Surat,DEVICE_0007,,Entertainment transaction,2026-04-25T04:45:01.430392
389,7,7,DEBIT,11768.18,Uber,Transport,Surat,DEVICE_0007,,Transport transaction,2026-04-06T04:45:01.430392
390,7,7,DEBIT,8764.84,Apollo Pharmacy,Healthcare,Surat,DEVICE_0007,,Healthcare transaction,2026-08-11T04:45:01.430392
391,7,7,DEBIT,5721.25,Flipkart,Shopping,Surat,DEVICE_0007,,Shopping transaction,2026-06-18T04:45:01.430392
392,7,7,DEBIT,13361.0,Netflix,Entertainment,Surat,DEVICE_0007,,Entertainment transaction,2026-08-07T04:45:01.430392
393,7,7,DEBIT,8644.57,Zomato,Food,Surat,DEVICE_0007,,Food transaction,2026-06-02T04:45:01.430392
394,7,7,DEBIT,764.24,Netflix,Entertainment,Surat,DEVICE_0007,,Entertainment transaction,2026-09-03T04:45:01.430392
395,7,7,DEBIT,10202.24,Swiggy,Food,Surat,DEVICE_0007,,Food transaction,2026-05-14T04:45:01.430392
396,7,7,DEBIT,6605.49,Netflix,Entertainment,Surat,DEVICE_0007,,Entertainment transaction,2026-04-10T04:45:01.430392
397,7,7,DEBIT,2159.27,Netflix,Entertainment,Surat,DEVICE_0007,,Entertainment transaction,2026-04-09T04:45:01.430392
398,7,7,DEBIT,2477.75,Ola,Transport,Surat,DEVICE_0007,,Transport transaction,2026-04-08T04:45:01.430392
399,7,7,DEBIT,12010.54,Electricity Board,Utilities,Surat,DEVICE_0007,,Utilities transaction,2026-04-14T04:45:01.430392
400,7,7,DEBIT,7310.91,Ola,Transport,Surat,DEVICE_0007,,Transport transaction,2026-05-05T04:45:01.430392
401,7,7,DEBIT,7066.06,Netflix,Entertainment,Surat,DEVICE_0007,,Entertainment transaction,2026-04-21T04:45:01.430392
402,7,7,DEBIT,6856.45,Uber,Transport,Surat,DEVICE_0007,,Transport transaction,2026-09-08T04:45:01.430392
403,7,7,DEBIT,4842.9,Ola,Transport,Surat,DEVICE_0007,,Transport transaction,2026-08-15T04:45:01.430392
404,7,7,DEBIT,8381.61,BigBasket,Groceries,Surat,DEVICE_0007,,Groceries transaction,2026-03-20T04:45:01.430392
405,7,7,DEBIT,573.51,Apollo Pharmacy,Healthcare,Surat,DEVICE_0007,,Healthcare transaction,2026-05-14T04:45:01.430392
406,7,7,DEBIT,13755.19,Uber,Transport,Surat,DEVICE_0007,,Transport transaction,2026-04-17T04:45:01.430392
407,7,7,DEBIT,3389.42,BookMyShow,Entertainment,Surat,DEVICE_0007,,Entertainment transaction,2026-08-30T04:45:01.430392
408,7,7,DEBIT,6934.33,BookMyShow,Entertainment,Surat,DEVICE_0007,,Entertainment transaction,2026-05-01T04:45:01.430392
409,7,7,DEBIT,10308.64,Apollo Pharmacy,Healthcare,Surat,DEVICE_0007,,Healthcare transaction,2026-06-07T04:45:01.430392
410,7,7,DEBIT,11717.02,Swiggy,Food,Surat,DEVICE_0007,,Food transaction,2026-07-12T04:45:01.430392
411,7,7,DEBIT,8225.57,Amazon,Shopping,Surat,DEVICE_0007,,Shopping transaction,2026-03-17T04:45:01.430392
412,7,7,DEBIT,2874.18,Flipkart,Shopping,Surat,DEVICE_0007,,Shopping transaction,2026-05-23T04:45:01.430392
413,7,7,DEBIT,6069.94,Ola,Transport,Surat,DEVICE_0007,,Transport transaction,2026-05-30T04:45:01.430392
414,7,7,DEBIT,3057.9,Electricity Board,Utilities,Surat,DEVICE_0007,,Utilities transaction,2026-05-07T04:45:01.430392
415,7,7,DEBIT,8770.93,Airtel,Utilities,Surat,DEVICE_0007,,Utilities transaction,2026-05-15T04:45:01.430392
416,7,7,DEBIT,12091.49,Jio,Utilities,Surat,DEVICE_0007,,Utilities transaction,2026-08-28T04:45:01.430392
417,7,7,DEBIT,2135.47,Electricity Board,Utilities,Surat,DEVICE_0007,,Utilities transaction,2026-07-21T04:45:01.430392
418,7,7,DEBIT,4756.14,Netflix,Entertainment,Surat,DEVICE_0007,,Entertainment transaction,2026-03-27T04:45:01.430392
419,7,7,DEBIT,7565.48,Reliance Fresh,Groceries,Surat,DEVICE_0007,,Groceries transaction,2026-06-24T04:45:01.430392
420,7,7,DEBIT,6642.99,Swiggy,Food,Surat,DEVICE_0007,,Food transaction,2026-04-29T04:45:01.430392
421,7,7,DEBIT,7856.97,Ola,Transport,Surat,DEVICE_0007,,Transport transaction,2026-03-23T04:45:01.430392
422,7,7,DEBIT,12361.69,Airtel,Utilities,Surat,DEVICE_0007,,Utilities transaction,2026-03-22T04:45:01.430392
423,7,7,DEBIT,11464.59,Apollo Pharmacy,Healthcare,Surat,DEVICE_0007,,Healthcare transaction,2026-07-07T04:45:01.430392
424,7,7,DEBIT,6986.63,BookMyShow,Entertainment,Surat,DEVICE_0007,,Entertainment transaction,2026-07-11T04:45:01.430392
425,7,7,DEBIT,8022.56,Uber,Transport,Surat,DEVICE_0007,,Transport transaction,2026-07-17T04:45:01.430392
426,7,7,DEBIT,11009.35,Uber,Transport,Surat,DEVICE_0007,,Transport transaction,2026-03-16T04:45:01.430392
427,7,7,DEBIT,9874.92,Zomato,Food,Surat,DEVICE_0007,,Food transaction,2026-05-10T04:45:01.430392
428,8,8,CREDIT,80066.96,Employer,Salary,Gandhinagar,DEVICE_0008,,Monthly salary credit,2026-09-02T04:45:01.430392
429,8,8,DEBIT,2364.45,Reliance Fresh,Groceries,Gandhinagar,DEVICE_0008,,Groceries transaction,2026-07-04T04:45:01.430392
430,8,8,DEBIT,956.27,Uber,Transport,Gandhinagar,DEVICE_0008,,Transport transaction,2026-03-23T04:45:01.430392
431,8,8,DEBIT,2556.14,Netflix,Entertainment,Gandhinagar,DEVICE_0008,,Entertainment transaction,2026-06-03T04:45:01.430392
432,8,8,DEBIT,2341.68,Jio,Utilities,Gandhinagar,DEVICE_0008,,Utilities transaction,2026-08-06T04:45:01.430392
433,8,8,DEBIT,461.04,Uber,Transport,Gandhinagar,DEVICE_0008,,Transport transaction,2026-08-23T04:45:01.430392
434,8,8,DEBIT,5933.81,Ola,Transport,Gandhinagar,DEVICE_0008,,Transport transaction,2026-03-29T04:45:01.430392
435,8,8,DEBIT,4837.5,Uber,Transport,Gandhinagar,DEVICE_0008,,Transport transaction,2026-07-20T04:45:01.430392
436,8,8,DEBIT,5337.74,Zomato,Food,Gandhinagar,DEVICE_0008,,Food transaction,2026-07-05T04:45:01.430392
437,8,8,DEBIT,4519.99,Netflix,Entertainment,Gandhinagar,DEVICE_0008,,Entertainment transaction,2026-08-08T04:45:01.430392
438,8,8,DEBIT,4020.5,Flipkart,Shopping,Gandhinagar,DEVICE_0008,,Shopping transaction,2026-04-15T04:45:01.430392
439,8,8,DEBIT,1704.54,Zomato,Food,Gandhinagar,DEVICE_0008,,Food transaction,2026-03-25T04:45:01.430392
440,8,8,DEBIT,1600.37,Netflix,Entertainment,Gandhinagar,DEVICE_0008,,Entertainment transaction,2026-07-15T04:45:01.430392
441,8,8,DEBIT,821.76,Amazon,Shopping,Gandhinagar,DEVICE_0008,,Shopping transaction,2026-06-20T04:45:01.430392
442,8,8,DEBIT,3131.43,Electricity Board,Utilities,Gandhinagar,DEVICE_0008,,Utilities transaction,2026-03-22T04:45:01.430392
443,8,8,DEBIT,1053.03,Airtel,Utilities,Gandhinagar,DEVICE_0008,,Utilities transaction,2026-04-25T04:45:01.430392
444,8,8,DEBIT,2725.01,Swiggy,Food,Gandhinagar,DEVICE_0008,,Food transaction,2026-05-14T04:45:01.430392
445,8,8,DEBIT,4236.82,Reliance Fresh,Groceries,Gandhinagar,DEVICE_0008,,Groceries transaction,2026-07-01T04:45:01.430392
446,8,8,DEBIT,1971.1,Ola,Transport,Gandhinagar,DEVICE_0008,,Transport transaction,2026-08-28T04:45:01.430392
447,8,8,DEBIT,755.14,Airtel,Utilities,Gandhinagar,DEVICE_0008,,Utilities transaction,2026-04-19T04:45:01.430392
448,8,8,DEBIT,3520.81,Zomato,Food,Gandhinagar,DEVICE_0008,,Food transaction,2026-09-03T04:45:01.430392
449,8,8,DEBIT,2793.13,Swiggy,Food,Gandhinagar,DEVICE_0008,,Food transaction,2026-07-29T04:45:01.430392
450,8,8,DEBIT,6387.81,Amazon,Shopping,Gandhinagar,DEVICE_0008,,Shopping transaction,2026-06-03T04:45:01.430392
451,8,8,DEBIT,3274.03,Airtel,Utilities,Gandhinagar,DEVICE_0008,,Utilities transaction,2026-06-30T04:45:01.430392
452,8,8,DEBIT,257.51,Amazon,Shopping,Gandhinagar,DEVICE_0008,,Shopping transaction,2026-04-20T04:45:01.430392
453,8,8,DEBIT,865.84,BookMyShow,Entertainment,Gandhinagar,DEVICE_0008,,Entertainment transaction,2026-06-19T04:45:01.430392
454,8,8,DEBIT,3019.4,Uber,Transport,Gandhinagar,DEVICE_0008,,Transport transaction,2026-04-01T04:45:01.430392
455,8,8,DEBIT,3453.58,Netflix,Entertainment,Gandhinagar,DEVICE_0008,,Entertainment transaction,2026-08-09T04:45:01.430392
456,8,8,DEBIT,3328.82,Jio,Utilities,Gandhinagar,DEVICE_0008,,Utilities transaction,2026-07-05T04:45:01.430392
457,8,8,DEBIT,5218.98,Zomato,Food,Gandhinagar,DEVICE_0008,,Food transaction,2026-06-20T04:45:01.430392
458,8,8,DEBIT,4736.86,Swiggy,Food,Gandhinagar,DEVICE_0008,,Food transaction,2026-03-31T04:45:01.430392
459,8,8,DEBIT,4659.16,Uber,Transport,Gandhinagar,DEVICE_0008,,Transport transaction,2026-09-09T04:45:01.430392
460,8,8,DEBIT,2291.9,Electricity Board,Utilities,Gandhinagar,DEVICE_0008,,Utilities transaction,2026-06-29T04:45:01.430392
461,8,8,DEBIT,4384.9,BookMyShow,Entertainment,Gandhinagar,DEVICE_0008,,Entertainment transaction,2026-07-25T04:45:01.430392
462,8,8,DEBIT,3991.19,Swiggy,Food,Gandhinagar,DEVICE_0008,,Food transaction,2026-04-02T04:45:01.430392
463,8,8,DEBIT,5331.77,BigBasket,Groceries,Gandhinagar,DEVICE_0008,,Groceries transaction,2026-05-04T04:45:01.430392
464,8,8,DEBIT,738.24,Ola,Transport,Gandhinagar,DEVICE_0008,,Transport transaction,2026-03-25T04:45:01.430392
465,8,8,DEBIT,1346.63,Flipkart,Shopping,Gandhinagar,DEVICE_0008,,Shopping transaction,2026-08-08T04:45:01.430392
466,8,8,DEBIT,2208.06,Reliance Fresh,Groceries,Gandhinagar,DEVICE_0008,,Groceries transaction,2026-07-11T04:45:01.430392
467,8,8,DEBIT,1818.27,Amazon,Shopping,Gandhinagar,DEVICE_0008,,Shopping transaction,2026-07-14T04:45:01.430392
468,8,8,DEBIT,4877.33,Reliance Fresh,Groceries,Gandhinagar,DEVICE_0008,,Groceries transaction,2026-06-20T04:45:01.430392
469,8,8,DEBIT,3814.38,Uber,Transport,Gandhinagar,DEVICE_0008,,Transport transaction,2026-04-19T04:45:01.430392
470,8,8,DEBIT,1823.03,Amazon,Shopping,Gandhinagar,DEVICE_0008,,Shopping transaction,2026-06-12T04:45:01.430392
471,8,8,DEBIT,1666.34,Electricity Board,Utilities,Gandhinagar,DEVICE_0008,,Utilities transaction,2026-03-26T04:45:01.430392
472,8,8,DEBIT,3087.94,Flipkart,Shopping,Gandhinagar,DEVICE_0008,,Shopping transaction,2026-08-03T04:45:01.430392
473,8,8,DEBIT,4457.33,BigBasket,Groceries,Gandhinagar,DEVICE_0008,,Groceries transaction,2026-03-16T04:45:01.430392
474,8,8,DEBIT,2129.73,Airtel,Utilities,Gandhinagar,DEVICE_0008,,Utilities transaction,2026-08-13T04:45:01.430392
475,8,8,DEBIT,5884.92,Apollo Pharmacy,Healthcare,Gandhinagar,DEVICE_0008,,Healthcare transaction,2026-06-29T04:45:01.430392
476,8,8,DEBIT,4013.97,Ola,Transport,Gandhinagar,DEVICE_0008,,Transport transaction,2026-07-18T04:45:01.430392
477,8,8,DEBIT,3167.29,Swiggy,Food,Gandhinagar,DEVICE_0008,,Food transaction,2026-05-19T04:45:01.430392
478,8,8,DEBIT,6336.09,Electricity Board,Utilities,Gandhinagar,DEVICE_0008,,Utilities transaction,2026-06-09T04:45:01.430392
479,8,8,DEBIT,4555.79,BigBasket,Groceries,Gandhinagar,DEVICE_0008,,Groceries transaction,2026-05-15T04:45:01.430392
480,8,8,DEBIT,3535.49,Airtel,Utilities,Gandhinagar,DEVICE_0008,,Utilities transaction,2026-03-26T04:45:01.430392
481,8,8,DEBIT,1555.32,Jio,Utilities,Gandhinagar,DEVICE_0008,,Utilities transaction,2026-07-11T04:45:01.430392
482,8,8,DEBIT,4883.43,Apollo Pharmacy,Healthcare,Gandhinagar,DEVICE_0008,,Healthcare transaction,2026-08-23T04:45:01.430392
483,8,8,DEBIT,2972.23,Netflix,Entertainment,Gandhinagar,DEVICE_0008,,Entertainment transaction,2026-03-16T04:45:01.430392
484,8,8,DEBIT,684.66,Ola,Transport,Gandhinagar,DEVICE_0008,,Transport transaction,2026-04-21T04:45:01.430392
485,8,8,DEBIT,583.23,Flipkart,Shopping,Gandhinagar,DEVICE_0008,,Shopping transaction,2026-04-25T04:45:01.430392
486,8,8,DEBIT,1454.45,Netflix,Entertainment,Gandhinagar,DEVICE_0008,,Entertainment transaction,2026-04-28T04:45:01.430392
487,8,8,DEBIT,1221.01,Swiggy,Food,Gandhinagar,DEVICE_0008,,Food transaction,2026-05-02T04:45:01.430392
488,8,8,DEBIT,921.31,Reliance Fresh,Groceries,Gandhinagar,DEVICE_0008,,Groceries transaction,2026-07-22T04:45:01.430392
489,9,9,CREDIT,138014.65,Employer,Salary,Vadodara,DEVICE_0009,,Monthly salary credit,2026-08-21T04:45:01.430392
490,9,9,DEBIT,5499.47,BookMyShow,Entertainment,Vadodara,DEVICE_0009,,Entertainment transaction,2026-05-05T04:45:01.430392
491,9,9,DEBIT,8967.17,Reliance Fresh,Groceries,Vadodara,DEVICE_0009,,Groceries transaction,2026-05-19T04:45:01.430392
492,9,9,DEBIT,5764.21,Swiggy,Food,Vadodara,DEVICE_0009,,Food transaction,2026-05-19T04:45:01.430392
493,9,9,DEBIT,825.93,BookMyShow,Entertainment,Vadodara,DEVICE_0009,,Entertainment transaction,2026-05-17T04:45:01.430392
494,9,9,DEBIT,8947.91,Apollo Pharmacy,Healthcare,Vadodara,DEVICE_0009,,Healthcare transaction,2026-09-07T04:45:01.430392
495,9,9,DEBIT,2958.61,BigBasket,Groceries,Vadodara,DEVICE_0009,,Groceries transaction,2026-09-12T04:45:01.430392
496,9,9,DEBIT,2562.31,Electricity Board,Utilities,Vadodara,DEVICE_0009,,Utilities transaction,2026-08-25T04:45:01.430392
497,9,9,DEBIT,4793.38,Amazon,Shopping,Vadodara,DEVICE_0009,,Shopping transaction,2026-03-17T04:45:01.430392
498,9,9,DEBIT,6066.85,Flipkart,Shopping,Vadodara,DEVICE_0009,,Shopping transaction,2026-08-28T04:45:01.430392
499,9,9,DEBIT,10890.88,Flipkart,Shopping,Vadodara,DEVICE_0009,,Shopping transaction,2026-05-15T04:45:01.430392
500,9,9,DEBIT,3312.4,Amazon,Shopping,Vadodara,DEVICE_0009,,Shopping transaction,2026-07-28T04:45:01.430392
501,9,9,DEBIT,1668.21,Airtel,Utilities,Vadodara,DEVICE_0009,,Utilities transaction,2026-04-01T04:45:01.430392
502,9,9,DEBIT,7202.11,Electricity Board,Utilities,Vadodara,DEVICE_0009,,Utilities transaction,2026-05-28T04:45:01.430392
503,9,9,DEBIT,10963.73,Ola,Transport,Vadodara,DEVICE_0009,,Transport transaction,2026-06-07T04:45:01.430392
504,9,9,DEBIT,9627.7,Reliance Fresh,Groceries,Vadodara,DEVICE_0009,,Groceries transaction,2026-06-08T04:45:01.430392
505,9,9,DEBIT,1070.0,BigBasket,Groceries,Vadodara,DEVICE_0009,,Groceries transaction,2026-03-27T04:45:01.430392
506,9,9,DEBIT,6046.65,Jio,Utilities,Vadodara,DEVICE_0009,,Utilities transaction,2026-03-29T04:45:01.430392
507,9,9,DEBIT,3970.23,Jio,Utilities,Vadodara,DEVICE_0009,,Utilities transaction,2026-07-29T04:45:01.430392
508,9,9,DEBIT,4461.22,Netflix,Entertainment,Vadodara,DEVICE_0009,,Entertainment transaction,2026-08-11T04:45:01.430392
509,9,9,DEBIT,10810.52,Electricity Board,Utilities,Vadodara,DEVICE_0009,,Utilities transaction,2026-09-12T04:45:01.430392
510,9,9,DEBIT,446.48,Airtel,Utilities,Vadodara,DEVICE_0009,,Utilities transaction,2026-06-28T04:45:01.430392
511,9,9,DEBIT,7501.53,Reliance Fresh,Groceries,Vadodara,DEVICE_0009,,Groceries transaction,2026-04-26T04:45:01.430392
512,9,9,DEBIT,5966.78,BigBasket,Groceries,Vadodara,DEVICE_0009,,Groceries transaction,2026-07-16T04:45:01.430392
513,9,9,DEBIT,5193.72,Zomato,Food,Vadodara,DEVICE_0009,,Food transaction,2026-08-04T04:45:01.430392
514,9,9,DEBIT,2243.35,Uber,Transport,Vadodara,DEVICE_0009,,Transport transaction,2026-08-15T04:45:01.430392
515,9,9,DEBIT,8975.69,Amazon,Shopping,Vadodara,DEVICE_0009,,Shopping transaction,2026-05-28T04:45:01.430392
516,9,9,DEBIT,8504.92,BookMyShow,Entertainment,Vadodara,DEVICE_0009,,Entertainment transaction,2026-09-08T04:45:01.430392
517,9,9,DEBIT,2434.17,Zomato,Food,Vadodara,DEVICE_0009,,Food transaction,2026-08-18T04:45:01.430392
518,9,9,DEBIT,564.01,BookMyShow,Entertainment,Vadodara,DEVICE_0009,,Entertainment transaction,2026-04-12T04:45:01.430392
519,9,9,DEBIT,7824.45,Apollo Pharmacy,Healthcare,Vadodara,DEVICE_0009,,Healthcare transaction,2026-08-31T04:45:01.430392
520,9,9,DEBIT,8228.33,Zomato,Food,Vadodara,DEVICE_0009,,Food transaction,2026-06-02T04:45:01.430392
521,9,9,DEBIT,2740.51,Reliance Fresh,Groceries,Vadodara,DEVICE_0009,,Groceries transaction,2026-07-19T04:45:01.430392
522,9,9,DEBIT,9563.85,Airtel,Utilities,Vadodara,DEVICE_0009,,Utilities transaction,2026-08-29T04:45:01.430392
523,9,9,DEBIT,5662.82,Swiggy,Food,Vadodara,DEVICE_0009,,Food transaction,2026-06-30T04:45:01.430392
524,9,9,DEBIT,9044.08,Zomato,Food,Vadodara,DEVICE_0009,,Food transaction,2026-04-18T04:45:01.430392
525,9,9,DEBIT,6460.5,Ola,Transport,Vadodara,DEVICE_0009,,Transport transaction,2026-03-24T04:45:01.430392
526,9,9,DEBIT,3676.39,Jio,Utilities,Vadodara,DEVICE_0009,,Utilities transaction,2026-06-27T04:45:01.430392
527,9,9,DEBIT,10886.1,Swiggy,Food,Vadodara,DEVICE_0009,,Food transaction,2026-05-02T04:45:01.430392
528,9,9,DEBIT,4683.48,Zomato,Food,Vadodara,DEVICE_0009,,Food transaction,2026-07-04T04:45:01.430392
529,9,9,DEBIT,6235.48,Amazon,Shopping,Vadodara,DEVICE_0009,,Shopping transaction,2026-04-14T04:45:01.430392
530,9,9,DEBIT,10082.57,Electricity Board,Utilities,Vadodara,DEVICE_0009,,Utilities transaction,2026-04-05T04:45:01.430392
531,9,9,DEBIT,4831.35,Apollo Pharmacy,Healthcare,Vadodara,DEVICE_0009,,Healthcare transaction,2026-05-09T04:45:01.430392
532,9,9,DEBIT,10740.77,Amazon,Shopping,Vadodara,DEVICE_0009,,Shopping transaction,2026-04-01T04:45:01.430392
533,9,9,DEBIT,4332.16,Apollo Pharmacy,Healthcare,Vadodara,DEVICE_0009,,Healthcare transaction,2026-05-01T04:45:01.430392
534,9,9,DEBIT,7748.8,Ola,Transport,Vadodara,DEVICE_0009,,Transport transaction,2026-05-31T04:45:01.430392
535,9,9,DEBIT,3451.14,Swiggy,Food,Vadodara,DEVICE_0009,,Food transaction,2026-07-27T04:45:01.430392
536,9,9,DEBIT,6031.77,Airtel,Utilities,Vadodara,DEVICE_0009,,Utilities transaction,2026-07-13T04:45:01.430392
537,9,9,DEBIT,2643.0,Jio,Utilities,Vadodara,DEVICE_0009,,Utilities transaction,2026-08-07T04:45:01.430392
538,9,9,DEBIT,5219.74,Airtel,Utilities,Vadodara,DEVICE_0009,,Utilities transaction,2026-08-29T04:45:01.430392
539,9,9,DEBIT,4673.91,Netflix,Entertainment,Vadodara,DEVICE_0009,,Entertainment transaction,2026-05-29T04:45:01.430392
540,9,9,DEBIT,5945.73,Netflix,Entertainment,Vadodara,DEVICE_0009,,Entertainment transaction,2026-06-05T04:45:01.430392
541,9,9,DEBIT,2964.45,Zomato,Food,Vadodara,DEVICE_0009,,Food transaction,2026-06-20T04:45:01.430392
542,9,9,DEBIT,1057.22,Apollo Pharmacy,Healthcare,Vadodara,DEVICE_0009,,Healthcare transaction,2026-05-20T04:45:01.430392
543,9,9,DEBIT,4222.91,Jio,Utilities,Vadodara,DEVICE_0009,,Utilities transaction,2026-04-28T04:45:01.430392
544,9,9,DEBIT,9191.74,Electricity Board,Utilities,Vadodara,DEVICE_0009,,Utilities transaction,2026-08-30T04:45:01.430392
545,9,9,DEBIT,4288.94,Uber,Transport,Vadodara,DEVICE_0009,,Transport transaction,2026-04-11T04:45:01.430392
546,9,9,DEBIT,628.74,BookMyShow,Entertainment,Vadodara,DEVICE_0009,,Entertainment transaction,2026-08-25T04:45:01.430392
547,9,9,DEBIT,8923.36,Zomato,Food,Vadodara,DEVICE_0009,,Food transaction,2026-04-15T04:45:01.430392
548,9,9,DEBIT,7479.31,Electricity Board,Utilities,Vadodara,DEVICE_0009,,Utilities transaction,2026-07-19T04:45:01.430392
549,9,9,DEBIT,2464.6,Reliance Fresh,Groceries,Vadodara,DEVICE_0009,,Groceries transaction,2026-06-19T04:45:01.430392
550,10,10,CREDIT,60502.45,Employer,Salary,Gandhinagar,DEVICE_0010,,Monthly salary credit,2026-09-03T04:45:01.430392
551,10,10,DEBIT,1182.83,Amazon,Shopping,Gandhinagar,DEVICE_0010,,Shopping transaction,2026-07-26T04:45:01.430392
552,10,10,DEBIT,744.37,Electricity Board,Utilities,Gandhinagar,DEVICE_0010,,Utilities transaction,2026-05-13T04:45:01.430392
553,10,10,DEBIT,3427.84,Zomato,Food,Gandhinagar,DEVICE_0010,,Food transaction,2026-03-16T04:45:01.430392
554,10,10,DEBIT,2040.45,Zomato,Food,Gandhinagar,DEVICE_0010,,Food transaction,2026-07-13T04:45:01.430392
555,10,10,DEBIT,1692.36,Netflix,Entertainment,Gandhinagar,DEVICE_0010,,Entertainment transaction,2026-07-02T04:45:01.430392
556,10,10,DEBIT,2363.49,BigBasket,Groceries,Gandhinagar,DEVICE_0010,,Groceries transaction,2026-03-30T04:45:01.430392
557,10,10,DEBIT,1631.14,Ola,Transport,Gandhinagar,DEVICE_0010,,Transport transaction,2026-06-12T04:45:01.430392
558,10,10,DEBIT,4296.42,Netflix,Entertainment,Gandhinagar,DEVICE_0010,,Entertainment transaction,2026-05-16T04:45:01.430392
559,10,10,DEBIT,3925.23,Flipkart,Shopping,Gandhinagar,DEVICE_0010,,Shopping transaction,2026-05-15T04:45:01.430392
560,10,10,DEBIT,4096.52,Airtel,Utilities,Gandhinagar,DEVICE_0010,,Utilities transaction,2026-07-22T04:45:01.430392
561,10,10,DEBIT,1652.02,Ola,Transport,Gandhinagar,DEVICE_0010,,Transport transaction,2026-09-01T04:45:01.430392
562,10,10,DEBIT,4209.52,BookMyShow,Entertainment,Gandhinagar,DEVICE_0010,,Entertainment transaction,2026-08-06T04:45:01.430392
563,10,10,DEBIT,1410.04,Amazon,Shopping,Gandhinagar,DEVICE_0010,,Shopping transaction,2026-04-16T04:45:01.430392
564,10,10,DEBIT,3541.0,BookMyShow,Entertainment,Gandhinagar,DEVICE_0010,,Entertainment transaction,2026-06-29T04:45:01.430392
565,10,10,DEBIT,1110.37,Swiggy,Food,Gandhinagar,DEVICE_0010,,Food transaction,2026-07-16T04:45:01.430392
566,10,10,DEBIT,2843.94,BigBasket,Groceries,Gandhinagar,DEVICE_0010,,Groceries transaction,2026-07-12T04:45:01.430392
567,10,10,DEBIT,2755.09,Reliance Fresh,Groceries,Gandhinagar,DEVICE_0010,,Groceries transaction,2026-03-21T04:45:01.430392
568,10,10,DEBIT,1394.05,Ola,Transport,Gandhinagar,DEVICE_0010,,Transport transaction,2026-05-10T04:45:01.430392
569,10,10,DEBIT,3177.59,Electricity Board,Utilities,Gandhinagar,DEVICE_0010,,Utilities transaction,2026-05-10T04:45:01.430392
570,10,10,DEBIT,980.64,Reliance Fresh,Groceries,Gandhinagar,DEVICE_0010,,Groceries transaction,2026-06-14T04:45:01.430392
571,10,10,DEBIT,849.44,Swiggy,Food,Gandhinagar,DEVICE_0010,,Food transaction,2026-04-26T04:45:01.430392
572,10,10,DEBIT,1054.02,Reliance Fresh,Groceries,Gandhinagar,DEVICE_0010,,Groceries transaction,2026-04-27T04:45:01.430392
573,10,10,DEBIT,4641.77,Apollo Pharmacy,Healthcare,Gandhinagar,DEVICE_0010,,Healthcare transaction,2026-05-01T04:45:01.430392
574,10,10,DEBIT,4093.44,Amazon,Shopping,Gandhinagar,DEVICE_0010,,Shopping transaction,2026-08-24T04:45:01.430392
575,10,10,DEBIT,3300.65,Jio,Utilities,Gandhinagar,DEVICE_0010,,Utilities transaction,2026-09-11T04:45:01.430392
576,10,10,DEBIT,837.99,BigBasket,Groceries,Gandhinagar,DEVICE_0010,,Groceries transaction,2026-04-04T04:45:01.430392
577,10,10,DEBIT,515.38,Zomato,Food,Gandhinagar,DEVICE_0010,,Food transaction,2026-08-05T04:45:01.430392
578,10,10,DEBIT,1214.9,Amazon,Shopping,Gandhinagar,DEVICE_0010,,Shopping transaction,2026-05-19T04:45:01.430392
579,10,10,DEBIT,480.5,Ola,Transport,Gandhinagar,DEVICE_0010,,Transport transaction,2026-04-02T04:45:01.430392
580,10,10,DEBIT,4533.5,Apollo Pharmacy,Healthcare,Gandhinagar,DEVICE_0010,,Healthcare transaction,2026-05-12T04:45:01.430392
581,10,10,DEBIT,2463.74,Apollo Pharmacy,Healthcare,Gandhinagar,DEVICE_0010,,Healthcare transaction,2026-09-11T04:45:01.430392
582,10,10,DEBIT,2759.73,Netflix,Entertainment,Gandhinagar,DEVICE_0010,,Entertainment transaction,2026-09-09T04:45:01.430392
583,10,10,DEBIT,2656.6,Amazon,Shopping,Gandhinagar,DEVICE_0010,,Shopping transaction,2026-07-04T04:45:01.430392
584,10,10,DEBIT,4735.7,Netflix,Entertainment,Gandhinagar,DEVICE_0010,,Entertainment transaction,2026-09-08T04:45:01.430392
585,10,10,DEBIT,3973.21,Netflix,Entertainment,Gandhinagar,DEVICE_0010,,Entertainment transaction,2026-03-24T04:45:01.430392
586,10,10,DEBIT,3940.78,BigBasket,Groceries,Gandhinagar,DEVICE_0010,,Groceries transaction,2026-07-29T04:45:01.430392
587,10,10,DEBIT,4459.93,Flipkart,Shopping,Gandhinagar,DEVICE_0010,,Shopping transaction,2026-05-01T04:45:01.430392
588,10,10,DEBIT,1318.14,Swiggy,Food,Gandhinagar,DEVICE_0010,,Food transaction,2026-04-07T04:45:01.430392
589,10,10,DEBIT,1371.27,Netflix,Entertainment,Gandhinagar,DEVICE_0010,,Entertainment transaction,2026-06-14T04:45:01.430392
590,10,10,DEBIT,3888.66,Uber,Transport,Gandhinagar,DEVICE_0010,,Transport transaction,2026-08-23T04:45:01.430392
591,10,10,DEBIT,4651.33,Ola,Transport,Gandhinagar,DEVICE_0010,,Transport transaction,2026-05-18T04:45:01.430392
592,10,10,DEBIT,1328.53,BookMyShow,Entertainment,Gandhinagar,DEVICE_0010,,Entertainment transaction,2026-03-18T04:45:01.430392
593,10,10,DEBIT,1591.94,Zomato,Food,Gandhinagar,DEVICE_0010,,Food transaction,2026-08-23T04:45:01.430392
594,10,10,DEBIT,4801.57,Apollo Pharmacy,Healthcare,Gandhinagar,DEVICE_0010,,Healthcare transaction,2026-03-30T04:45:01.430392
595,10,10,DEBIT,347.02,Airtel,Utilities,Gandhinagar,DEVICE_0010,,Utilities transaction,2026-06-01T04:45:01.430392
596,10,10,DEBIT,1950.14,BigBasket,Groceries,Gandhinagar,DEVICE_0010,,Groceries transaction,2026-05-14T04:45:01.430392
597,10,10,DEBIT,3154.64,Amazon,Shopping,Gandhinagar,DEVICE_0010,,Shopping transaction,2026-03-17T04:45:01.430392
598,10,10,DEBIT,583.68,Swiggy,Food,Gandhinagar,DEVICE_0010,,Food transaction,2026-05-24T04:45:01.430392
599,10,10,DEBIT,3839.66,Apollo Pharmacy,Healthcare,Gandhinagar,DEVICE_0010,,Healthcare transaction,2026-04-21T04:45:01.430392
600,10,10,DEBIT,4718.81,Jio,Utilities,Gandhinagar,DEVICE_0010,,Utilities transaction,2026-04-30T04:45:01.430392
601,10,10,DEBIT,1266.16,Amazon,Shopping,Gandhinagar,DEVICE_0010,,Shopping transaction,2026-03-19T04:45:01.430392
602,10,10,DEBIT,2406.41,BookMyShow,Entertainment,Gandhinagar,DEVICE_0010,,Entertainment transaction,2026-09-01T04:45:01.430392
603,10,10,DEBIT,3375.88,Flipkart,Shopping,Gandhinagar,DEVICE_0010,,Shopping transaction,2026-07-03T04:45:01.430392
604,10,10,DEBIT,2814.8,Netflix,Entertainment,Gandhinagar,DEVICE_0010,,Entertainment transaction,2026-09-04T04:45:01.430392
605,10,10,DEBIT,4509.66,Swiggy,Food,Gandhinagar,DEVICE_0010,,Food transaction,2026-06-24T04:45:01.430392
606,10,10,DEBIT,4661.41,Amazon,Shopping,Gandhinagar,DEVICE_0010,,Shopping transaction,2026-04-15T04:45:01.430392
607,10,10,DEBIT,3690.61,Swiggy,Food,Gandhinagar,DEVICE_0010,,Food transaction,2026-06-03T04:45:01.430392
608,10,10,DEBIT,1588.7,Flipkart,Shopping,Gandhinagar,DEVICE_0010,,Shopping transaction,2026-04-21T04:45:01.430392
609,10,10,DEBIT,2829.58,Zomato,Food,Gandhinagar,DEVICE_0010,,Food transaction,2026-06-05T04:45:01.430392
610,10,10,DEBIT,4360.06,Apollo Pharmacy,Healthcare,Gandhinagar,DEVICE_0010,,Healthcare transaction,2026-06-20T04:45:01.430392
611,11,11,CREDIT,57957.11,Employer,Salary,Mumbai,DEVICE_0011,,Monthly salary credit,2026-08-31T04:45:01.430392
612,11,11,DEBIT,3481.93,Airtel,Utilities,Mumbai,DEVICE_0011,,Utilities transaction,2026-03-20T04:45:01.430392
613,11,11,DEBIT,547.95,Electricity Board,Utilities,Mumbai,DEVICE_0011,,Utilities transaction,2026-06-16T04:45:01.430392
614,11,11,DEBIT,633.39,Amazon,Shopping,Mumbai,DEVICE_0011,,Shopping transaction,2026-07-15T04:45:01.430392
615,11,11,DEBIT,537.26,Jio,Utilities,Mumbai,DEVICE_0011,,Utilities transaction,2026-04-11T04:45:01.430392
616,11,11,DEBIT,2923.46,Airtel,Utilities,Mumbai,DEVICE_0011,,Utilities transaction,2026-04-13T04:45:01.430392
617,11,11,DEBIT,4498.68,BigBasket,Groceries,Mumbai,DEVICE_0011,,Groceries transaction,2026-06-21T04:45:01.430392
618,11,11,DEBIT,3013.33,Amazon,Shopping,Mumbai,DEVICE_0011,,Shopping transaction,2026-05-20T04:45:01.430392
619,11,11,DEBIT,1212.15,Reliance Fresh,Groceries,Mumbai,DEVICE_0011,,Groceries transaction,2026-04-24T04:45:01.430392
620,11,11,DEBIT,2115.92,BigBasket,Groceries,Mumbai,DEVICE_0011,,Groceries transaction,2026-03-22T04:45:01.430392
621,11,11,DEBIT,3131.12,BookMyShow,Entertainment,Mumbai,DEVICE_0011,,Entertainment transaction,2026-08-22T04:45:01.430392
622,11,11,DEBIT,2944.53,Airtel,Utilities,Mumbai,DEVICE_0011,,Utilities transaction,2026-07-11T04:45:01.430392
623,11,11,DEBIT,526.12,Electricity Board,Utilities,Mumbai,DEVICE_0011,,Utilities transaction,2026-07-06T04:45:01.430392
624,11,11,DEBIT,1885.9,Swiggy,Food,Mumbai,DEVICE_0011,,Food transaction,2026-04-03T04:45:01.430392
625,11,11,DEBIT,3481.53,Swiggy,Food,Mumbai,DEVICE_0011,,Food transaction,2026-06-23T04:45:01.430392
626,11,11,DEBIT,672.72,Ola,Transport,Mumbai,DEVICE_0011,,Transport transaction,2026-09-11T04:45:01.430392
627,11,11,DEBIT,2173.1,Uber,Transport,Mumbai,DEVICE_0011,,Transport transaction,2026-07-05T04:45:01.430392
628,11,11,DEBIT,787.88,Flipkart,Shopping,Mumbai,DEVICE_0011,,Shopping transaction,2026-07-27T04:45:01.430392
629,11,11,DEBIT,2191.33,BigBasket,Groceries,Mumbai,DEVICE_0011,,Groceries transaction,2026-04-23T04:45:01.430392
630,11,11,DEBIT,2010.32,Netflix,Entertainment,Mumbai,DEVICE_0011,,Entertainment transaction,2026-09-06T04:45:01.430392
631,11,11,DEBIT,1770.17,Flipkart,Shopping,Mumbai,DEVICE_0011,,Shopping transaction,2026-08-20T04:45:01.430392
632,11,11,DEBIT,2853.26,BookMyShow,Entertainment,Mumbai,DEVICE_0011,,Entertainment transaction,2026-06-21T04:45:01.430392
633,11,11,DEBIT,1909.13,Jio,Utilities,Mumbai,DEVICE_0011,,Utilities transaction,2026-06-30T04:45:01.430392
634,11,11,DEBIT,1920.5,BigBasket,Groceries,Mumbai,DEVICE_0011,,Groceries transaction,2026-08-22T04:45:01.430392
635,11,11,DEBIT,4197.95,Electricity Board,Utilities,Mumbai,DEVICE_0011,,Utilities transaction,2026-07-12T04:45:01.430392
636,11,11,DEBIT,2511.92,BookMyShow,Entertainment,Mumbai,DEVICE_0011,,Entertainment transaction,2026-03-21T04:45:01.430392
637,11,11,DEBIT,952.01,BigBasket,Groceries,Mumbai,DEVICE_0011,,Groceries transaction,2026-07-06T04:45:01.430392
638,11,11,DEBIT,1390.81,Uber,Transport,Mumbai,DEVICE_0011,,Transport transaction,2026-08-06T04:45:01.430392
639,11,11,DEBIT,941.83,Flipkart,Shopping,Mumbai,DEVICE_0011,,Shopping transaction,2026-07-04T04:45:01.430392
640,11,11,DEBIT,1529.87,BigBasket,Groceries,Mumbai,DEVICE_0011,,Groceries transaction,2026-08-24T04:45:01.430392
641,11,11,DEBIT,1316.68,Ola,Transport,Mumbai,DEVICE_0011,,Transport transaction,2026-07-11T04:45:01.430392
642,11,11,DEBIT,2973.0,Electricity Board,Utilities,Mumbai,DEVICE_0011,,Utilities transaction,2026-04-13T04:45:01.430392
643,11,11,DEBIT,1067.56,BookMyShow,Entertainment,Mumbai,DEVICE_0011,,Entertainment transaction,2026-08-16T04:45:01.430392
644,11,11,DEBIT,1551.64,Swiggy,Food,Mumbai,DEVICE_0011,,Food transaction,2026-06-03T04:45:01.430392
645,11,11,DEBIT,3933.88,Ola,Transport,Mumbai,DEVICE_0011,,Transport transaction,2026-06-07T04:45:01.430392
646,11,11,DEBIT,4025.2,Airtel,Utilities,Mumbai,DEVICE_0011,,Utilities transaction,2026-05-23T04:45:01.430392
647,11,11,DEBIT,2110.46,Ola,Transport,Mumbai,DEVICE_0011,,Transport transaction,2026-03-30T04:45:01.430392
648,11,11,DEBIT,803.93,BookMyShow,Entertainment,Mumbai,DEVICE_0011,,Entertainment transaction,2026-06-22T04:45:01.430392
649,11,11,DEBIT,4402.67,BookMyShow,Entertainment,Mumbai,DEVICE_0011,,Entertainment transaction,2026-07-23T04:45:01.430392
650,11,11,DEBIT,1593.9,Reliance Fresh,Groceries,Mumbai,DEVICE_0011,,Groceries transaction,2026-06-03T04:45:01.430392
651,11,11,DEBIT,1493.03,Ola,Transport,Mumbai,DEVICE_0011,,Transport transaction,2026-03-19T04:45:01.430392
652,11,11,DEBIT,2378.39,Apollo Pharmacy,Healthcare,Mumbai,DEVICE_0011,,Healthcare transaction,2026-04-18T04:45:01.430392
653,11,11,DEBIT,1275.53,Airtel,Utilities,Mumbai,DEVICE_0011,,Utilities transaction,2026-06-08T04:45:01.430392
654,11,11,DEBIT,3822.43,Uber,Transport,Mumbai,DEVICE_0011,,Transport transaction,2026-06-04T04:45:01.430392
655,11,11,DEBIT,705.27,Ola,Transport,Mumbai,DEVICE_0011,,Transport transaction,2026-04-21T04:45:01.430392
656,11,11,DEBIT,2827.46,Zomato,Food,Mumbai,DEVICE_0011,,Food transaction,2026-04-26T04:45:01.430392
657,11,11,DEBIT,3224.46,Swiggy,Food,Mumbai,DEVICE_0011,,Food transaction,2026-04-25T04:45:01.430392
658,11,11,DEBIT,4428.07,Amazon,Shopping,Mumbai,DEVICE_0011,,Shopping transaction,2026-05-17T04:45:01.430392
659,11,11,DEBIT,1130.12,Electricity Board,Utilities,Mumbai,DEVICE_0011,,Utilities transaction,2026-06-30T04:45:01.430392
660,11,11,DEBIT,3273.81,Jio,Utilities,Mumbai,DEVICE_0011,,Utilities transaction,2026-05-31T04:45:01.430392
661,11,11,DEBIT,2415.19,Apollo Pharmacy,Healthcare,Mumbai,DEVICE_0011,,Healthcare transaction,2026-04-03T04:45:01.430392
662,11,11,DEBIT,1273.74,Uber,Transport,Mumbai,DEVICE_0011,,Transport transaction,2026-03-28T04:45:01.430392
663,11,11,DEBIT,3373.2,Swiggy,Food,Mumbai,DEVICE_0011,,Food transaction,2026-06-08T04:45:01.430392
664,11,11,DEBIT,2192.32,Flipkart,Shopping,Mumbai,DEVICE_0011,,Shopping transaction,2026-04-12T04:45:01.430392
665,11,11,DEBIT,2783.17,Reliance Fresh,Groceries,Mumbai,DEVICE_0011,,Groceries transaction,2026-04-29T04:45:01.430392
666,11,11,DEBIT,4297.15,Netflix,Entertainment,Mumbai,DEVICE_0011,,Entertainment transaction,2026-03-19T04:45:01.430392
667,11,11,DEBIT,2611.92,BigBasket,Groceries,Mumbai,DEVICE_0011,,Groceries transaction,2026-06-12T04:45:01.430392
668,11,11,DEBIT,4172.95,Electricity Board,Utilities,Mumbai,DEVICE_0011,,Utilities transaction,2026-04-28T04:45:01.430392
669,11,11,DEBIT,3031.33,BookMyShow,Entertainment,Mumbai,DEVICE_0011,,Entertainment transaction,2026-08-22T04:45:01.430392
670,11,11,DEBIT,3611.52,Flipkart,Shopping,Mumbai,DEVICE_0011,,Shopping transaction,2026-03-28T04:45:01.430392
671,11,11,DEBIT,1775.02,Apollo Pharmacy,Healthcare,Mumbai,DEVICE_0011,,Healthcare transaction,2026-03-31T04:45:01.430392
672,12,12,CREDIT,140473.29,Employer,Salary,Jaipur,DEVICE_0012,,Monthly salary credit,2026-08-24T04:45:01.430392
673,12,12,DEBIT,6416.75,Amazon,Shopping,Jaipur,DEVICE_0012,,Shopping transaction,2026-03-31T04:45:01.430392
674,12,12,DEBIT,7338.67,Apollo Pharmacy,Healthcare,Jaipur,DEVICE_0012,,Healthcare transaction,2026-06-20T04:45:01.430392
675,12,12,DEBIT,4951.31,Airtel,Utilities,Jaipur,DEVICE_0012,,Utilities transaction,2026-09-10T04:45:01.430392
676,12,12,DEBIT,3055.92,Flipkart,Shopping,Jaipur,DEVICE_0012,,Shopping transaction,2026-05-05T04:45:01.430392
677,12,12,DEBIT,5926.42,Electricity Board,Utilities,Jaipur,DEVICE_0012,,Utilities transaction,2026-04-17T04:45:01.430392
678,12,12,DEBIT,6549.37,Electricity Board,Utilities,Jaipur,DEVICE_0012,,Utilities transaction,2026-05-21T04:45:01.430392
679,12,12,DEBIT,4517.29,Ola,Transport,Jaipur,DEVICE_0012,,Transport transaction,2026-03-23T04:45:01.430392
680,12,12,DEBIT,7820.95,BookMyShow,Entertainment,Jaipur,DEVICE_0012,,Entertainment transaction,2026-08-05T04:45:01.430392
681,12,12,DEBIT,11212.51,Ola,Transport,Jaipur,DEVICE_0012,,Transport transaction,2026-05-12T04:45:01.430392
682,12,12,DEBIT,3460.94,Flipkart,Shopping,Jaipur,DEVICE_0012,,Shopping transaction,2026-08-22T04:45:01.430392
683,12,12,DEBIT,9375.97,Flipkart,Shopping,Jaipur,DEVICE_0012,,Shopping transaction,2026-08-07T04:45:01.430392
684,12,12,DEBIT,3642.6,Ola,Transport,Jaipur,DEVICE_0012,,Transport transaction,2026-05-19T04:45:01.430392
685,12,12,DEBIT,2483.37,Airtel,Utilities,Jaipur,DEVICE_0012,,Utilities transaction,2026-05-12T04:45:01.430392
686,12,12,DEBIT,5455.82,Ola,Transport,Jaipur,DEVICE_0012,,Transport transaction,2026-05-23T04:45:01.430392
687,12,12,DEBIT,7890.78,Electricity Board,Utilities,Jaipur,DEVICE_0012,,Utilities transaction,2026-06-23T04:45:01.430392
688,12,12,DEBIT,3514.27,Flipkart,Shopping,Jaipur,DEVICE_0012,,Shopping transaction,2026-08-14T04:45:01.430392
689,12,12,DEBIT,9573.13,Amazon,Shopping,Jaipur,DEVICE_0012,,Shopping transaction,2026-03-31T04:45:01.430392
690,12,12,DEBIT,7674.17,Flipkart,Shopping,Jaipur,DEVICE_0012,,Shopping transaction,2026-08-01T04:45:01.430392
691,12,12,DEBIT,2892.28,Electricity Board,Utilities,Jaipur,DEVICE_0012,,Utilities transaction,2026-07-30T04:45:01.430392
692,12,12,DEBIT,1967.56,Netflix,Entertainment,Jaipur,DEVICE_0012,,Entertainment transaction,2026-04-22T04:45:01.430392
693,12,12,DEBIT,10779.38,BigBasket,Groceries,Jaipur,DEVICE_0012,,Groceries transaction,2026-07-15T04:45:01.430392
694,12,12,DEBIT,4670.86,Airtel,Utilities,Jaipur,DEVICE_0012,,Utilities transaction,2026-07-27T04:45:01.430392
695,12,12,DEBIT,7269.52,Swiggy,Food,Jaipur,DEVICE_0012,,Food transaction,2026-05-25T04:45:01.430392
696,12,12,DEBIT,522.22,BigBasket,Groceries,Jaipur,DEVICE_0012,,Groceries transaction,2026-04-08T04:45:01.430392
697,12,12,DEBIT,5162.35,Zomato,Food,Jaipur,DEVICE_0012,,Food transaction,2026-05-26T04:45:01.430392
698,12,12,DEBIT,249.12,BigBasket,Groceries,Jaipur,DEVICE_0012,,Groceries transaction,2026-07-20T04:45:01.430392
699,12,12,DEBIT,3272.33,Zomato,Food,Jaipur,DEVICE_0012,,Food transaction,2026-03-16T04:45:01.430392
700,12,12,DEBIT,8986.23,Airtel,Utilities,Jaipur,DEVICE_0012,,Utilities transaction,2026-04-18T04:45:01.430392
701,12,12,DEBIT,9024.8,Flipkart,Shopping,Jaipur,DEVICE_0012,,Shopping transaction,2026-04-28T04:45:01.430392
702,12,12,DEBIT,4237.57,Swiggy,Food,Jaipur,DEVICE_0012,,Food transaction,2026-07-24T04:45:01.430392
703,12,12,DEBIT,1457.82,Reliance Fresh,Groceries,Jaipur,DEVICE_0012,,Groceries transaction,2026-03-25T04:45:01.430392
704,12,12,DEBIT,5602.86,Jio,Utilities,Jaipur,DEVICE_0012,,Utilities transaction,2026-04-02T04:45:01.430392
705,12,12,DEBIT,6789.28,Ola,Transport,Jaipur,DEVICE_0012,,Transport transaction,2026-04-09T04:45:01.430392
706,12,12,DEBIT,6679.28,BigBasket,Groceries,Jaipur,DEVICE_0012,,Groceries transaction,2026-06-15T04:45:01.430392
707,12,12,DEBIT,9532.71,Ola,Transport,Jaipur,DEVICE_0012,,Transport transaction,2026-04-07T04:45:01.430392
708,12,12,DEBIT,9181.93,Swiggy,Food,Jaipur,DEVICE_0012,,Food transaction,2026-03-16T04:45:01.430392
709,12,12,DEBIT,3483.16,Airtel,Utilities,Jaipur,DEVICE_0012,,Utilities transaction,2026-04-08T04:45:01.430392
710,12,12,DEBIT,1135.48,BookMyShow,Entertainment,Jaipur,DEVICE_0012,,Entertainment transaction,2026-08-09T04:45:01.430392
711,12,12,DEBIT,1500.94,Ola,Transport,Jaipur,DEVICE_0012,,Transport transaction,2026-06-26T04:45:01.430392
712,12,12,DEBIT,2220.42,Flipkart,Shopping,Jaipur,DEVICE_0012,,Shopping transaction,2026-03-19T04:45:01.430392
713,12,12,DEBIT,5838.42,Swiggy,Food,Jaipur,DEVICE_0012,,Food transaction,2026-05-28T04:45:01.430392
714,12,12,DEBIT,1721.76,BookMyShow,Entertainment,Jaipur,DEVICE_0012,,Entertainment transaction,2026-06-06T04:45:01.430392
715,12,12,DEBIT,2250.32,BigBasket,Groceries,Jaipur,DEVICE_0012,,Groceries transaction,2026-04-03T04:45:01.430392
716,12,12,DEBIT,7854.02,Netflix,Entertainment,Jaipur,DEVICE_0012,,Entertainment transaction,2026-03-31T04:45:01.430392
717,12,12,DEBIT,6325.05,Swiggy,Food,Jaipur,DEVICE_0012,,Food transaction,2026-05-10T04:45:01.430392
718,12,12,DEBIT,1748.57,Uber,Transport,Jaipur,DEVICE_0012,,Transport transaction,2026-06-24T04:45:01.430392
719,12,12,DEBIT,5178.09,Jio,Utilities,Jaipur,DEVICE_0012,,Utilities transaction,2026-08-30T04:45:01.430392
720,12,12,DEBIT,4163.03,Jio,Utilities,Jaipur,DEVICE_0012,,Utilities transaction,2026-09-10T04:45:01.430392
721,12,12,DEBIT,1707.05,Reliance Fresh,Groceries,Jaipur,DEVICE_0012,,Groceries transaction,2026-06-06T04:45:01.430392
722,12,12,DEBIT,5778.96,Netflix,Entertainment,Jaipur,DEVICE_0012,,Entertainment transaction,2026-05-09T04:45:01.430392
723,12,12,DEBIT,7757.59,BigBasket,Groceries,Jaipur,DEVICE_0012,,Groceries transaction,2026-05-29T04:45:01.430392
724,12,12,DEBIT,9470.61,Electricity Board,Utilities,Jaipur,DEVICE_0012,,Utilities transaction,2026-05-10T04:45:01.430392
725,12,12,DEBIT,1112.51,Swiggy,Food,Jaipur,DEVICE_0012,,Food transaction,2026-09-05T04:45:01.430392
726,12,12,DEBIT,8600.44,Airtel,Utilities,Jaipur,DEVICE_0012,,Utilities transaction,2026-06-30T04:45:01.430392
727,12,12,DEBIT,3233.79,Amazon,Shopping,Jaipur,DEVICE_0012,,Shopping transaction,2026-04-28T04:45:01.430392
728,12,12,DEBIT,2056.67,Uber,Transport,Jaipur,DEVICE_0012,,Transport transaction,2026-05-18T04:45:01.430392
729,12,12,DEBIT,8395.81,BookMyShow,Entertainment,Jaipur,DEVICE_0012,,Entertainment transaction,2026-05-09T04:45:01.430392
730,12,12,DEBIT,5838.21,Netflix,Entertainment,Jaipur,DEVICE_0012,,Entertainment transaction,2026-04-19T04:45:01.430392
731,12,12,DEBIT,3156.92,Flipkart,Shopping,Jaipur,DEVICE_0012,,Shopping transaction,2026-04-26T04:45:01.430392
732,12,12,DEBIT,11137.35,Jio,Utilities,Jaipur,DEVICE_0012,,Utilities transaction,2026-04-27T04:45:01.430392
733,13,13,CREDIT,58994.72,Employer,Salary,Ahmedabad,DEVICE_0013,,Monthly salary credit,2026-08-19T04:45:01.430392
734,13,13,DEBIT,3634.9,Amazon,Shopping,Ahmedabad,DEVICE_0013,,Shopping transaction,2026-05-23T04:45:01.430392
735,13,13,DEBIT,1187.72,Netflix,Entertainment,Ahmedabad,DEVICE_0013,,Entertainment transaction,2026-05-27T04:45:01.430392
736,13,13,DEBIT,3526.36,Flipkart,Shopping,Ahmedabad,DEVICE_0013,,Shopping transaction,2026-03-29T04:45:01.430392
737,13,13,DEBIT,1318.74,Airtel,Utilities,Ahmedabad,DEVICE_0013,,Utilities transaction,2026-09-04T04:45:01.430392
738,13,13,DEBIT,1387.81,Reliance Fresh,Groceries,Ahmedabad,DEVICE_0013,,Groceries transaction,2026-08-21T04:45:01.430392
739,13,13,DEBIT,4110.75,Reliance Fresh,Groceries,Ahmedabad,DEVICE_0013,,Groceries transaction,2026-08-13T04:45:01.430392
740,13,13,DEBIT,3869.39,Airtel,Utilities,Ahmedabad,DEVICE_0013,,Utilities transaction,2026-07-21T04:45:01.430392
741,13,13,DEBIT,3533.7,Airtel,Utilities,Ahmedabad,DEVICE_0013,,Utilities transaction,2026-03-20T04:45:01.430392
742,13,13,DEBIT,4091.58,Ola,Transport,Ahmedabad,DEVICE_0013,,Transport transaction,2026-04-09T04:45:01.430392
743,13,13,DEBIT,2135.13,Apollo Pharmacy,Healthcare,Ahmedabad,DEVICE_0013,,Healthcare transaction,2026-04-08T04:45:01.430392
744,13,13,DEBIT,3747.19,Swiggy,Food,Ahmedabad,DEVICE_0013,,Food transaction,2026-07-22T04:45:01.430392
745,13,13,DEBIT,468.27,Airtel,Utilities,Ahmedabad,DEVICE_0013,,Utilities transaction,2026-06-15T04:45:01.430392
746,13,13,DEBIT,1470.39,Netflix,Entertainment,Ahmedabad,DEVICE_0013,,Entertainment transaction,2026-04-28T04:45:01.430392
747,13,13,DEBIT,1662.78,Swiggy,Food,Ahmedabad,DEVICE_0013,,Food transaction,2026-03-16T04:45:01.430392
748,13,13,DEBIT,1507.66,Uber,Transport,Ahmedabad,DEVICE_0013,,Transport transaction,2026-07-06T04:45:01.430392
749,13,13,DEBIT,2524.94,Jio,Utilities,Ahmedabad,DEVICE_0013,,Utilities transaction,2026-03-23T04:45:01.430392
750,13,13,DEBIT,630.38,Jio,Utilities,Ahmedabad,DEVICE_0013,,Utilities transaction,2026-05-30T04:45:01.430392
751,13,13,DEBIT,4685.62,Amazon,Shopping,Ahmedabad,DEVICE_0013,,Shopping transaction,2026-03-29T04:45:01.430392
752,13,13,DEBIT,3370.15,Swiggy,Food,Ahmedabad,DEVICE_0013,,Food transaction,2026-08-10T04:45:01.430392
753,13,13,DEBIT,860.96,Zomato,Food,Ahmedabad,DEVICE_0013,,Food transaction,2026-06-22T04:45:01.430392
754,13,13,DEBIT,1318.84,Jio,Utilities,Ahmedabad,DEVICE_0013,,Utilities transaction,2026-03-23T04:45:01.430392
755,13,13,DEBIT,2412.15,BigBasket,Groceries,Ahmedabad,DEVICE_0013,,Groceries transaction,2026-04-18T04:45:01.430392
756,13,13,DEBIT,1414.49,Apollo Pharmacy,Healthcare,Ahmedabad,DEVICE_0013,,Healthcare transaction,2026-05-29T04:45:01.430392
757,13,13,DEBIT,2242.81,BigBasket,Groceries,Ahmedabad,DEVICE_0013,,Groceries transaction,2026-04-03T04:45:01.430392
758,13,13,DEBIT,4177.79,Airtel,Utilities,Ahmedabad,DEVICE_0013,,Utilities transaction,2026-08-20T04:45:01.430392
759,13,13,DEBIT,2530.36,BigBasket,Groceries,Ahmedabad,DEVICE_0013,,Groceries transaction,2026-07-03T04:45:01.430392
760,13,13,DEBIT,4431.84,Electricity Board,Utilities,Ahmedabad,DEVICE_0013,,Utilities transaction,2026-06-10T04:45:01.430392
761,13,13,DEBIT,4494.75,Reliance Fresh,Groceries,Ahmedabad,DEVICE_0013,,Groceries transaction,2026-06-21T04:45:01.430392
762,13,13,DEBIT,211.18,BookMyShow,Entertainment,Ahmedabad,DEVICE_0013,,Entertainment transaction,2026-08-20T04:45:01.430392
763,13,13,DEBIT,4593.71,Electricity Board,Utilities,Ahmedabad,DEVICE_0013,,Utilities transaction,2026-04-03T04:45:01.430392
764,13,13,DEBIT,3351.45,Apollo Pharmacy,Healthcare,Ahmedabad,DEVICE_0013,,Healthcare transaction,2026-08-27T04:45:01.430392
765,13,13,DEBIT,2615.37,Airtel,Utilities,Ahmedabad,DEVICE_0013,,Utilities transaction,2026-07-19T04:45:01.430392
766,13,13,DEBIT,3927.96,BigBasket,Groceries,Ahmedabad,DEVICE_0013,,Groceries transaction,2026-05-09T04:45:01.430392
767,13,13,DEBIT,1659.21,Uber,Transport,Ahmedabad,DEVICE_0013,,Transport transaction,2026-07-02T04:45:01.430392
768,13,13,DEBIT,2673.61,Ola,Transport,Ahmedabad,DEVICE_0013,,Transport transaction,2026-08-10T04:45:01.430392
769,13,13,DEBIT,4052.59,BookMyShow,Entertainment,Ahmedabad,DEVICE_0013,,Entertainment transaction,2026-06-17T04:45:01.430392
770,13,13,DEBIT,3645.07,Apollo Pharmacy,Healthcare,Ahmedabad,DEVICE_0013,,Healthcare transaction,2026-09-01T04:45:01.430392
771,13,13,DEBIT,3030.07,Flipkart,Shopping,Ahmedabad,DEVICE_0013,,Shopping transaction,2026-05-18T04:45:01.430392
772,13,13,DEBIT,761.5,Amazon,Shopping,Ahmedabad,DEVICE_0013,,Shopping transaction,2026-08-03T04:45:01.430392
773,13,13,DEBIT,2263.27,Reliance Fresh,Groceries,Ahmedabad,DEVICE_0013,,Groceries transaction,2026-05-26T04:45:01.430392
774,13,13,DEBIT,4700.12,Zomato,Food,Ahmedabad,DEVICE_0013,,Food transaction,2026-08-10T04:45:01.430392
775,13,13,DEBIT,1564.3,Apollo Pharmacy,Healthcare,Ahmedabad,DEVICE_0013,,Healthcare transaction,2026-07-04T04:45:01.430392
776,13,13,DEBIT,3158.46,Flipkart,Shopping,Ahmedabad,DEVICE_0013,,Shopping transaction,2026-07-10T04:45:01.430392
777,13,13,DEBIT,1880.58,Flipkart,Shopping,Ahmedabad,DEVICE_0013,,Shopping transaction,2026-03-30T04:45:01.430392
778,13,13,DEBIT,434.06,Swiggy,Food,Ahmedabad,DEVICE_0013,,Food transaction,2026-04-05T04:45:01.430392
779,13,13,DEBIT,3481.16,Uber,Transport,Ahmedabad,DEVICE_0013,,Transport transaction,2026-07-15T04:45:01.430392
780,13,13,DEBIT,3162.52,BigBasket,Groceries,Ahmedabad,DEVICE_0013,,Groceries transaction,2026-03-16T04:45:01.430392
781,13,13,DEBIT,204.91,Flipkart,Shopping,Ahmedabad,DEVICE_0013,,Shopping transaction,2026-05-13T04:45:01.430392
782,13,13,DEBIT,799.75,Flipkart,Shopping,Ahmedabad,DEVICE_0013,,Shopping transaction,2026-07-17T04:45:01.430392
783,13,13,DEBIT,3273.23,Netflix,Entertainment,Ahmedabad,DEVICE_0013,,Entertainment transaction,2026-09-10T04:45:01.430392
784,13,13,DEBIT,3343.81,Amazon,Shopping,Ahmedabad,DEVICE_0013,,Shopping transaction,2026-08-13T04:45:01.430392
785,13,13,DEBIT,2108.68,Jio,Utilities,Ahmedabad,DEVICE_0013,,Utilities transaction,2026-08-10T04:45:01.430392
786,13,13,DEBIT,520.11,Reliance Fresh,Groceries,Ahmedabad,DEVICE_0013,,Groceries transaction,2026-06-06T04:45:01.430392
787,13,13,DEBIT,3502.74,Flipkart,Shopping,Ahmedabad,DEVICE_0013,,Shopping transaction,2026-08-17T04:45:01.430392
788,13,13,DEBIT,1616.22,Flipkart,Shopping,Ahmedabad,DEVICE_0013,,Shopping transaction,2026-06-28T04:45:01.430392
789,13,13,DEBIT,1929.74,Swiggy,Food,Ahmedabad,DEVICE_0013,,Food transaction,2026-08-09T04:45:01.430392
790,13,13,DEBIT,4687.67,Apollo Pharmacy,Healthcare,Ahmedabad,DEVICE_0013,,Healthcare transaction,2026-08-07T04:45:01.430392
791,13,13,DEBIT,2597.67,Flipkart,Shopping,Ahmedabad,DEVICE_0013,,Shopping transaction,2026-09-10T04:45:01.430392
792,13,13,DEBIT,3137.82,BookMyShow,Entertainment,Ahmedabad,DEVICE_0013,,Entertainment transaction,2026-05-23T04:45:01.430392
793,13,13,DEBIT,3465.09,Ola,Transport,Ahmedabad,DEVICE_0013,,Transport transaction,2026-04-05T04:45:01.430392
794,14,14,CREDIT,147772.3,Employer,Salary,Hyderabad,DEVICE_0014,,Monthly salary credit,2026-08-20T04:45:01.430392
795,14,14,DEBIT,10890.81,Swiggy,Food,Hyderabad,DEVICE_0014,,Food transaction,2026-04-08T04:45:01.430392
796,14,14,DEBIT,5341.29,Apollo Pharmacy,Healthcare,Hyderabad,DEVICE_0014,,Healthcare transaction,2026-07-19T04:45:01.430392
797,14,14,DEBIT,10620.01,Flipkart,Shopping,Hyderabad,DEVICE_0014,,Shopping transaction,2026-08-08T04:45:01.430392
798,14,14,DEBIT,1631.31,Airtel,Utilities,Hyderabad,DEVICE_0014,,Utilities transaction,2026-06-06T04:45:01.430392
799,14,14,DEBIT,11394.67,Ola,Transport,Hyderabad,DEVICE_0014,,Transport transaction,2026-06-24T04:45:01.430392
800,14,14,DEBIT,1825.08,Airtel,Utilities,Hyderabad,DEVICE_0014,,Utilities transaction,2026-07-04T04:45:01.430392
801,14,14,DEBIT,1179.12,Apollo Pharmacy,Healthcare,Hyderabad,DEVICE_0014,,Healthcare transaction,2026-04-24T04:45:01.430392
802,14,14,DEBIT,7173.16,BookMyShow,Entertainment,Hyderabad,DEVICE_0014,,Entertainment transaction,2026-04-10T04:45:01.430392
803,14,14,DEBIT,9253.02,Uber,Transport,Hyderabad,DEVICE_0014,,Transport transaction,2026-03-20T04:45:01.430392
804,14,14,DEBIT,10054.02,Amazon,Shopping,Hyderabad,DEVICE_0014,,Shopping transaction,2026-03-28T04:45:01.430392
805,14,14,DEBIT,2587.65,Uber,Transport,Hyderabad,DEVICE_0014,,Transport transaction,2026-04-10T04:45:01.430392
806,14,14,DEBIT,2392.41,Netflix,Entertainment,Hyderabad,DEVICE_0014,,Entertainment transaction,2026-06-04T04:45:01.430392
807,14,14,DEBIT,7709.65,Uber,Transport,Hyderabad,DEVICE_0014,,Transport transaction,2026-07-13T04:45:01.430392
808,14,14,DEBIT,4684.68,Reliance Fresh,Groceries,Hyderabad,DEVICE_0014,,Groceries transaction,2026-07-13T04:45:01.430392
809,14,14,DEBIT,7615.66,Reliance Fresh,Groceries,Hyderabad,DEVICE_0014,,Groceries transaction,2026-08-25T04:45:01.430392
810,14,14,DEBIT,10528.56,Netflix,Entertainment,Hyderabad,DEVICE_0014,,Entertainment transaction,2026-09-09T04:45:01.430392
811,14,14,DEBIT,11053.87,Ola,Transport,Hyderabad,DEVICE_0014,,Transport transaction,2026-08-10T04:45:01.430392
812,14,14,DEBIT,10204.19,BigBasket,Groceries,Hyderabad,DEVICE_0014,,Groceries transaction,2026-04-20T04:45:01.430392
813,14,14,DEBIT,4446.74,BigBasket,Groceries,Hyderabad,DEVICE_0014,,Groceries transaction,2026-03-22T04:45:01.430392
814,14,14,DEBIT,9064.24,Swiggy,Food,Hyderabad,DEVICE_0014,,Food transaction,2026-08-25T04:45:01.430392
815,14,14,DEBIT,7026.21,Amazon,Shopping,Hyderabad,DEVICE_0014,,Shopping transaction,2026-09-09T04:45:01.430392
816,14,14,DEBIT,2707.32,Uber,Transport,Hyderabad,DEVICE_0014,,Transport transaction,2026-08-28T04:45:01.430392
817,14,14,DEBIT,4825.18,Airtel,Utilities,Hyderabad,DEVICE_0014,,Utilities transaction,2026-07-01T04:45:01.430392
818,14,14,DEBIT,8482.02,Apollo Pharmacy,Healthcare,Hyderabad,DEVICE_0014,,Healthcare transaction,2026-05-29T04:45:01.430392
819,14,14,DEBIT,8356.29,BigBasket,Groceries,Hyderabad,DEVICE_0014,,Groceries transaction,2026-08-22T04:45:01.430392
820,14,14,DEBIT,6435.84,Apollo Pharmacy,Healthcare,Hyderabad,DEVICE_0014,,Healthcare transaction,2026-04-08T04:45:01.430392
821,14,14,DEBIT,3424.67,Swiggy,Food,Hyderabad,DEVICE_0014,,Food transaction,2026-06-25T04:45:01.430392
822,14,14,DEBIT,6142.27,Flipkart,Shopping,Hyderabad,DEVICE_0014,,Shopping transaction,2026-07-22T04:45:01.430392
823,14,14,DEBIT,2005.76,Airtel,Utilities,Hyderabad,DEVICE_0014,,Utilities transaction,2026-06-21T04:45:01.430392
824,14,14,DEBIT,7015.45,BigBasket,Groceries,Hyderabad,DEVICE_0014,,Groceries transaction,2026-03-30T04:45:01.430392
825,14,14,DEBIT,7674.6,Apollo Pharmacy,Healthcare,Hyderabad,DEVICE_0014,,Healthcare transaction,2026-06-25T04:45:01.430392
826,14,14,DEBIT,5284.37,Electricity Board,Utilities,Hyderabad,DEVICE_0014,,Utilities transaction,2026-07-13T04:45:01.430392
827,14,14,DEBIT,3041.29,Amazon,Shopping,Hyderabad,DEVICE_0014,,Shopping transaction,2026-05-24T04:45:01.430392
828,14,14,DEBIT,5468.99,Flipkart,Shopping,Hyderabad,DEVICE_0014,,Shopping transaction,2026-04-10T04:45:01.430392
829,14,14,DEBIT,3794.5,Amazon,Shopping,Hyderabad,DEVICE_0014,,Shopping transaction,2026-03-28T04:45:01.430392
830,14,14,DEBIT,2241.32,Electricity Board,Utilities,Hyderabad,DEVICE_0014,,Utilities transaction,2026-09-09T04:45:01.430392
831,14,14,DEBIT,1794.65,Electricity Board,Utilities,Hyderabad,DEVICE_0014,,Utilities transaction,2026-09-10T04:45:01.430392
832,14,14,DEBIT,5969.2,Swiggy,Food,Hyderabad,DEVICE_0014,,Food transaction,2026-06-16T04:45:01.430392
833,14,14,DEBIT,6211.05,Netflix,Entertainment,Hyderabad,DEVICE_0014,,Entertainment transaction,2026-07-08T04:45:01.430392
834,14,14,DEBIT,4521.79,Swiggy,Food,Hyderabad,DEVICE_0014,,Food transaction,2026-07-06T04:45:01.430392
835,14,14,DEBIT,10501.72,Electricity Board,Utilities,Hyderabad,DEVICE_0014,,Utilities transaction,2026-09-05T04:45:01.430392
836,14,14,DEBIT,9580.03,Ola,Transport,Hyderabad,DEVICE_0014,,Transport transaction,2026-07-05T04:45:01.430392
837,14,14,DEBIT,942.31,Netflix,Entertainment,Hyderabad,DEVICE_0014,,Entertainment transaction,2026-04-18T04:45:01.430392
838,14,14,DEBIT,1095.69,Apollo Pharmacy,Healthcare,Hyderabad,DEVICE_0014,,Healthcare transaction,2026-05-19T04:45:01.430392
839,14,14,DEBIT,4385.28,Netflix,Entertainment,Hyderabad,DEVICE_0014,,Entertainment transaction,2026-05-08T04:45:01.430392
840,14,14,DEBIT,6788.23,Jio,Utilities,Hyderabad,DEVICE_0014,,Utilities transaction,2026-06-10T04:45:01.430392
841,14,14,DEBIT,3164.9,Swiggy,Food,Hyderabad,DEVICE_0014,,Food transaction,2026-08-17T04:45:01.430392
842,14,14,DEBIT,8034.48,BookMyShow,Entertainment,Hyderabad,DEVICE_0014,,Entertainment transaction,2026-08-14T04:45:01.430392
843,14,14,DEBIT,8809.18,Zomato,Food,Hyderabad,DEVICE_0014,,Food transaction,2026-09-12T04:45:01.430392
844,14,14,DEBIT,10179.5,Amazon,Shopping,Hyderabad,DEVICE_0014,,Shopping transaction,2026-09-09T04:45:01.430392
845,14,14,DEBIT,734.39,Zomato,Food,Hyderabad,DEVICE_0014,,Food transaction,2026-06-11T04:45:01.430392
846,14,14,DEBIT,10894.67,BigBasket,Groceries,Hyderabad,DEVICE_0014,,Groceries transaction,2026-07-29T04:45:01.430392
847,14,14,DEBIT,610.99,Jio,Utilities,Hyderabad,DEVICE_0014,,Utilities transaction,2026-03-29T04:45:01.430392
848,14,14,DEBIT,2809.27,BigBasket,Groceries,Hyderabad,DEVICE_0014,,Groceries transaction,2026-07-11T04:45:01.430392
849,14,14,DEBIT,10843.87,BigBasket,Groceries,Hyderabad,DEVICE_0014,,Groceries transaction,2026-06-23T04:45:01.430392
850,14,14,DEBIT,9799.56,Uber,Transport,Hyderabad,DEVICE_0014,,Transport transaction,2026-04-19T04:45:01.430392
851,14,14,DEBIT,1587.65,Ola,Transport,Hyderabad,DEVICE_0014,,Transport transaction,2026-03-24T04:45:01.430392
852,14,14,DEBIT,2284.3,Amazon,Shopping,Hyderabad,DEVICE_0014,,Shopping transaction,2026-05-03T04:45:01.430392
853,14,14,DEBIT,11288.1,Amazon,Shopping,Hyderabad,DEVICE_0014,,Shopping transaction,2026-08-26T04:45:01.430392
854,14,14,DEBIT,10264.84,Reliance Fresh,Groceries,Hyderabad,DEVICE_0014,,Groceries transaction,2026-06-25T04:45:01.430392
855,15,15,CREDIT,175517.15,Employer,Salary,Bengaluru,DEVICE_0015,,Monthly salary credit,2026-09-02T04:45:01.430392
856,15,15,DEBIT,7855.54,Flipkart,Shopping,Bengaluru,DEVICE_0015,,Shopping transaction,2026-09-10T04:45:01.430392
857,15,15,DEBIT,2977.56,Ola,Transport,Bengaluru,DEVICE_0015,,Transport transaction,2026-04-21T04:45:01.430392
858,15,15,DEBIT,4406.52,Airtel,Utilities,Bengaluru,DEVICE_0015,,Utilities transaction,2026-04-06T04:45:01.430392
859,15,15,DEBIT,6621.38,Zomato,Food,Bengaluru,DEVICE_0015,,Food transaction,2026-04-14T04:45:01.430392
860,15,15,DEBIT,14010.74,Reliance Fresh,Groceries,Bengaluru,DEVICE_0015,,Groceries transaction,2026-07-24T04:45:01.430392
861,15,15,DEBIT,12663.37,Electricity Board,Utilities,Bengaluru,DEVICE_0015,,Utilities transaction,2026-07-12T04:45:01.430392
862,15,15,DEBIT,288.28,Swiggy,Food,Bengaluru,DEVICE_0015,,Food transaction,2026-05-31T04:45:01.430392
863,15,15,DEBIT,3425.01,Amazon,Shopping,Bengaluru,DEVICE_0015,,Shopping transaction,2026-06-16T04:45:01.430392
864,15,15,DEBIT,11820.86,Apollo Pharmacy,Healthcare,Bengaluru,DEVICE_0015,,Healthcare transaction,2026-09-10T04:45:01.430392
865,15,15,DEBIT,220.24,Ola,Transport,Bengaluru,DEVICE_0015,,Transport transaction,2026-03-28T04:45:01.430392
866,15,15,DEBIT,11951.41,BigBasket,Groceries,Bengaluru,DEVICE_0015,,Groceries transaction,2026-06-26T04:45:01.430392
867,15,15,DEBIT,3040.17,Flipkart,Shopping,Bengaluru,DEVICE_0015,,Shopping transaction,2026-07-14T04:45:01.430392
868,15,15,DEBIT,7010.35,BigBasket,Groceries,Bengaluru,DEVICE_0015,,Groceries transaction,2026-08-28T04:45:01.430392
869,15,15,DEBIT,10050.25,Swiggy,Food,Bengaluru,DEVICE_0015,,Food transaction,2026-08-20T04:45:01.430392
870,15,15,DEBIT,12951.7,Amazon,Shopping,Bengaluru,DEVICE_0015,,Shopping transaction,2026-05-02T04:45:01.430392
871,15,15,DEBIT,9900.68,BigBasket,Groceries,Bengaluru,DEVICE_0015,,Groceries transaction,2026-06-09T04:45:01.430392
872,15,15,DEBIT,13689.18,Reliance Fresh,Groceries,Bengaluru,DEVICE_0015,,Groceries transaction,2026-08-22T04:45:01.430392
873,15,15,DEBIT,1522.92,BookMyShow,Entertainment,Bengaluru,DEVICE_0015,,Entertainment transaction,2026-08-09T04:45:01.430392
874,15,15,DEBIT,11549.41,Apollo Pharmacy,Healthcare,Bengaluru,DEVICE_0015,,Healthcare transaction,2026-08-24T04:45:01.430392
875,15,15,DEBIT,8059.42,BookMyShow,Entertainment,Bengaluru,DEVICE_0015,,Entertainment transaction,2026-05-24T04:45:01.430392
876,15,15,DEBIT,13546.1,Apollo Pharmacy,Healthcare,Bengaluru,DEVICE_0015,,Healthcare transaction,2026-07-14T04:45:01.430392
877,15,15,DEBIT,3812.47,Uber,Transport,Bengaluru,DEVICE_0015,,Transport transaction,2026-06-24T04:45:01.430392
878,15,15,DEBIT,5639.0,Airtel,Utilities,Bengaluru,DEVICE_0015,,Utilities transaction,2026-06-21T04:45:01.430392
879,15,15,DEBIT,6466.79,Ola,Transport,Bengaluru,DEVICE_0015,,Transport transaction,2026-07-15T04:45:01.430392
880,15,15,DEBIT,13260.09,Flipkart,Shopping,Bengaluru,DEVICE_0015,,Shopping transaction,2026-08-09T04:45:01.430392
881,15,15,DEBIT,10859.89,Airtel,Utilities,Bengaluru,DEVICE_0015,,Utilities transaction,2026-08-16T04:45:01.430392
882,15,15,DEBIT,1662.45,Swiggy,Food,Bengaluru,DEVICE_0015,,Food transaction,2026-05-20T04:45:01.430392
883,15,15,DEBIT,4546.65,Reliance Fresh,Groceries,Bengaluru,DEVICE_0015,,Groceries transaction,2026-08-13T04:45:01.430392
884,15,15,DEBIT,5159.19,Netflix,Entertainment,Bengaluru,DEVICE_0015,,Entertainment transaction,2026-07-21T04:45:01.430392
885,15,15,DEBIT,4467.4,Reliance Fresh,Groceries,Bengaluru,DEVICE_0015,,Groceries transaction,2026-07-07T04:45:01.430392
886,15,15,DEBIT,1859.77,Jio,Utilities,Bengaluru,DEVICE_0015,,Utilities transaction,2026-08-03T04:45:01.430392
887,15,15,DEBIT,9695.94,Airtel,Utilities,Bengaluru,DEVICE_0015,,Utilities transaction,2026-03-16T04:45:01.430392
888,15,15,DEBIT,8550.53,Electricity Board,Utilities,Bengaluru,DEVICE_0015,,Utilities transaction,2026-07-19T04:45:01.430392
889,15,15,DEBIT,12056.15,Jio,Utilities,Bengaluru,DEVICE_0015,,Utilities transaction,2026-08-06T04:45:01.430392
890,15,15,DEBIT,10043.39,Flipkart,Shopping,Bengaluru,DEVICE_0015,,Shopping transaction,2026-06-13T04:45:01.430392
891,15,15,DEBIT,7306.99,BigBasket,Groceries,Bengaluru,DEVICE_0015,,Groceries transaction,2026-03-23T04:45:01.430392
892,15,15,DEBIT,3801.07,Uber,Transport,Bengaluru,DEVICE_0015,,Transport transaction,2026-07-30T04:45:01.430392
893,15,15,DEBIT,13378.32,Amazon,Shopping,Bengaluru,DEVICE_0015,,Shopping transaction,2026-05-20T04:45:01.430392
894,15,15,DEBIT,10554.43,Netflix,Entertainment,Bengaluru,DEVICE_0015,,Entertainment transaction,2026-07-11T04:45:01.430392
895,15,15,DEBIT,6595.31,Flipkart,Shopping,Bengaluru,DEVICE_0015,,Shopping transaction,2026-08-08T04:45:01.430392
896,15,15,DEBIT,365.5,Flipkart,Shopping,Bengaluru,DEVICE_0015,,Shopping transaction,2026-07-18T04:45:01.430392
897,15,15,DEBIT,2942.43,Swiggy,Food,Bengaluru,DEVICE_0015,,Food transaction,2026-06-02T04:45:01.430392
898,15,15,DEBIT,9699.13,Ola,Transport,Bengaluru,DEVICE_0015,,Transport transaction,2026-03-31T04:45:01.430392
899,15,15,DEBIT,8260.16,Flipkart,Shopping,Bengaluru,DEVICE_0015,,Shopping transaction,2026-07-08T04:45:01.430392
900,15,15,DEBIT,1237.93,Jio,Utilities,Bengaluru,DEVICE_0015,,Utilities transaction,2026-08-27T04:45:01.430392
901,15,15,DEBIT,12691.78,Zomato,Food,Bengaluru,DEVICE_0015,,Food transaction,2026-05-22T04:45:01.430392
902,15,15,DEBIT,1982.65,Airtel,Utilities,Bengaluru,DEVICE_0015,,Utilities transaction,2026-06-20T04:45:01.430392
903,15,15,DEBIT,790.98,Flipkart,Shopping,Bengaluru,DEVICE_0015,,Shopping transaction,2026-05-17T04:45:01.430392
904,15,15,DEBIT,2525.2,Amazon,Shopping,Bengaluru,DEVICE_0015,,Shopping transaction,2026-04-19T04:45:01.430392
905,15,15,DEBIT,11573.25,BigBasket,Groceries,Bengaluru,DEVICE_0015,,Groceries transaction,2026-06-03T04:45:01.430392
906,15,15,DEBIT,608.08,Reliance Fresh,Groceries,Bengaluru,DEVICE_0015,,Groceries transaction,2026-03-22T04:45:01.430392
907,15,15,DEBIT,2591.89,BigBasket,Groceries,Bengaluru,DEVICE_0015,,Groceries transaction,2026-07-20T04:45:01.430392
908,15,15,DEBIT,4006.12,Swiggy,Food,Bengaluru,DEVICE_0015,,Food transaction,2026-05-21T04:45:01.430392
909,15,15,DEBIT,679.6,Swiggy,Food,Bengaluru,DEVICE_0015,,Food transaction,2026-04-07T04:45:01.430392
910,15,15,DEBIT,3602.0,BookMyShow,Entertainment,Bengaluru,DEVICE_0015,,Entertainment transaction,2026-06-29T04:45:01.430392
911,15,15,DEBIT,5902.54,Reliance Fresh,Groceries,Bengaluru,DEVICE_0015,,Groceries transaction,2026-04-25T04:45:01.430392
912,15,15,DEBIT,1044.03,Reliance Fresh,Groceries,Bengaluru,DEVICE_0015,,Groceries transaction,2026-07-03T04:45:01.430392
913,15,15,DEBIT,2099.53,BigBasket,Groceries,Bengaluru,DEVICE_0015,,Groceries transaction,2026-07-23T04:45:01.430392
914,15,15,DEBIT,12444.8,Apollo Pharmacy,Healthcare,Bengaluru,DEVICE_0015,,Healthcare transaction,2026-05-01T04:45:01.430392
915,15,15,DEBIT,8930.51,Zomato,Food,Bengaluru,DEVICE_0015,,Food transaction,2026-04-26T04:45:01.430392
916,16,16,CREDIT,92388.61,Employer,Salary,Bengaluru,DEVICE_0016,,Monthly salary credit,2026-08-18T04:45:01.430392
917,16,16,DEBIT,7314.89,Amazon,Shopping,Bengaluru,DEVICE_0016,,Shopping transaction,2026-06-13T04:45:01.430392
918,16,16,DEBIT,4115.68,Reliance Fresh,Groceries,Bengaluru,DEVICE_0016,,Groceries transaction,2026-05-11T04:45:01.430392
919,16,16,DEBIT,6763.14,Ola,Transport,Bengaluru,DEVICE_0016,,Transport transaction,2026-05-07T04:45:01.430392
920,16,16,DEBIT,2992.88,Ola,Transport,Bengaluru,DEVICE_0016,,Transport transaction,2026-07-28T04:45:01.430392
921,16,16,DEBIT,2493.08,Amazon,Shopping,Bengaluru,DEVICE_0016,,Shopping transaction,2026-07-18T04:45:01.430392
922,16,16,DEBIT,6641.52,Amazon,Shopping,Bengaluru,DEVICE_0016,,Shopping transaction,2026-07-03T04:45:01.430392
923,16,16,DEBIT,6015.1,Amazon,Shopping,Bengaluru,DEVICE_0016,,Shopping transaction,2026-05-15T04:45:01.430392
924,16,16,DEBIT,2770.33,Netflix,Entertainment,Bengaluru,DEVICE_0016,,Entertainment transaction,2026-04-16T04:45:01.430392
925,16,16,DEBIT,7203.98,Zomato,Food,Bengaluru,DEVICE_0016,,Food transaction,2026-08-18T04:45:01.430392
926,16,16,DEBIT,4923.57,Zomato,Food,Bengaluru,DEVICE_0016,,Food transaction,2026-07-06T04:45:01.430392
927,16,16,DEBIT,6069.98,Netflix,Entertainment,Bengaluru,DEVICE_0016,,Entertainment transaction,2026-08-29T04:45:01.430392
928,16,16,DEBIT,7365.14,Airtel,Utilities,Bengaluru,DEVICE_0016,,Utilities transaction,2026-07-18T04:45:01.430392
929,16,16,DEBIT,6287.29,BookMyShow,Entertainment,Bengaluru,DEVICE_0016,,Entertainment transaction,2026-06-05T04:45:01.430392
930,16,16,DEBIT,6925.15,Ola,Transport,Bengaluru,DEVICE_0016,,Transport transaction,2026-07-30T04:45:01.430392
931,16,16,DEBIT,1901.06,Swiggy,Food,Bengaluru,DEVICE_0016,,Food transaction,2026-06-23T04:45:01.430392
932,16,16,DEBIT,5507.78,Airtel,Utilities,Bengaluru,DEVICE_0016,,Utilities transaction,2026-06-13T04:45:01.430392
933,16,16,DEBIT,402.84,BookMyShow,Entertainment,Bengaluru,DEVICE_0016,,Entertainment transaction,2026-03-17T04:45:01.430392
934,16,16,DEBIT,7013.98,Ola,Transport,Bengaluru,DEVICE_0016,,Transport transaction,2026-04-21T04:45:01.430392
935,16,16,DEBIT,4249.37,Swiggy,Food,Bengaluru,DEVICE_0016,,Food transaction,2026-07-26T04:45:01.430392
936,16,16,DEBIT,7304.84,Jio,Utilities,Bengaluru,DEVICE_0016,,Utilities transaction,2026-05-09T04:45:01.430392
937,16,16,DEBIT,2422.43,Netflix,Entertainment,Bengaluru,DEVICE_0016,,Entertainment transaction,2026-05-10T04:45:01.430392
938,16,16,DEBIT,849.05,Amazon,Shopping,Bengaluru,DEVICE_0016,,Shopping transaction,2026-07-15T04:45:01.430392
939,16,16,DEBIT,1773.47,BookMyShow,Entertainment,Bengaluru,DEVICE_0016,,Entertainment transaction,2026-05-01T04:45:01.430392
940,16,16,DEBIT,204.92,Reliance Fresh,Groceries,Bengaluru,DEVICE_0016,,Groceries transaction,2026-04-08T04:45:01.430392
941,16,16,DEBIT,5999.22,Zomato,Food,Bengaluru,DEVICE_0016,,Food transaction,2026-06-17T04:45:01.430392
942,16,16,DEBIT,1476.13,Electricity Board,Utilities,Bengaluru,DEVICE_0016,,Utilities transaction,2026-06-22T04:45:01.430392
943,16,16,DEBIT,357.58,Amazon,Shopping,Bengaluru,DEVICE_0016,,Shopping transaction,2026-04-15T04:45:01.430392
944,16,16,DEBIT,6795.84,Electricity Board,Utilities,Bengaluru,DEVICE_0016,,Utilities transaction,2026-08-15T04:45:01.430392
945,16,16,DEBIT,3984.63,Jio,Utilities,Bengaluru,DEVICE_0016,,Utilities transaction,2026-06-11T04:45:01.430392
946,16,16,DEBIT,2886.52,Flipkart,Shopping,Bengaluru,DEVICE_0016,,Shopping transaction,2026-03-27T04:45:01.430392
947,16,16,DEBIT,4414.1,BigBasket,Groceries,Bengaluru,DEVICE_0016,,Groceries transaction,2026-06-18T04:45:01.430392
948,16,16,DEBIT,2519.87,Uber,Transport,Bengaluru,DEVICE_0016,,Transport transaction,2026-08-03T04:45:01.430392
949,16,16,DEBIT,7022.14,Electricity Board,Utilities,Bengaluru,DEVICE_0016,,Utilities transaction,2026-04-02T04:45:01.430392
950,16,16,DEBIT,4868.31,Reliance Fresh,Groceries,Bengaluru,DEVICE_0016,,Groceries transaction,2026-07-30T04:45:01.430392
951,16,16,DEBIT,7166.32,Electricity Board,Utilities,Bengaluru,DEVICE_0016,,Utilities transaction,2026-03-19T04:45:01.430392
952,16,16,DEBIT,5859.33,BookMyShow,Entertainment,Bengaluru,DEVICE_0016,,Entertainment transaction,2026-07-17T04:45:01.430392
953,16,16,DEBIT,4435.19,Apollo Pharmacy,Healthcare,Bengaluru,DEVICE_0016,,Healthcare transaction,2026-07-30T04:45:01.430392
954,16,16,DEBIT,2406.39,BigBasket,Groceries,Bengaluru,DEVICE_0016,,Groceries transaction,2026-03-20T04:45:01.430392
955,16,16,DEBIT,1115.77,Uber,Transport,Bengaluru,DEVICE_0016,,Transport transaction,2026-09-12T04:45:01.430392
956,16,16,DEBIT,7022.17,Electricity Board,Utilities,Bengaluru,DEVICE_0016,,Utilities transaction,2026-06-04T04:45:01.430392
957,16,16,DEBIT,7349.98,Jio,Utilities,Bengaluru,DEVICE_0016,,Utilities transaction,2026-04-20T04:45:01.430392
958,16,16,DEBIT,1509.37,Amazon,Shopping,Bengaluru,DEVICE_0016,,Shopping transaction,2026-06-23T04:45:01.430392
959,16,16,DEBIT,7157.61,Airtel,Utilities,Bengaluru,DEVICE_0016,,Utilities transaction,2026-07-18T04:45:01.430392
960,16,16,DEBIT,4266.92,Apollo Pharmacy,Healthcare,Bengaluru,DEVICE_0016,,Healthcare transaction,2026-05-08T04:45:01.430392
961,16,16,DEBIT,2581.46,Swiggy,Food,Bengaluru,DEVICE_0016,,Food transaction,2026-08-24T04:45:01.430392
962,16,16,DEBIT,2693.94,Zomato,Food,Bengaluru,DEVICE_0016,,Food transaction,2026-06-23T04:45:01.430392
963,16,16,DEBIT,4774.88,Swiggy,Food,Bengaluru,DEVICE_0016,,Food transaction,2026-08-21T04:45:01.430392
964,16,16,DEBIT,5298.24,Jio,Utilities,Bengaluru,DEVICE_0016,,Utilities transaction,2026-04-02T04:45:01.430392
965,16,16,DEBIT,6576.0,Electricity Board,Utilities,Bengaluru,DEVICE_0016,,Utilities transaction,2026-05-21T04:45:01.430392
966,16,16,DEBIT,2107.17,Amazon,Shopping,Bengaluru,DEVICE_0016,,Shopping transaction,2026-07-11T04:45:01.430392
967,16,16,DEBIT,687.52,Electricity Board,Utilities,Bengaluru,DEVICE_0016,,Utilities transaction,2026-07-09T04:45:01.430392
968,16,16,DEBIT,976.89,Airtel,Utilities,Bengaluru,DEVICE_0016,,Utilities transaction,2026-09-12T04:45:01.430392
969,16,16,DEBIT,2975.31,Amazon,Shopping,Bengaluru,DEVICE_0016,,Shopping transaction,2026-05-28T04:45:01.430392
970,16,16,DEBIT,6560.89,Swiggy,Food,Bengaluru,DEVICE_0016,,Food transaction,2026-05-09T04:45:01.430392
971,16,16,DEBIT,2725.73,BigBasket,Groceries,Bengaluru,DEVICE_0016,,Groceries transaction,2026-06-08T04:45:01.430392
972,16,16,DEBIT,6160.02,Flipkart,Shopping,Bengaluru,DEVICE_0016,,Shopping transaction,2026-04-18T04:45:01.430392
973,16,16,DEBIT,5652.6,Apollo Pharmacy,Healthcare,Bengaluru,DEVICE_0016,,Healthcare transaction,2026-07-17T04:45:01.430392
974,16,16,DEBIT,3445.25,Swiggy,Food,Bengaluru,DEVICE_0016,,Food transaction,2026-09-04T04:45:01.430392
975,16,16,DEBIT,344.38,Uber,Transport,Bengaluru,DEVICE_0016,,Transport transaction,2026-07-08T04:45:01.430392
976,16,16,DEBIT,733.58,Flipkart,Shopping,Bengaluru,DEVICE_0016,,Shopping transaction,2026-07-31T04:45:01.430392
977,17,17,CREDIT,166457.32,Employer,Salary,Hyderabad,DEVICE_0017,,Monthly salary credit,2026-08-31T04:45:01.430392
978,17,17,DEBIT,9801.15,Swiggy,Food,Hyderabad,DEVICE_0017,,Food transaction,2026-04-25T04:45:01.430392
979,17,17,DEBIT,4632.76,Flipkart,Shopping,Hyderabad,DEVICE_0017,,Shopping transaction,2026-04-08T04:45:01.430392
980,17,17,DEBIT,9440.7,Reliance Fresh,Groceries,Hyderabad,DEVICE_0017,,Groceries transaction,2026-05-25T04:45:01.430392
981,17,17,DEBIT,2364.2,Apollo Pharmacy,Healthcare,Hyderabad,DEVICE_0017,,Healthcare transaction,2026-05-24T04:45:01.430392
982,17,17,DEBIT,902.47,Swiggy,Food,Hyderabad,DEVICE_0017,,Food transaction,2026-06-20T04:45:01.430392
983,17,17,DEBIT,12980.78,Zomato,Food,Hyderabad,DEVICE_0017,,Food transaction,2026-05-31T04:45:01.430392
984,17,17,DEBIT,7468.06,Electricity Board,Utilities,Hyderabad,DEVICE_0017,,Utilities transaction,2026-04-27T04:45:01.430392
985,17,17,DEBIT,8864.79,Uber,Transport,Hyderabad,DEVICE_0017,,Transport transaction,2026-06-28T04:45:01.430392
986,17,17,DEBIT,1458.09,Zomato,Food,Hyderabad,DEVICE_0017,,Food transaction,2026-06-04T04:45:01.430392
987,17,17,DEBIT,7409.7,BookMyShow,Entertainment,Hyderabad,DEVICE_0017,,Entertainment transaction,2026-05-10T04:45:01.430392
988,17,17,DEBIT,914.92,Swiggy,Food,Hyderabad,DEVICE_0017,,Food transaction,2026-09-12T04:45:01.430392
989,17,17,DEBIT,1349.38,BigBasket,Groceries,Hyderabad,DEVICE_0017,,Groceries transaction,2026-03-27T04:45:01.430392
990,17,17,DEBIT,8072.78,Apollo Pharmacy,Healthcare,Hyderabad,DEVICE_0017,,Healthcare transaction,2026-07-23T04:45:01.430392
991,17,17,DEBIT,537.56,Flipkart,Shopping,Hyderabad,DEVICE_0017,,Shopping transaction,2026-07-31T04:45:01.430392
992,17,17,DEBIT,4027.57,Apollo Pharmacy,Healthcare,Hyderabad,DEVICE_0017,,Healthcare transaction,2026-08-23T04:45:01.430392
993,17,17,DEBIT,11267.37,Reliance Fresh,Groceries,Hyderabad,DEVICE_0017,,Groceries transaction,2026-06-26T04:45:01.430392
994,17,17,DEBIT,5413.41,Airtel,Utilities,Hyderabad,DEVICE_0017,,Utilities transaction,2026-05-10T04:45:01.430392
995,17,17,DEBIT,3675.95,Apollo Pharmacy,Healthcare,Hyderabad,DEVICE_0017,,Healthcare transaction,2026-04-01T04:45:01.430392
996,17,17,DEBIT,5283.03,Netflix,Entertainment,Hyderabad,DEVICE_0017,,Entertainment transaction,2026-06-10T04:45:01.430392
997,17,17,DEBIT,5045.29,BigBasket,Groceries,Hyderabad,DEVICE_0017,,Groceries transaction,2026-05-21T04:45:01.430392
998,17,17,DEBIT,3653.54,Amazon,Shopping,Hyderabad,DEVICE_0017,,Shopping transaction,2026-05-16T04:45:01.430392
999,17,17,DEBIT,3167.53,Uber,Transport,Hyderabad,DEVICE_0017,,Transport transaction,2026-07-06T04:45:01.430392
1000,17,17,DEBIT,1008.5,BookMyShow,Entertainment,Hyderabad,DEVICE_0017,,Entertainment transaction,2026-03-18T04:45:01.430392
1001,17,17,DEBIT,1468.41,Apollo Pharmacy,Healthcare,Hyderabad,DEVICE_0017,,Healthcare transaction,2026-03-25T04:45:01.430392
1002,17,17,DEBIT,10800.56,Ola,Transport,Hyderabad,DEVICE_0017,,Transport transaction,2026-05-30T04:45:01.430392
1003,17,17,DEBIT,7935.2,Airtel,Utilities,Hyderabad,DEVICE_0017,,Utilities transaction,2026-04-24T04:45:01.430392
1004,17,17,DEBIT,11228.39,Amazon,Shopping,Hyderabad,DEVICE_0017,,Shopping transaction,2026-05-02T04:45:01.430392
1005,17,17,DEBIT,12865.74,BigBasket,Groceries,Hyderabad,DEVICE_0017,,Groceries transaction,2026-03-21T04:45:01.430392
1006,17,17,DEBIT,12481.86,Jio,Utilities,Hyderabad,DEVICE_0017,,Utilities transaction,2026-04-19T04:45:01.430392
1007,17,17,DEBIT,6446.93,Zomato,Food,Hyderabad,DEVICE_0017,,Food transaction,2026-08-23T04:45:01.430392
1008,17,17,DEBIT,12041.35,BigBasket,Groceries,Hyderabad,DEVICE_0017,,Groceries transaction,2026-09-04T04:45:01.430392
1009,17,17,DEBIT,7692.46,Netflix,Entertainment,Hyderabad,DEVICE_0017,,Entertainment transaction,2026-05-03T04:45:01.430392
1010,17,17,DEBIT,7695.94,Airtel,Utilities,Hyderabad,DEVICE_0017,,Utilities transaction,2026-04-07T04:45:01.430392
1011,17,17,DEBIT,1777.69,Swiggy,Food,Hyderabad,DEVICE_0017,,Food transaction,2026-05-21T04:45:01.430392
1012,17,17,DEBIT,12648.45,Swiggy,Food,Hyderabad,DEVICE_0017,,Food transaction,2026-08-01T04:45:01.430392
1013,17,17,DEBIT,10804.24,Zomato,Food,Hyderabad,DEVICE_0017,,Food transaction,2026-08-11T04:45:01.430392
1014,17,17,DEBIT,5753.23,Amazon,Shopping,Hyderabad,DEVICE_0017,,Shopping transaction,2026-03-22T04:45:01.430392
1015,17,17,DEBIT,2848.49,BigBasket,Groceries,Hyderabad,DEVICE_0017,,Groceries transaction,2026-04-05T04:45:01.430392
1016,17,17,DEBIT,11140.65,Swiggy,Food,Hyderabad,DEVICE_0017,,Food transaction,2026-07-08T04:45:01.430392
1017,17,17,DEBIT,12146.65,Ola,Transport,Hyderabad,DEVICE_0017,,Transport transaction,2026-08-26T04:45:01.430392
1018,17,17,DEBIT,5290.54,Flipkart,Shopping,Hyderabad,DEVICE_0017,,Shopping transaction,2026-06-03T04:45:01.430392
1019,17,17,DEBIT,4477.67,Netflix,Entertainment,Hyderabad,DEVICE_0017,,Entertainment transaction,2026-07-04T04:45:01.430392
1020,17,17,DEBIT,6209.46,Netflix,Entertainment,Hyderabad,DEVICE_0017,,Entertainment transaction,2026-09-09T04:45:01.430392
1021,17,17,DEBIT,9387.02,Airtel,Utilities,Hyderabad,DEVICE_0017,,Utilities transaction,2026-04-15T04:45:01.430392
1022,17,17,DEBIT,10453.05,Netflix,Entertainment,Hyderabad,DEVICE_0017,,Entertainment transaction,2026-08-15T04:45:01.430392
1023,17,17,DEBIT,2162.8,BigBasket,Groceries,Hyderabad,DEVICE_0017,,Groceries transaction,2026-04-20T04:45:01.430392
1024,17,17,DEBIT,7842.73,BookMyShow,Entertainment,Hyderabad,DEVICE_0017,,Entertainment transaction,2026-08-18T04:45:01.430392
1025,17,17,DEBIT,7580.49,Flipkart,Shopping,Hyderabad,DEVICE_0017,,Shopping transaction,2026-08-18T04:45:01.430392
1026,17,17,DEBIT,3952.56,Airtel,Utilities,Hyderabad,DEVICE_0017,,Utilities transaction,2026-04-28T04:45:01.430392
1027,17,17,DEBIT,11714.97,Ola,Transport,Hyderabad,DEVICE_0017,,Transport transaction,2026-07-07T04:45:01.430392
1028,17,17,DEBIT,8788.58,BigBasket,Groceries,Hyderabad,DEVICE_0017,,Groceries transaction,2026-04-19T04:45:01.430392
1029,17,17,DEBIT,6404.76,BookMyShow,Entertainment,Hyderabad,DEVICE_0017,,Entertainment transaction,2026-07-30T04:45:01.430392
1030,17,17,DEBIT,5485.64,Uber,Transport,Hyderabad,DEVICE_0017,,Transport transaction,2026-04-07T04:45:01.430392
1031,17,17,DEBIT,9129.94,BookMyShow,Entertainment,Hyderabad,DEVICE_0017,,Entertainment transaction,2026-06-02T04:45:01.430392
1032,17,17,DEBIT,5391.45,Amazon,Shopping,Hyderabad,DEVICE_0017,,Shopping transaction,2026-06-20T04:45:01.430392
1033,17,17,DEBIT,3316.23,Electricity Board,Utilities,Hyderabad,DEVICE_0017,,Utilities transaction,2026-05-14T04:45:01.430392
1034,17,17,DEBIT,11965.99,Uber,Transport,Hyderabad,DEVICE_0017,,Transport transaction,2026-09-07T04:45:01.430392
1035,17,17,DEBIT,10921.31,Ola,Transport,Hyderabad,DEVICE_0017,,Transport transaction,2026-06-27T04:45:01.430392
1036,17,17,DEBIT,3877.19,Uber,Transport,Hyderabad,DEVICE_0017,,Transport transaction,2026-05-10T04:45:01.430392
1037,17,17,DEBIT,9331.54,Jio,Utilities,Hyderabad,DEVICE_0017,,Utilities transaction,2026-08-18T04:45:01.430392
1038,18,18,CREDIT,143189.17,Employer,Salary,Surat,DEVICE_0018,,Monthly salary credit,2026-09-05T04:45:01.430392
1039,18,18,DEBIT,3581.95,Swiggy,Food,Surat,DEVICE_0018,,Food transaction,2026-05-22T04:45:01.430392
1040,18,18,DEBIT,9494.75,Airtel,Utilities,Surat,DEVICE_0018,,Utilities transaction,2026-07-06T04:45:01.430392
1041,18,18,DEBIT,4890.83,Electricity Board,Utilities,Surat,DEVICE_0018,,Utilities transaction,2026-03-31T04:45:01.430392
1042,18,18,DEBIT,2315.24,Flipkart,Shopping,Surat,DEVICE_0018,,Shopping transaction,2026-07-20T04:45:01.430392
1043,18,18,DEBIT,4782.76,Jio,Utilities,Surat,DEVICE_0018,,Utilities transaction,2026-05-11T04:45:01.430392
1044,18,18,DEBIT,6013.29,Airtel,Utilities,Surat,DEVICE_0018,,Utilities transaction,2026-06-09T04:45:01.430392
1045,18,18,DEBIT,832.6,Jio,Utilities,Surat,DEVICE_0018,,Utilities transaction,2026-08-03T04:45:01.430392
1046,18,18,DEBIT,3701.73,Flipkart,Shopping,Surat,DEVICE_0018,,Shopping transaction,2026-05-06T04:45:01.430392
1047,18,18,DEBIT,1726.76,BigBasket,Groceries,Surat,DEVICE_0018,,Groceries transaction,2026-05-01T04:45:01.430392
1048,18,18,DEBIT,525.82,BookMyShow,Entertainment,Surat,DEVICE_0018,,Entertainment transaction,2026-07-25T04:45:01.430392
1049,18,18,DEBIT,2459.21,Jio,Utilities,Surat,DEVICE_0018,,Utilities transaction,2026-08-29T04:45:01.430392
1050,18,18,DEBIT,572.22,Zomato,Food,Surat,DEVICE_0018,,Food transaction,2026-08-31T04:45:01.430392
1051,18,18,DEBIT,8130.75,Ola,Transport,Surat,DEVICE_0018,,Transport transaction,2026-07-04T04:45:01.430392
1052,18,18,DEBIT,9468.67,Ola,Transport,Surat,DEVICE_0018,,Transport transaction,2026-05-06T04:45:01.430392
1053,18,18,DEBIT,7351.62,BigBasket,Groceries,Surat,DEVICE_0018,,Groceries transaction,2026-08-12T04:45:01.430392
1054,18,18,DEBIT,543.99,Apollo Pharmacy,Healthcare,Surat,DEVICE_0018,,Healthcare transaction,2026-06-09T04:45:01.430392
1055,18,18,DEBIT,6886.04,Reliance Fresh,Groceries,Surat,DEVICE_0018,,Groceries transaction,2026-07-29T04:45:01.430392
1056,18,18,DEBIT,5541.49,Jio,Utilities,Surat,DEVICE_0018,,Utilities transaction,2026-04-24T04:45:01.430392
1057,18,18,DEBIT,4074.57,Ola,Transport,Surat,DEVICE_0018,,Transport transaction,2026-07-08T04:45:01.430392
1058,18,18,DEBIT,9551.56,Electricity Board,Utilities,Surat,DEVICE_0018,,Utilities transaction,2026-08-20T04:45:01.430392
1059,18,18,DEBIT,508.96,Uber,Transport,Surat,DEVICE_0018,,Transport transaction,2026-08-31T04:45:01.430392
1060,18,18,DEBIT,9809.87,Swiggy,Food,Surat,DEVICE_0018,,Food transaction,2026-07-20T04:45:01.430392
1061,18,18,DEBIT,2691.34,Jio,Utilities,Surat,DEVICE_0018,,Utilities transaction,2026-07-17T04:45:01.430392
1062,18,18,DEBIT,2526.78,Apollo Pharmacy,Healthcare,Surat,DEVICE_0018,,Healthcare transaction,2026-03-30T04:45:01.430392
1063,18,18,DEBIT,5977.05,BigBasket,Groceries,Surat,DEVICE_0018,,Groceries transaction,2026-03-22T04:45:01.430392
1064,18,18,DEBIT,5536.03,Amazon,Shopping,Surat,DEVICE_0018,,Shopping transaction,2026-08-10T04:45:01.430392
1065,18,18,DEBIT,2149.4,Apollo Pharmacy,Healthcare,Surat,DEVICE_0018,,Healthcare transaction,2026-09-10T04:45:01.430392
1066,18,18,DEBIT,3040.69,Zomato,Food,Surat,DEVICE_0018,,Food transaction,2026-06-26T04:45:01.430392
1067,18,18,DEBIT,11083.99,Electricity Board,Utilities,Surat,DEVICE_0018,,Utilities transaction,2026-04-01T04:45:01.430392
1068,18,18,DEBIT,4970.0,Uber,Transport,Surat,DEVICE_0018,,Transport transaction,2026-06-08T04:45:01.430392
1069,18,18,DEBIT,4124.77,Jio,Utilities,Surat,DEVICE_0018,,Utilities transaction,2026-07-10T04:45:01.430392
1070,18,18,DEBIT,5452.75,Zomato,Food,Surat,DEVICE_0018,,Food transaction,2026-03-23T04:45:01.430392
1071,18,18,DEBIT,9477.73,Netflix,Entertainment,Surat,DEVICE_0018,,Entertainment transaction,2026-06-03T04:45:01.430392
1072,18,18,DEBIT,1351.54,BookMyShow,Entertainment,Surat,DEVICE_0018,,Entertainment transaction,2026-05-05T04:45:01.430392
1073,18,18,DEBIT,11077.92,Apollo Pharmacy,Healthcare,Surat,DEVICE_0018,,Healthcare transaction,2026-06-09T04:45:01.430392
1074,18,18,DEBIT,7485.92,Netflix,Entertainment,Surat,DEVICE_0018,,Entertainment transaction,2026-04-10T04:45:01.430392
1075,18,18,DEBIT,3559.39,Uber,Transport,Surat,DEVICE_0018,,Transport transaction,2026-08-16T04:45:01.430392
1076,18,18,DEBIT,918.49,Reliance Fresh,Groceries,Surat,DEVICE_0018,,Groceries transaction,2026-07-04T04:45:01.430392
1077,18,18,DEBIT,3859.46,Apollo Pharmacy,Healthcare,Surat,DEVICE_0018,,Healthcare transaction,2026-07-04T04:45:01.430392
1078,18,18,DEBIT,7584.71,Uber,Transport,Surat,DEVICE_0018,,Transport transaction,2026-03-30T04:45:01.430392
1079,18,18,DEBIT,2320.02,Uber,Transport,Surat,DEVICE_0018,,Transport transaction,2026-05-03T04:45:01.430392
1080,18,18,DEBIT,2904.63,Airtel,Utilities,Surat,DEVICE_0018,,Utilities transaction,2026-08-29T04:45:01.430392
1081,18,18,DEBIT,9849.2,Airtel,Utilities,Surat,DEVICE_0018,,Utilities transaction,2026-04-12T04:45:01.430392
1082,18,18,DEBIT,7634.36,BigBasket,Groceries,Surat,DEVICE_0018,,Groceries transaction,2026-03-22T04:45:01.430392
1083,18,18,DEBIT,8318.14,Swiggy,Food,Surat,DEVICE_0018,,Food transaction,2026-03-29T04:45:01.430392
1084,18,18,DEBIT,11426.65,Reliance Fresh,Groceries,Surat,DEVICE_0018,,Groceries transaction,2026-07-08T04:45:01.430392
1085,18,18,DEBIT,4753.81,BigBasket,Groceries,Surat,DEVICE_0018,,Groceries transaction,2026-09-03T04:45:01.430392
1086,18,18,DEBIT,8169.41,BookMyShow,Entertainment,Surat,DEVICE_0018,,Entertainment transaction,2026-04-19T04:45:01.430392
1087,18,18,DEBIT,2337.52,Jio,Utilities,Surat,DEVICE_0018,,Utilities transaction,2026-07-18T04:45:01.430392
1088,18,18,DEBIT,6217.39,Apollo Pharmacy,Healthcare,Surat,DEVICE_0018,,Healthcare transaction,2026-05-14T04:45:01.430392
1089,18,18,DEBIT,4234.93,Apollo Pharmacy,Healthcare,Surat,DEVICE_0018,,Healthcare transaction,2026-06-28T04:45:01.430392
1090,18,18,DEBIT,2113.22,Jio,Utilities,Surat,DEVICE_0018,,Utilities transaction,2026-03-28T04:45:01.430392
1091,18,18,DEBIT,2238.71,Netflix,Entertainment,Surat,DEVICE_0018,,Entertainment transaction,2026-08-19T04:45:01.430392
1092,18,18,DEBIT,1640.03,Reliance Fresh,Groceries,Surat,DEVICE_0018,,Groceries transaction,2026-07-08T04:45:01.430392
1093,18,18,DEBIT,9298.02,Electricity Board,Utilities,Surat,DEVICE_0018,,Utilities transaction,2026-07-28T04:45:01.430392
1094,18,18,DEBIT,10325.02,Apollo Pharmacy,Healthcare,Surat,DEVICE_0018,,Healthcare transaction,2026-03-29T04:45:01.430392
1095,18,18,DEBIT,2701.49,Flipkart,Shopping,Surat,DEVICE_0018,,Shopping transaction,2026-07-17T04:45:01.430392
1096,18,18,DEBIT,10008.09,Electricity Board,Utilities,Surat,DEVICE_0018,,Utilities transaction,2026-05-28T04:45:01.430392
1097,18,18,DEBIT,10181.54,Airtel,Utilities,Surat,DEVICE_0018,,Utilities transaction,2026-06-09T04:45:01.430392
1098,18,18,DEBIT,6790.68,Uber,Transport,Surat,DEVICE_0018,,Transport transaction,2026-05-17T04:45:01.430392
1099,19,19,CREDIT,161201.89,Employer,Salary,Pune,DEVICE_0019,,Monthly salary credit,2026-09-09T04:45:01.430392
1100,19,19,DEBIT,881.49,Reliance Fresh,Groceries,Pune,DEVICE_0019,,Groceries transaction,2026-04-03T04:45:01.430392
1101,19,19,DEBIT,7567.74,BookMyShow,Entertainment,Pune,DEVICE_0019,,Entertainment transaction,2026-04-07T04:45:01.430392
1102,19,19,DEBIT,6195.37,Flipkart,Shopping,Pune,DEVICE_0019,,Shopping transaction,2026-07-25T04:45:01.430392
1103,19,19,DEBIT,1721.2,Netflix,Entertainment,Pune,DEVICE_0019,,Entertainment transaction,2026-03-22T04:45:01.430392
1104,19,19,DEBIT,6926.91,BigBasket,Groceries,Pune,DEVICE_0019,,Groceries transaction,2026-05-30T04:45:01.430392
1105,19,19,DEBIT,11256.43,Amazon,Shopping,Pune,DEVICE_0019,,Shopping transaction,2026-08-05T04:45:01.430392
1106,19,19,DEBIT,12799.0,Swiggy,Food,Pune,DEVICE_0019,,Food transaction,2026-06-17T04:45:01.430392
1107,19,19,DEBIT,12733.53,BigBasket,Groceries,Pune,DEVICE_0019,,Groceries transaction,2026-05-18T04:45:01.430392
1108,19,19,DEBIT,4216.85,Swiggy,Food,Pune,DEVICE_0019,,Food transaction,2026-07-28T04:45:01.430392
1109,19,19,DEBIT,1225.99,Airtel,Utilities,Pune,DEVICE_0019,,Utilities transaction,2026-06-19T04:45:01.430392
1110,19,19,DEBIT,12726.54,Apollo Pharmacy,Healthcare,Pune,DEVICE_0019,,Healthcare transaction,2026-06-24T04:45:01.430392
1111,19,19,DEBIT,936.55,Apollo Pharmacy,Healthcare,Pune,DEVICE_0019,,Healthcare transaction,2026-05-20T04:45:01.430392
1112,19,19,DEBIT,2858.35,Uber,Transport,Pune,DEVICE_0019,,Transport transaction,2026-07-31T04:45:01.430392
1113,19,19,DEBIT,9906.0,BookMyShow,Entertainment,Pune,DEVICE_0019,,Entertainment transaction,2026-05-10T04:45:01.430392
1114,19,19,DEBIT,9894.39,Airtel,Utilities,Pune,DEVICE_0019,,Utilities transaction,2026-08-21T04:45:01.430392
1115,19,19,DEBIT,8001.53,Swiggy,Food,Pune,DEVICE_0019,,Food transaction,2026-04-03T04:45:01.430392
1116,19,19,DEBIT,5321.54,BigBasket,Groceries,Pune,DEVICE_0019,,Groceries transaction,2026-05-13T04:45:01.430392
1117,19,19,DEBIT,259.28,BigBasket,Groceries,Pune,DEVICE_0019,,Groceries transaction,2026-04-29T04:45:01.430392
1118,19,19,DEBIT,9476.56,Zomato,Food,Pune,DEVICE_0019,,Food transaction,2026-09-09T04:45:01.430392
1119,19,19,DEBIT,9809.05,Ola,Transport,Pune,DEVICE_0019,,Transport transaction,2026-04-30T04:45:01.430392
1120,19,19,DEBIT,427.47,Zomato,Food,Pune,DEVICE_0019,,Food transaction,2026-09-11T04:45:01.430392
1121,19,19,DEBIT,9513.94,Apollo Pharmacy,Healthcare,Pune,DEVICE_0019,,Healthcare transaction,2026-07-17T04:45:01.430392
1122,19,19,DEBIT,11334.34,Electricity Board,Utilities,Pune,DEVICE_0019,,Utilities transaction,2026-06-25T04:45:01.430392
1123,19,19,DEBIT,1504.0,Swiggy,Food,Pune,DEVICE_0019,,Food transaction,2026-05-07T04:45:01.430392
1124,19,19,DEBIT,4086.48,BookMyShow,Entertainment,Pune,DEVICE_0019,,Entertainment transaction,2026-08-27T04:45:01.430392
1125,19,19,DEBIT,780.45,Jio,Utilities,Pune,DEVICE_0019,,Utilities transaction,2026-06-30T04:45:01.430392
1126,19,19,DEBIT,9440.66,Reliance Fresh,Groceries,Pune,DEVICE_0019,,Groceries transaction,2026-04-13T04:45:01.430392
1127,19,19,DEBIT,4489.21,Netflix,Entertainment,Pune,DEVICE_0019,,Entertainment transaction,2026-03-21T04:45:01.430392
1128,19,19,DEBIT,4551.39,Swiggy,Food,Pune,DEVICE_0019,,Food transaction,2026-05-10T04:45:01.430392
1129,19,19,DEBIT,9723.58,Ola,Transport,Pune,DEVICE_0019,,Transport transaction,2026-08-01T04:45:01.430392
1130,19,19,DEBIT,5321.52,Airtel,Utilities,Pune,DEVICE_0019,,Utilities transaction,2026-07-16T04:45:01.430392
1131,19,19,DEBIT,9432.25,Zomato,Food,Pune,DEVICE_0019,,Food transaction,2026-08-10T04:45:01.430392
1132,19,19,DEBIT,9519.95,Zomato,Food,Pune,DEVICE_0019,,Food transaction,2026-04-15T04:45:01.430392
1133,19,19,DEBIT,2345.46,Netflix,Entertainment,Pune,DEVICE_0019,,Entertainment transaction,2026-06-11T04:45:01.430392
1134,19,19,DEBIT,8459.36,Electricity Board,Utilities,Pune,DEVICE_0019,,Utilities transaction,2026-09-03T04:45:01.430392
1135,19,19,DEBIT,11328.74,BigBasket,Groceries,Pune,DEVICE_0019,,Groceries transaction,2026-07-09T04:45:01.430392
1136,19,19,DEBIT,6989.06,Airtel,Utilities,Pune,DEVICE_0019,,Utilities transaction,2026-08-31T04:45:01.430392
1137,19,19,DEBIT,12828.61,BookMyShow,Entertainment,Pune,DEVICE_0019,,Entertainment transaction,2026-03-27T04:45:01.430392
1138,19,19,DEBIT,8497.79,Flipkart,Shopping,Pune,DEVICE_0019,,Shopping transaction,2026-09-07T04:45:01.430392
1139,19,19,DEBIT,8957.17,Amazon,Shopping,Pune,DEVICE_0019,,Shopping transaction,2026-05-29T04:45:01.430392
1140,19,19,DEBIT,5027.76,Reliance Fresh,Groceries,Pune,DEVICE_0019,,Groceries transaction,2026-04-25T04:45:01.430392
1141,19,19,DEBIT,6223.01,Uber,Transport,Pune,DEVICE_0019,,Transport transaction,2026-08-04T04:45:01.430392
1142,19,19,DEBIT,9026.26,Zomato,Food,Pune,DEVICE_0019,,Food transaction,2026-04-04T04:45:01.430392
1143,19,19,DEBIT,4023.02,Amazon,Shopping,Pune,DEVICE_0019,,Shopping transaction,2026-03-27T04:45:01.430392
1144,19,19,DEBIT,8610.98,Flipkart,Shopping,Pune,DEVICE_0019,,Shopping transaction,2026-07-05T04:45:01.430392
1145,19,19,DEBIT,7889.23,BookMyShow,Entertainment,Pune,DEVICE_0019,,Entertainment transaction,2026-08-08T04:45:01.430392
1146,19,19,DEBIT,10746.09,BigBasket,Groceries,Pune,DEVICE_0019,,Groceries transaction,2026-08-17T04:45:01.430392
1147,19,19,DEBIT,9325.56,Netflix,Entertainment,Pune,DEVICE_0019,,Entertainment transaction,2026-08-13T04:45:01.430392
1148,19,19,DEBIT,1647.52,Uber,Transport,Pune,DEVICE_0019,,Transport transaction,2026-08-16T04:45:01.430392
1149,19,19,DEBIT,2722.05,Reliance Fresh,Groceries,Pune,DEVICE_0019,,Groceries transaction,2026-07-23T04:45:01.430392
1150,19,19,DEBIT,3539.01,Airtel,Utilities,Pune,DEVICE_0019,,Utilities transaction,2026-05-02T04:45:01.430392
1151,19,19,DEBIT,4744.23,Zomato,Food,Pune,DEVICE_0019,,Food transaction,2026-05-31T04:45:01.430392
1152,19,19,DEBIT,2236.13,Uber,Transport,Pune,DEVICE_0019,,Transport transaction,2026-04-25T04:45:01.430392
1153,19,19,DEBIT,11758.03,Reliance Fresh,Groceries,Pune,DEVICE_0019,,Groceries transaction,2026-03-20T04:45:01.430392
1154,19,19,DEBIT,4397.39,Reliance Fresh,Groceries,Pune,DEVICE_0019,,Groceries transaction,2026-09-12T04:45:01.430392
1155,19,19,DEBIT,8727.16,Amazon,Shopping,Pune,DEVICE_0019,,Shopping transaction,2026-08-15T04:45:01.430392
1156,19,19,DEBIT,7489.53,Jio,Utilities,Pune,DEVICE_0019,,Utilities transaction,2026-05-09T04:45:01.430392
1157,19,19,DEBIT,12254.31,Swiggy,Food,Pune,DEVICE_0019,,Food transaction,2026-05-05T04:45:01.430392
1158,19,19,DEBIT,9386.47,Flipkart,Shopping,Pune,DEVICE_0019,,Shopping transaction,2026-08-18T04:45:01.430392
1159,19,19,DEBIT,8380.6,Uber,Transport,Pune,DEVICE_0019,,Transport transaction,2026-05-19T04:45:01.430392
1160,20,20,CREDIT,138445.68,Employer,Salary,Mumbai,DEVICE_0020,,Monthly salary credit,2026-09-03T04:45:01.430392
1161,20,20,DEBIT,5249.32,Uber,Transport,Mumbai,DEVICE_0020,,Transport transaction,2026-08-18T04:45:01.430392
1162,20,20,DEBIT,2100.0,Jio,Utilities,Mumbai,DEVICE_0020,,Utilities transaction,2026-09-02T04:45:01.430392
1163,20,20,DEBIT,3360.11,Jio,Utilities,Mumbai,DEVICE_0020,,Utilities transaction,2026-03-23T04:45:01.430392
1164,20,20,DEBIT,4832.98,Ola,Transport,Mumbai,DEVICE_0020,,Transport transaction,2026-08-14T04:45:01.430392
1165,20,20,DEBIT,9457.86,Flipkart,Shopping,Mumbai,DEVICE_0020,,Shopping transaction,2026-09-01T04:45:01.430392
1166,20,20,DEBIT,9466.04,Amazon,Shopping,Mumbai,DEVICE_0020,,Shopping transaction,2026-03-27T04:45:01.430392
1167,20,20,DEBIT,2054.43,Apollo Pharmacy,Healthcare,Mumbai,DEVICE_0020,,Healthcare transaction,2026-06-13T04:45:01.430392
1168,20,20,DEBIT,10587.22,Reliance Fresh,Groceries,Mumbai,DEVICE_0020,,Groceries transaction,2026-07-06T04:45:01.430392
1169,20,20,DEBIT,1210.91,Electricity Board,Utilities,Mumbai,DEVICE_0020,,Utilities transaction,2026-06-17T04:45:01.430392
1170,20,20,DEBIT,1438.0,Swiggy,Food,Mumbai,DEVICE_0020,,Food transaction,2026-06-02T04:45:01.430392
1171,20,20,DEBIT,3156.36,Reliance Fresh,Groceries,Mumbai,DEVICE_0020,,Groceries transaction,2026-06-06T04:45:01.430392
1172,20,20,DEBIT,9451.61,Electricity Board,Utilities,Mumbai,DEVICE_0020,,Utilities transaction,2026-05-28T04:45:01.430392
1173,20,20,DEBIT,9837.18,Apollo Pharmacy,Healthcare,Mumbai,DEVICE_0020,,Healthcare transaction,2026-08-01T04:45:01.430392
1174,20,20,DEBIT,1641.15,Flipkart,Shopping,Mumbai,DEVICE_0020,,Shopping transaction,2026-08-28T04:45:01.430392
1175,20,20,DEBIT,1933.53,Jio,Utilities,Mumbai,DEVICE_0020,,Utilities transaction,2026-05-29T04:45:01.430392
1176,20,20,DEBIT,5449.4,BookMyShow,Entertainment,Mumbai,DEVICE_0020,,Entertainment transaction,2026-04-20T04:45:01.430392
1177,20,20,DEBIT,4965.31,Apollo Pharmacy,Healthcare,Mumbai,DEVICE_0020,,Healthcare transaction,2026-04-09T04:45:01.430392
1178,20,20,DEBIT,8673.92,BigBasket,Groceries,Mumbai,DEVICE_0020,,Groceries transaction,2026-04-09T04:45:01.430392
1179,20,20,DEBIT,9581.08,Amazon,Shopping,Mumbai,DEVICE_0020,,Shopping transaction,2026-08-10T04:45:01.430392
1180,20,20,DEBIT,10209.93,Reliance Fresh,Groceries,Mumbai,DEVICE_0020,,Groceries transaction,2026-08-15T04:45:01.430392
1181,20,20,DEBIT,4992.77,BigBasket,Groceries,Mumbai,DEVICE_0020,,Groceries transaction,2026-08-27T04:45:01.430392
1182,20,20,DEBIT,7323.27,Uber,Transport,Mumbai,DEVICE_0020,,Transport transaction,2026-09-09T04:45:01.430392
1183,20,20,DEBIT,9643.68,Electricity Board,Utilities,Mumbai,DEVICE_0020,,Utilities transaction,2026-05-01T04:45:01.430392
1184,20,20,DEBIT,8287.4,Airtel,Utilities,Mumbai,DEVICE_0020,,Utilities transaction,2026-04-21T04:45:01.430392
1185,20,20,DEBIT,10835.25,Zomato,Food,Mumbai,DEVICE_0020,,Food transaction,2026-03-25T04:45:01.430392
1186,20,20,DEBIT,3879.24,Jio,Utilities,Mumbai,DEVICE_0020,,Utilities transaction,2026-05-02T04:45:01.430392
1187,20,20,DEBIT,7819.27,Electricity Board,Utilities,Mumbai,DEVICE_0020,,Utilities transaction,2026-08-19T04:45:01.430392
1188,20,20,DEBIT,7396.56,BigBasket,Groceries,Mumbai,DEVICE_0020,,Groceries transaction,2026-07-11T04:45:01.430392
1189,20,20,DEBIT,3960.25,Reliance Fresh,Groceries,Mumbai,DEVICE_0020,,Groceries transaction,2026-03-23T04:45:01.430392
1190,20,20,DEBIT,4385.79,Apollo Pharmacy,Healthcare,Mumbai,DEVICE_0020,,Healthcare transaction,2026-04-23T04:45:01.430392
1191,20,20,DEBIT,793.44,BookMyShow,Entertainment,Mumbai,DEVICE_0020,,Entertainment transaction,2026-04-01T04:45:01.430392
1192,20,20,DEBIT,5698.38,Swiggy,Food,Mumbai,DEVICE_0020,,Food transaction,2026-05-15T04:45:01.430392
1193,20,20,DEBIT,5592.53,Jio,Utilities,Mumbai,DEVICE_0020,,Utilities transaction,2026-08-01T04:45:01.430392
1194,20,20,DEBIT,8372.29,Flipkart,Shopping,Mumbai,DEVICE_0020,,Shopping transaction,2026-06-22T04:45:01.430392
1195,20,20,DEBIT,3798.7,Zomato,Food,Mumbai,DEVICE_0020,,Food transaction,2026-07-03T04:45:01.430392
1196,20,20,DEBIT,5713.19,Amazon,Shopping,Mumbai,DEVICE_0020,,Shopping transaction,2026-04-25T04:45:01.430392
1197,20,20,DEBIT,4317.93,Apollo Pharmacy,Healthcare,Mumbai,DEVICE_0020,,Healthcare transaction,2026-07-14T04:45:01.430392
1198,20,20,DEBIT,5192.95,Flipkart,Shopping,Mumbai,DEVICE_0020,,Shopping transaction,2026-04-19T04:45:01.430392
1199,20,20,DEBIT,1157.27,Reliance Fresh,Groceries,Mumbai,DEVICE_0020,,Groceries transaction,2026-05-08T04:45:01.430392
1200,20,20,DEBIT,3637.38,Reliance Fresh,Groceries,Mumbai,DEVICE_0020,,Groceries transaction,2026-05-08T04:45:01.430392
1201,20,20,DEBIT,7305.86,Electricity Board,Utilities,Mumbai,DEVICE_0020,,Utilities transaction,2026-08-17T04:45:01.430392
1202,20,20,DEBIT,4684.45,BigBasket,Groceries,Mumbai,DEVICE_0020,,Groceries transaction,2026-04-23T04:45:01.430392
1203,20,20,DEBIT,201.85,Netflix,Entertainment,Mumbai,DEVICE_0020,,Entertainment transaction,2026-08-20T04:45:01.430392
1204,20,20,DEBIT,6771.11,Airtel,Utilities,Mumbai,DEVICE_0020,,Utilities transaction,2026-04-07T04:45:01.430392
1205,20,20,DEBIT,3512.7,Apollo Pharmacy,Healthcare,Mumbai,DEVICE_0020,,Healthcare transaction,2026-05-05T04:45:01.430392
1206,20,20,DEBIT,2449.64,Netflix,Entertainment,Mumbai,DEVICE_0020,,Entertainment transaction,2026-03-25T04:45:01.430392
1207,20,20,DEBIT,10535.73,Reliance Fresh,Groceries,Mumbai,DEVICE_0020,,Groceries transaction,2026-06-11T04:45:01.430392
1208,20,20,DEBIT,790.28,Jio,Utilities,Mumbai,DEVICE_0020,,Utilities transaction,2026-07-17T04:45:01.430392
1209,20,20,DEBIT,5142.55,Jio,Utilities,Mumbai,DEVICE_0020,,Utilities transaction,2026-04-22T04:45:01.430392
1210,20,20,DEBIT,6940.27,Airtel,Utilities,Mumbai,DEVICE_0020,,Utilities transaction,2026-05-14T04:45:01.430392
1211,20,20,DEBIT,7347.12,Electricity Board,Utilities,Mumbai,DEVICE_0020,,Utilities transaction,2026-05-20T04:45:01.430392
1212,20,20,DEBIT,1259.69,Flipkart,Shopping,Mumbai,DEVICE_0020,,Shopping transaction,2026-03-28T04:45:01.430392
1213,20,20,DEBIT,223.89,Zomato,Food,Mumbai,DEVICE_0020,,Food transaction,2026-06-14T04:45:01.430392
1214,20,20,DEBIT,7091.48,Jio,Utilities,Mumbai,DEVICE_0020,,Utilities transaction,2026-06-30T04:45:01.430392
1215,20,20,DEBIT,5876.93,Netflix,Entertainment,Mumbai,DEVICE_0020,,Entertainment transaction,2026-03-17T04:45:01.430392
1216,20,20,DEBIT,697.87,Flipkart,Shopping,Mumbai,DEVICE_0020,,Shopping transaction,2026-08-01T04:45:01.430392
1217,20,20,DEBIT,1727.48,Reliance Fresh,Groceries,Mumbai,DEVICE_0020,,Groceries transaction,2026-05-31T04:45:01.430392
1218,20,20,DEBIT,2965.56,Flipkart,Shopping,Mumbai,DEVICE_0020,,Shopping transaction,2026-07-24T04:45:01.430392
1219,20,20,DEBIT,1513.19,Zomato,Food,Mumbai,DEVICE_0020,,Food transaction,2026-06-04T04:45:01.430392
1220,20,20,DEBIT,5170.67,Zomato,Food,Mumbai,DEVICE_0020,,Food transaction,2026-07-26T04:45:01.430392
1221,21,21,CREDIT,50594.68,Employer,Salary,Pune,DEVICE_0021,,Monthly salary credit,2026-08-21T04:45:01.430392
1222,21,21,DEBIT,614.64,Ola,Transport,Pune,DEVICE_0021,,Transport transaction,2026-05-29T04:45:01.430392
1223,21,21,DEBIT,3765.26,Amazon,Shopping,Pune,DEVICE_0021,,Shopping transaction,2026-03-24T04:45:01.430392
1224,21,21,DEBIT,674.1,BookMyShow,Entertainment,Pune,DEVICE_0021,,Entertainment transaction,2026-05-20T04:45:01.430392
1225,21,21,DEBIT,2733.46,Reliance Fresh,Groceries,Pune,DEVICE_0021,,Groceries transaction,2026-05-06T04:45:01.430392
1226,21,21,DEBIT,3908.5,Swiggy,Food,Pune,DEVICE_0021,,Food transaction,2026-09-11T04:45:01.430392
1227,21,21,DEBIT,3032.64,Netflix,Entertainment,Pune,DEVICE_0021,,Entertainment transaction,2026-04-24T04:45:01.430392
1228,21,21,DEBIT,3427.41,BigBasket,Groceries,Pune,DEVICE_0021,,Groceries transaction,2026-05-12T04:45:01.430392
1229,21,21,DEBIT,3205.27,Netflix,Entertainment,Pune,DEVICE_0021,,Entertainment transaction,2026-07-29T04:45:01.430392
1230,21,21,DEBIT,2426.03,Electricity Board,Utilities,Pune,DEVICE_0021,,Utilities transaction,2026-08-11T04:45:01.430392
1231,21,21,DEBIT,1690.57,Flipkart,Shopping,Pune,DEVICE_0021,,Shopping transaction,2026-04-12T04:45:01.430392
1232,21,21,DEBIT,3596.24,BookMyShow,Entertainment,Pune,DEVICE_0021,,Entertainment transaction,2026-05-06T04:45:01.430392
1233,21,21,DEBIT,1810.84,BigBasket,Groceries,Pune,DEVICE_0021,,Groceries transaction,2026-04-10T04:45:01.430392
1234,21,21,DEBIT,3133.29,Electricity Board,Utilities,Pune,DEVICE_0021,,Utilities transaction,2026-07-04T04:45:01.430392
1235,21,21,DEBIT,3907.5,BigBasket,Groceries,Pune,DEVICE_0021,,Groceries transaction,2026-06-29T04:45:01.430392
1236,21,21,DEBIT,3296.52,Reliance Fresh,Groceries,Pune,DEVICE_0021,,Groceries transaction,2026-08-08T04:45:01.430392
1237,21,21,DEBIT,2518.26,BigBasket,Groceries,Pune,DEVICE_0021,,Groceries transaction,2026-05-04T04:45:01.430392
1238,21,21,DEBIT,3443.79,Uber,Transport,Pune,DEVICE_0021,,Transport transaction,2026-04-25T04:45:01.430392
1239,21,21,DEBIT,1407.8,Jio,Utilities,Pune,DEVICE_0021,,Utilities transaction,2026-04-24T04:45:01.430392
1240,21,21,DEBIT,1036.24,Apollo Pharmacy,Healthcare,Pune,DEVICE_0021,,Healthcare transaction,2026-07-21T04:45:01.430392
1241,21,21,DEBIT,2948.65,BookMyShow,Entertainment,Pune,DEVICE_0021,,Entertainment transaction,2026-03-21T04:45:01.430392
1242,21,21,DEBIT,3744.35,Ola,Transport,Pune,DEVICE_0021,,Transport transaction,2026-08-10T04:45:01.430392
1243,21,21,DEBIT,2701.26,Electricity Board,Utilities,Pune,DEVICE_0021,,Utilities transaction,2026-07-29T04:45:01.430392
1244,21,21,DEBIT,2287.28,Netflix,Entertainment,Pune,DEVICE_0021,,Entertainment transaction,2026-04-02T04:45:01.430392
1245,21,21,DEBIT,2933.13,Ola,Transport,Pune,DEVICE_0021,,Transport transaction,2026-06-14T04:45:01.430392
1246,21,21,DEBIT,2048.26,Netflix,Entertainment,Pune,DEVICE_0021,,Entertainment transaction,2026-04-19T04:45:01.430392
1247,21,21,DEBIT,2932.25,Apollo Pharmacy,Healthcare,Pune,DEVICE_0021,,Healthcare transaction,2026-03-24T04:45:01.430392
1248,21,21,DEBIT,3639.22,Electricity Board,Utilities,Pune,DEVICE_0021,,Utilities transaction,2026-04-29T04:45:01.430392
1249,21,21,DEBIT,3576.16,Uber,Transport,Pune,DEVICE_0021,,Transport transaction,2026-05-27T04:45:01.430392
1250,21,21,DEBIT,249.14,Airtel,Utilities,Pune,DEVICE_0021,,Utilities transaction,2026-08-16T04:45:01.430392
1251,21,21,DEBIT,1665.43,Amazon,Shopping,Pune,DEVICE_0021,,Shopping transaction,2026-08-30T04:45:01.430392
1252,21,21,DEBIT,417.79,Apollo Pharmacy,Healthcare,Pune,DEVICE_0021,,Healthcare transaction,2026-07-06T04:45:01.430392
1253,21,21,DEBIT,3222.39,Airtel,Utilities,Pune,DEVICE_0021,,Utilities transaction,2026-07-01T04:45:01.430392
1254,21,21,DEBIT,1164.05,Apollo Pharmacy,Healthcare,Pune,DEVICE_0021,,Healthcare transaction,2026-08-28T04:45:01.430392
1255,21,21,DEBIT,3217.87,Electricity Board,Utilities,Pune,DEVICE_0021,,Utilities transaction,2026-07-22T04:45:01.430392
1256,21,21,DEBIT,2282.2,Airtel,Utilities,Pune,DEVICE_0021,,Utilities transaction,2026-06-13T04:45:01.430392
1257,21,21,DEBIT,1941.39,Jio,Utilities,Pune,DEVICE_0021,,Utilities transaction,2026-04-08T04:45:01.430392
1258,21,21,DEBIT,2799.14,Jio,Utilities,Pune,DEVICE_0021,,Utilities transaction,2026-04-22T04:45:01.430392
1259,21,21,DEBIT,1063.04,Jio,Utilities,Pune,DEVICE_0021,,Utilities transaction,2026-03-31T04:45:01.430392
1260,21,21,DEBIT,1696.27,Netflix,Entertainment,Pune,DEVICE_0021,,Entertainment transaction,2026-05-05T04:45:01.430392
1261,21,21,DEBIT,3265.88,Airtel,Utilities,Pune,DEVICE_0021,,Utilities transaction,2026-03-18T04:45:01.430392
1262,21,21,DEBIT,2866.12,Uber,Transport,Pune,DEVICE_0021,,Transport transaction,2026-08-31T04:45:01.430392
1263,21,21,DEBIT,1691.15,BigBasket,Groceries,Pune,DEVICE_0021,,Groceries transaction,2026-03-21T04:45:01.430392
1264,21,21,DEBIT,3916.12,Ola,Transport,Pune,DEVICE_0021,,Transport transaction,2026-08-30T04:45:01.430392
1265,21,21,DEBIT,3061.33,Amazon,Shopping,Pune,DEVICE_0021,,Shopping transaction,2026-07-23T04:45:01.430392
1266,21,21,DEBIT,3542.96,BookMyShow,Entertainment,Pune,DEVICE_0021,,Entertainment transaction,2026-05-22T04:45:01.430392
1267,21,21,DEBIT,1067.81,Jio,Utilities,Pune,DEVICE_0021,,Utilities transaction,2026-04-03T04:45:01.430392
1268,21,21,DEBIT,2930.03,Electricity Board,Utilities,Pune,DEVICE_0021,,Utilities transaction,2026-06-10T04:45:01.430392
1269,21,21,DEBIT,2463.86,Airtel,Utilities,Pune,DEVICE_0021,,Utilities transaction,2026-04-11T04:45:01.430392
1270,21,21,DEBIT,3186.28,Zomato,Food,Pune,DEVICE_0021,,Food transaction,2026-07-25T04:45:01.430392
1271,21,21,DEBIT,1926.85,Uber,Transport,Pune,DEVICE_0021,,Transport transaction,2026-03-22T04:45:01.430392
1272,21,21,DEBIT,919.41,Flipkart,Shopping,Pune,DEVICE_0021,,Shopping transaction,2026-07-30T04:45:01.430392
1273,21,21,DEBIT,2177.06,Electricity Board,Utilities,Pune,DEVICE_0021,,Utilities transaction,2026-06-08T04:45:01.430392
1274,21,21,DEBIT,1848.72,Amazon,Shopping,Pune,DEVICE_0021,,Shopping transaction,2026-04-23T04:45:01.430392
1275,21,21,DEBIT,700.44,Uber,Transport,Pune,DEVICE_0021,,Transport transaction,2026-04-16T04:45:01.430392
1276,21,21,DEBIT,1181.19,Jio,Utilities,Pune,DEVICE_0021,,Utilities transaction,2026-06-20T04:45:01.430392
1277,21,21,DEBIT,2930.58,Reliance Fresh,Groceries,Pune,DEVICE_0021,,Groceries transaction,2026-08-04T04:45:01.430392
1278,21,21,DEBIT,791.39,Amazon,Shopping,Pune,DEVICE_0021,,Shopping transaction,2026-06-22T04:45:01.430392
1279,21,21,DEBIT,395.67,BookMyShow,Entertainment,Pune,DEVICE_0021,,Entertainment transaction,2026-04-05T04:45:01.430392
1280,21,21,DEBIT,3444.04,BookMyShow,Entertainment,Pune,DEVICE_0021,,Entertainment transaction,2026-06-27T04:45:01.430392
1281,21,21,DEBIT,3239.23,Reliance Fresh,Groceries,Pune,DEVICE_0021,,Groceries transaction,2026-04-25T04:45:01.430392
1282,22,22,CREDIT,92905.51,Employer,Salary,Pune,DEVICE_0022,,Monthly salary credit,2026-09-01T04:45:01.430392
1283,22,22,DEBIT,5870.46,Flipkart,Shopping,Pune,DEVICE_0022,,Shopping transaction,2026-06-23T04:45:01.430392
1284,22,22,DEBIT,1790.86,Netflix,Entertainment,Pune,DEVICE_0022,,Entertainment transaction,2026-07-27T04:45:01.430392
1285,22,22,DEBIT,693.08,Netflix,Entertainment,Pune,DEVICE_0022,,Entertainment transaction,2026-05-06T04:45:01.430392
1286,22,22,DEBIT,3208.2,Swiggy,Food,Pune,DEVICE_0022,,Food transaction,2026-04-28T04:45:01.430392
1287,22,22,DEBIT,864.99,BigBasket,Groceries,Pune,DEVICE_0022,,Groceries transaction,2026-07-18T04:45:01.430392
1288,22,22,DEBIT,4997.53,Zomato,Food,Pune,DEVICE_0022,,Food transaction,2026-06-20T04:45:01.430392
1289,22,22,DEBIT,2323.26,Ola,Transport,Pune,DEVICE_0022,,Transport transaction,2026-04-07T04:45:01.430392
1290,22,22,DEBIT,3634.38,Netflix,Entertainment,Pune,DEVICE_0022,,Entertainment transaction,2026-04-22T04:45:01.430392
1291,22,22,DEBIT,5639.76,Jio,Utilities,Pune,DEVICE_0022,,Utilities transaction,2026-03-30T04:45:01.430392
1292,22,22,DEBIT,1029.72,Amazon,Shopping,Pune,DEVICE_0022,,Shopping transaction,2026-06-16T04:45:01.430392
1293,22,22,DEBIT,1938.3,Reliance Fresh,Groceries,Pune,DEVICE_0022,,Groceries transaction,2026-04-01T04:45:01.430392
1294,22,22,DEBIT,6843.77,BookMyShow,Entertainment,Pune,DEVICE_0022,,Entertainment transaction,2026-07-12T04:45:01.430392
1295,22,22,DEBIT,5136.51,Amazon,Shopping,Pune,DEVICE_0022,,Shopping transaction,2026-06-22T04:45:01.430392
1296,22,22,DEBIT,6824.43,BigBasket,Groceries,Pune,DEVICE_0022,,Groceries transaction,2026-08-14T04:45:01.430392
1297,22,22,DEBIT,2055.78,BigBasket,Groceries,Pune,DEVICE_0022,,Groceries transaction,2026-07-02T04:45:01.430392
1298,22,22,DEBIT,6791.18,Amazon,Shopping,Pune,DEVICE_0022,,Shopping transaction,2026-06-09T04:45:01.430392
1299,22,22,DEBIT,6006.32,Netflix,Entertainment,Pune,DEVICE_0022,,Entertainment transaction,2026-05-21T04:45:01.430392
1300,22,22,DEBIT,517.15,Reliance Fresh,Groceries,Pune,DEVICE_0022,,Groceries transaction,2026-03-30T04:45:01.430392
1301,22,22,DEBIT,2516.64,Zomato,Food,Pune,DEVICE_0022,,Food transaction,2026-08-22T04:45:01.430392
1302,22,22,DEBIT,1410.67,Flipkart,Shopping,Pune,DEVICE_0022,,Shopping transaction,2026-04-28T04:45:01.430392
1303,22,22,DEBIT,253.02,Netflix,Entertainment,Pune,DEVICE_0022,,Entertainment transaction,2026-08-27T04:45:01.430392
1304,22,22,DEBIT,5048.16,Zomato,Food,Pune,DEVICE_0022,,Food transaction,2026-07-20T04:45:01.430392
1305,22,22,DEBIT,5157.15,Jio,Utilities,Pune,DEVICE_0022,,Utilities transaction,2026-08-17T04:45:01.430392
1306,22,22,DEBIT,4089.28,Zomato,Food,Pune,DEVICE_0022,,Food transaction,2026-03-17T04:45:01.430392
1307,22,22,DEBIT,5806.64,Electricity Board,Utilities,Pune,DEVICE_0022,,Utilities transaction,2026-03-31T04:45:01.430392
1308,22,22,DEBIT,6996.69,Jio,Utilities,Pune,DEVICE_0022,,Utilities transaction,2026-03-21T04:45:01.430392
1309,22,22,DEBIT,371.79,Swiggy,Food,Pune,DEVICE_0022,,Food transaction,2026-06-20T04:45:01.430392
1310,22,22,DEBIT,832.99,Amazon,Shopping,Pune,DEVICE_0022,,Shopping transaction,2026-08-30T04:45:01.430392
1311,22,22,DEBIT,5944.11,Swiggy,Food,Pune,DEVICE_0022,,Food transaction,2026-04-23T04:45:01.430392
1312,22,22,DEBIT,4358.38,Flipkart,Shopping,Pune,DEVICE_0022,,Shopping transaction,2026-07-16T04:45:01.430392
1313,22,22,DEBIT,3148.18,Uber,Transport,Pune,DEVICE_0022,,Transport transaction,2026-05-20T04:45:01.430392
1314,22,22,DEBIT,3125.15,Apollo Pharmacy,Healthcare,Pune,DEVICE_0022,,Healthcare transaction,2026-06-24T04:45:01.430392
1315,22,22,DEBIT,3017.05,Amazon,Shopping,Pune,DEVICE_0022,,Shopping transaction,2026-08-13T04:45:01.430392
1316,22,22,DEBIT,242.66,Netflix,Entertainment,Pune,DEVICE_0022,,Entertainment transaction,2026-04-07T04:45:01.430392
1317,22,22,DEBIT,5667.44,Flipkart,Shopping,Pune,DEVICE_0022,,Shopping transaction,2026-04-16T04:45:01.430392
1318,22,22,DEBIT,5269.09,Amazon,Shopping,Pune,DEVICE_0022,,Shopping transaction,2026-08-25T04:45:01.430392
1319,22,22,DEBIT,6912.05,Ola,Transport,Pune,DEVICE_0022,,Transport transaction,2026-08-16T04:45:01.430392
1320,22,22,DEBIT,5891.15,Uber,Transport,Pune,DEVICE_0022,,Transport transaction,2026-06-27T04:45:01.430392
1321,22,22,DEBIT,825.64,BookMyShow,Entertainment,Pune,DEVICE_0022,,Entertainment transaction,2026-05-23T04:45:01.430392
1322,22,22,DEBIT,3057.63,BigBasket,Groceries,Pune,DEVICE_0022,,Groceries transaction,2026-03-27T04:45:01.430392
1323,22,22,DEBIT,3628.09,Amazon,Shopping,Pune,DEVICE_0022,,Shopping transaction,2026-04-29T04:45:01.430392
1324,22,22,DEBIT,1186.37,Zomato,Food,Pune,DEVICE_0022,,Food transaction,2026-06-04T04:45:01.430392
1325,22,22,DEBIT,5967.76,Airtel,Utilities,Pune,DEVICE_0022,,Utilities transaction,2026-04-26T04:45:01.430392
1326,22,22,DEBIT,7144.11,Uber,Transport,Pune,DEVICE_0022,,Transport transaction,2026-08-07T04:45:01.430392
1327,22,22,DEBIT,5098.45,Uber,Transport,Pune,DEVICE_0022,,Transport transaction,2026-03-31T04:45:01.430392
1328,22,22,DEBIT,7124.28,Ola,Transport,Pune,DEVICE_0022,,Transport transaction,2026-09-10T04:45:01.430392
1329,22,22,DEBIT,6526.7,Netflix,Entertainment,Pune,DEVICE_0022,,Entertainment transaction,2026-08-07T04:45:01.430392
1330,22,22,DEBIT,502.12,Flipkart,Shopping,Pune,DEVICE_0022,,Shopping transaction,2026-04-19T04:45:01.430392
1331,22,22,DEBIT,3050.17,BookMyShow,Entertainment,Pune,DEVICE_0022,,Entertainment transaction,2026-04-25T04:45:01.430392
1332,22,22,DEBIT,2403.66,Flipkart,Shopping,Pune,DEVICE_0022,,Shopping transaction,2026-06-16T04:45:01.430392
1333,22,22,DEBIT,3184.5,Zomato,Food,Pune,DEVICE_0022,,Food transaction,2026-03-31T04:45:01.430392
1334,22,22,DEBIT,3907.01,Jio,Utilities,Pune,DEVICE_0022,,Utilities transaction,2026-08-02T04:45:01.430392
1335,22,22,DEBIT,1796.84,Swiggy,Food,Pune,DEVICE_0022,,Food transaction,2026-07-10T04:45:01.430392
1336,22,22,DEBIT,1029.0,Zomato,Food,Pune,DEVICE_0022,,Food transaction,2026-03-25T04:45:01.430392
1337,22,22,DEBIT,4302.91,Airtel,Utilities,Pune,DEVICE_0022,,Utilities transaction,2026-08-30T04:45:01.430392
1338,22,22,DEBIT,5631.87,Jio,Utilities,Pune,DEVICE_0022,,Utilities transaction,2026-04-25T04:45:01.430392
1339,22,22,DEBIT,4862.57,Reliance Fresh,Groceries,Pune,DEVICE_0022,,Groceries transaction,2026-08-25T04:45:01.430392
1340,22,22,DEBIT,5057.92,Uber,Transport,Pune,DEVICE_0022,,Transport transaction,2026-07-10T04:45:01.430392
1341,22,22,DEBIT,1627.81,Flipkart,Shopping,Pune,DEVICE_0022,,Shopping transaction,2026-04-17T04:45:01.430392
1342,22,22,DEBIT,7081.96,Reliance Fresh,Groceries,Pune,DEVICE_0022,,Groceries transaction,2026-06-13T04:45:01.430392
1343,23,23,CREDIT,116187.85,Employer,Salary,Ahmedabad,DEVICE_0023,,Monthly salary credit,2026-09-08T04:45:01.430392
1344,23,23,DEBIT,6161.55,Apollo Pharmacy,Healthcare,Ahmedabad,DEVICE_0023,,Healthcare transaction,2026-08-18T04:45:01.430392
1345,23,23,DEBIT,5834.51,Uber,Transport,Ahmedabad,DEVICE_0023,,Transport transaction,2026-07-25T04:45:01.430392
1346,23,23,DEBIT,4618.92,Ola,Transport,Ahmedabad,DEVICE_0023,,Transport transaction,2026-06-20T04:45:01.430392
1347,23,23,DEBIT,6197.46,BookMyShow,Entertainment,Ahmedabad,DEVICE_0023,,Entertainment transaction,2026-03-19T04:45:01.430392
1348,23,23,DEBIT,1586.04,BookMyShow,Entertainment,Ahmedabad,DEVICE_0023,,Entertainment transaction,2026-04-20T04:45:01.430392
1349,23,23,DEBIT,7546.05,Ola,Transport,Ahmedabad,DEVICE_0023,,Transport transaction,2026-05-26T04:45:01.430392
1350,23,23,DEBIT,243.95,Swiggy,Food,Ahmedabad,DEVICE_0023,,Food transaction,2026-07-11T04:45:01.430392
1351,23,23,DEBIT,2214.78,Airtel,Utilities,Ahmedabad,DEVICE_0023,,Utilities transaction,2026-04-01T04:45:01.430392
1352,23,23,DEBIT,2716.41,BigBasket,Groceries,Ahmedabad,DEVICE_0023,,Groceries transaction,2026-06-12T04:45:01.430392
1353,23,23,DEBIT,6380.8,Swiggy,Food,Ahmedabad,DEVICE_0023,,Food transaction,2026-06-20T04:45:01.430392
1354,23,23,DEBIT,4409.62,Reliance Fresh,Groceries,Ahmedabad,DEVICE_0023,,Groceries transaction,2026-06-13T04:45:01.430392
1355,23,23,DEBIT,2978.27,Airtel,Utilities,Ahmedabad,DEVICE_0023,,Utilities transaction,2026-04-24T04:45:01.430392
1356,23,23,DEBIT,1798.63,Flipkart,Shopping,Ahmedabad,DEVICE_0023,,Shopping transaction,2026-04-10T04:45:01.430392
1357,23,23,DEBIT,7856.13,Flipkart,Shopping,Ahmedabad,DEVICE_0023,,Shopping transaction,2026-08-08T04:45:01.430392
1358,23,23,DEBIT,1986.55,Netflix,Entertainment,Ahmedabad,DEVICE_0023,,Entertainment transaction,2026-04-05T04:45:01.430392
1359,23,23,DEBIT,6815.95,Flipkart,Shopping,Ahmedabad,DEVICE_0023,,Shopping transaction,2026-09-08T04:45:01.430392
1360,23,23,DEBIT,4812.8,Jio,Utilities,Ahmedabad,DEVICE_0023,,Utilities transaction,2026-09-05T04:45:01.430392
1361,23,23,DEBIT,5492.31,Jio,Utilities,Ahmedabad,DEVICE_0023,,Utilities transaction,2026-06-01T04:45:01.430392
1362,23,23,DEBIT,5566.4,Airtel,Utilities,Ahmedabad,DEVICE_0023,,Utilities transaction,2026-09-03T04:45:01.430392
1363,23,23,DEBIT,2570.31,Netflix,Entertainment,Ahmedabad,DEVICE_0023,,Entertainment transaction,2026-04-27T04:45:01.430392
1364,23,23,DEBIT,6147.31,Reliance Fresh,Groceries,Ahmedabad,DEVICE_0023,,Groceries transaction,2026-08-05T04:45:01.430392
1365,23,23,DEBIT,3769.78,Ola,Transport,Ahmedabad,DEVICE_0023,,Transport transaction,2026-04-15T04:45:01.430392
1366,23,23,DEBIT,7995.93,Electricity Board,Utilities,Ahmedabad,DEVICE_0023,,Utilities transaction,2026-08-09T04:45:01.430392
1367,23,23,DEBIT,4757.73,Reliance Fresh,Groceries,Ahmedabad,DEVICE_0023,,Groceries transaction,2026-08-20T04:45:01.430392
1368,23,23,DEBIT,3509.37,BigBasket,Groceries,Ahmedabad,DEVICE_0023,,Groceries transaction,2026-09-10T04:45:01.430392
1369,23,23,DEBIT,2372.63,Apollo Pharmacy,Healthcare,Ahmedabad,DEVICE_0023,,Healthcare transaction,2026-04-08T04:45:01.430392
1370,23,23,DEBIT,1708.35,Apollo Pharmacy,Healthcare,Ahmedabad,DEVICE_0023,,Healthcare transaction,2026-05-04T04:45:01.430392
1371,23,23,DEBIT,4258.39,Swiggy,Food,Ahmedabad,DEVICE_0023,,Food transaction,2026-07-29T04:45:01.430392
1372,23,23,DEBIT,8828.56,BookMyShow,Entertainment,Ahmedabad,DEVICE_0023,,Entertainment transaction,2026-03-28T04:45:01.430392
1373,23,23,DEBIT,9001.58,Jio,Utilities,Ahmedabad,DEVICE_0023,,Utilities transaction,2026-05-12T04:45:01.430392
1374,23,23,DEBIT,567.62,Ola,Transport,Ahmedabad,DEVICE_0023,,Transport transaction,2026-05-11T04:45:01.430392
1375,23,23,DEBIT,771.72,Zomato,Food,Ahmedabad,DEVICE_0023,,Food transaction,2026-06-10T04:45:01.430392
1376,23,23,DEBIT,589.34,Zomato,Food,Ahmedabad,DEVICE_0023,,Food transaction,2026-07-22T04:45:01.430392
1377,23,23,DEBIT,8455.79,Netflix,Entertainment,Ahmedabad,DEVICE_0023,,Entertainment transaction,2026-06-12T04:45:01.430392
1378,23,23,DEBIT,4471.7,BigBasket,Groceries,Ahmedabad,DEVICE_0023,,Groceries transaction,2026-05-19T04:45:01.430392
1379,23,23,DEBIT,562.93,Amazon,Shopping,Ahmedabad,DEVICE_0023,,Shopping transaction,2026-03-30T04:45:01.430392
1380,23,23,DEBIT,1138.83,Ola,Transport,Ahmedabad,DEVICE_0023,,Transport transaction,2026-05-02T04:45:01.430392
1381,23,23,DEBIT,7745.66,Apollo Pharmacy,Healthcare,Ahmedabad,DEVICE_0023,,Healthcare transaction,2026-07-07T04:45:01.430392
1382,23,23,DEBIT,5150.88,BookMyShow,Entertainment,Ahmedabad,DEVICE_0023,,Entertainment transaction,2026-07-30T04:45:01.430392
1383,23,23,DEBIT,6145.2,BigBasket,Groceries,Ahmedabad,DEVICE_0023,,Groceries transaction,2026-06-11T04:45:01.430392
1384,23,23,DEBIT,6142.11,BookMyShow,Entertainment,Ahmedabad,DEVICE_0023,,Entertainment transaction,2026-08-24T04:45:01.430392
1385,23,23,DEBIT,2488.19,Netflix,Entertainment,Ahmedabad,DEVICE_0023,,Entertainment transaction,2026-07-17T04:45:01.430392
1386,23,23,DEBIT,3891.15,Netflix,Entertainment,Ahmedabad,DEVICE_0023,,Entertainment transaction,2026-06-16T04:45:01.430392
1387,23,23,DEBIT,7409.24,Reliance Fresh,Groceries,Ahmedabad,DEVICE_0023,,Groceries transaction,2026-04-11T04:45:01.430392
1388,23,23,DEBIT,4764.22,Amazon,Shopping,Ahmedabad,DEVICE_0023,,Shopping transaction,2026-08-08T04:45:01.430392
1389,23,23,DEBIT,1706.19,Reliance Fresh,Groceries,Ahmedabad,DEVICE_0023,,Groceries transaction,2026-08-24T04:45:01.430392
1390,23,23,DEBIT,6052.44,Netflix,Entertainment,Ahmedabad,DEVICE_0023,,Entertainment transaction,2026-07-20T04:45:01.430392
1391,23,23,DEBIT,1899.91,Swiggy,Food,Ahmedabad,DEVICE_0023,,Food transaction,2026-06-12T04:45:01.430392
1392,23,23,DEBIT,6723.89,BookMyShow,Entertainment,Ahmedabad,DEVICE_0023,,Entertainment transaction,2026-08-13T04:45:01.430392
1393,23,23,DEBIT,2295.01,Apollo Pharmacy,Healthcare,Ahmedabad,DEVICE_0023,,Healthcare transaction,2026-06-20T04:45:01.430392
1394,23,23,DEBIT,1230.82,Electricity Board,Utilities,Ahmedabad,DEVICE_0023,,Utilities transaction,2026-03-24T04:45:01.430392
1395,23,23,DEBIT,4556.71,Reliance Fresh,Groceries,Ahmedabad,DEVICE_0023,,Groceries transaction,2026-04-14T04:45:01.430392
1396,23,23,DEBIT,6086.84,Swiggy,Food,Ahmedabad,DEVICE_0023,,Food transaction,2026-05-30T04:45:01.430392
1397,23,23,DEBIT,2416.19,Amazon,Shopping,Ahmedabad,DEVICE_0023,,Shopping transaction,2026-08-11T04:45:01.430392
1398,23,23,DEBIT,5587.42,BookMyShow,Entertainment,Ahmedabad,DEVICE_0023,,Entertainment transaction,2026-08-09T04:45:01.430392
1399,23,23,DEBIT,4862.5,Apollo Pharmacy,Healthcare,Ahmedabad,DEVICE_0023,,Healthcare transaction,2026-04-19T04:45:01.430392
1400,23,23,DEBIT,708.52,Swiggy,Food,Ahmedabad,DEVICE_0023,,Food transaction,2026-07-08T04:45:01.430392
1401,23,23,DEBIT,4898.86,Swiggy,Food,Ahmedabad,DEVICE_0023,,Food transaction,2026-06-01T04:45:01.430392
1402,23,23,DEBIT,9015.3,BookMyShow,Entertainment,Ahmedabad,DEVICE_0023,,Entertainment transaction,2026-04-02T04:45:01.430392
1403,23,23,DEBIT,8190.06,Amazon,Shopping,Ahmedabad,DEVICE_0023,,Shopping transaction,2026-03-27T04:45:01.430392
1404,24,24,CREDIT,158243.49,Employer,Salary,Surat,DEVICE_0024,,Monthly salary credit,2026-09-03T04:45:01.430392
1405,24,24,DEBIT,2898.64,Flipkart,Shopping,Surat,DEVICE_0024,,Shopping transaction,2026-04-10T04:45:01.430392
1406,24,24,DEBIT,11006.14,Reliance Fresh,Groceries,Surat,DEVICE_0024,,Groceries transaction,2026-07-31T04:45:01.430392
1407,24,24,DEBIT,10545.9,Zomato,Food,Surat,DEVICE_0024,,Food transaction,2026-04-12T04:45:01.430392
1408,24,24,DEBIT,10100.5,Swiggy,Food,Surat,DEVICE_0024,,Food transaction,2026-07-28T04:45:01.430392
1409,24,24,DEBIT,8418.88,BookMyShow,Entertainment,Surat,DEVICE_0024,,Entertainment transaction,2026-07-07T04:45:01.430392
1410,24,24,DEBIT,9222.99,Swiggy,Food,Surat,DEVICE_0024,,Food transaction,2026-06-17T04:45:01.430392
1411,24,24,DEBIT,7632.5,Reliance Fresh,Groceries,Surat,DEVICE_0024,,Groceries transaction,2026-08-26T04:45:01.430392
1412,24,24,DEBIT,4912.32,Zomato,Food,Surat,DEVICE_0024,,Food transaction,2026-08-10T04:45:01.430392
1413,24,24,DEBIT,406.36,Flipkart,Shopping,Surat,DEVICE_0024,,Shopping transaction,2026-05-02T04:45:01.430392
1414,24,24,DEBIT,11529.89,Jio,Utilities,Surat,DEVICE_0024,,Utilities transaction,2026-03-21T04:45:01.430392
1415,24,24,DEBIT,10497.94,BigBasket,Groceries,Surat,DEVICE_0024,,Groceries transaction,2026-04-10T04:45:01.430392
1416,24,24,DEBIT,2410.59,Flipkart,Shopping,Surat,DEVICE_0024,,Shopping transaction,2026-04-08T04:45:01.430392
1417,24,24,DEBIT,686.38,BookMyShow,Entertainment,Surat,DEVICE_0024,,Entertainment transaction,2026-04-29T04:45:01.430392
1418,24,24,DEBIT,9574.3,Netflix,Entertainment,Surat,DEVICE_0024,,Entertainment transaction,2026-08-20T04:45:01.430392
1419,24,24,DEBIT,8415.69,Reliance Fresh,Groceries,Surat,DEVICE_0024,,Groceries transaction,2026-04-11T04:45:01.430392
1420,24,24,DEBIT,10510.49,Netflix,Entertainment,Surat,DEVICE_0024,,Entertainment transaction,2026-03-23T04:45:01.430392
1421,24,24,DEBIT,5576.23,Apollo Pharmacy,Healthcare,Surat,DEVICE_0024,,Healthcare transaction,2026-05-28T04:45:01.430392
1422,24,24,DEBIT,11099.86,Ola,Transport,Surat,DEVICE_0024,,Transport transaction,2026-03-18T04:45:01.430392
1423,24,24,DEBIT,5544.57,Netflix,Entertainment,Surat,DEVICE_0024,,Entertainment transaction,2026-05-12T04:45:01.430392
1424,24,24,DEBIT,9777.25,Airtel,Utilities,Surat,DEVICE_0024,,Utilities transaction,2026-06-15T04:45:01.430392
1425,24,24,DEBIT,10225.16,BookMyShow,Entertainment,Surat,DEVICE_0024,,Entertainment transaction,2026-03-18T04:45:01.430392
1426,24,24,DEBIT,1417.5,BookMyShow,Entertainment,Surat,DEVICE_0024,,Entertainment transaction,2026-08-09T04:45:01.430392
1427,24,24,DEBIT,6144.93,Uber,Transport,Surat,DEVICE_0024,,Transport transaction,2026-07-15T04:45:01.430392
1428,24,24,DEBIT,1244.32,Jio,Utilities,Surat,DEVICE_0024,,Utilities transaction,2026-04-12T04:45:01.430392
1429,24,24,DEBIT,5291.53,Netflix,Entertainment,Surat,DEVICE_0024,,Entertainment transaction,2026-07-26T04:45:01.430392
1430,24,24,DEBIT,9035.63,Amazon,Shopping,Surat,DEVICE_0024,,Shopping transaction,2026-09-11T04:45:01.430392
1431,24,24,DEBIT,6710.58,BookMyShow,Entertainment,Surat,DEVICE_0024,,Entertainment transaction,2026-05-02T04:45:01.430392
1432,24,24,DEBIT,4872.68,Amazon,Shopping,Surat,DEVICE_0024,,Shopping transaction,2026-07-22T04:45:01.430392
1433,24,24,DEBIT,10221.0,Electricity Board,Utilities,Surat,DEVICE_0024,,Utilities transaction,2026-05-31T04:45:01.430392
1434,24,24,DEBIT,1527.97,Ola,Transport,Surat,DEVICE_0024,,Transport transaction,2026-05-26T04:45:01.430392
1435,24,24,DEBIT,7493.41,Apollo Pharmacy,Healthcare,Surat,DEVICE_0024,,Healthcare transaction,2026-07-08T04:45:01.430392
1436,24,24,DEBIT,6879.59,Jio,Utilities,Surat,DEVICE_0024,,Utilities transaction,2026-04-21T04:45:01.430392
1437,24,24,DEBIT,7823.71,Ola,Transport,Surat,DEVICE_0024,,Transport transaction,2026-03-22T04:45:01.430392
1438,24,24,DEBIT,9606.56,BigBasket,Groceries,Surat,DEVICE_0024,,Groceries transaction,2026-05-30T04:45:01.430392
1439,24,24,DEBIT,9965.6,Netflix,Entertainment,Surat,DEVICE_0024,,Entertainment transaction,2026-05-12T04:45:01.430392
1440,24,24,DEBIT,4812.66,Swiggy,Food,Surat,DEVICE_0024,,Food transaction,2026-04-23T04:45:01.430392
1441,24,24,DEBIT,3361.94,Reliance Fresh,Groceries,Surat,DEVICE_0024,,Groceries transaction,2026-06-26T04:45:01.430392
1442,24,24,DEBIT,4490.5,BookMyShow,Entertainment,Surat,DEVICE_0024,,Entertainment transaction,2026-03-16T04:45:01.430392
1443,24,24,DEBIT,9367.47,BigBasket,Groceries,Surat,DEVICE_0024,,Groceries transaction,2026-03-28T04:45:01.430392
1444,24,24,DEBIT,9517.38,Flipkart,Shopping,Surat,DEVICE_0024,,Shopping transaction,2026-05-21T04:45:01.430392
1445,24,24,DEBIT,8913.06,Airtel,Utilities,Surat,DEVICE_0024,,Utilities transaction,2026-08-02T04:45:01.430392
1446,24,24,DEBIT,2872.04,Flipkart,Shopping,Surat,DEVICE_0024,,Shopping transaction,2026-06-02T04:45:01.430392
1447,24,24,DEBIT,4416.76,Airtel,Utilities,Surat,DEVICE_0024,,Utilities transaction,2026-04-25T04:45:01.430392
1448,24,24,DEBIT,8884.97,BookMyShow,Entertainment,Surat,DEVICE_0024,,Entertainment transaction,2026-03-16T04:45:01.430392
1449,24,24,DEBIT,2202.71,Amazon,Shopping,Surat,DEVICE_0024,,Shopping transaction,2026-04-03T04:45:01.430392
1450,24,24,DEBIT,10222.02,Amazon,Shopping,Surat,DEVICE_0024,,Shopping transaction,2026-08-06T04:45:01.430392
1451,24,24,DEBIT,11735.76,Reliance Fresh,Groceries,Surat,DEVICE_0024,,Groceries transaction,2026-05-24T04:45:01.430392
1452,24,24,DEBIT,998.41,Flipkart,Shopping,Surat,DEVICE_0024,,Shopping transaction,2026-07-18T04:45:01.430392
1453,24,24,DEBIT,1197.25,Ola,Transport,Surat,DEVICE_0024,,Transport transaction,2026-09-03T04:45:01.430392
1454,24,24,DEBIT,4988.5,Electricity Board,Utilities,Surat,DEVICE_0024,,Utilities transaction,2026-06-02T04:45:01.430392
1455,24,24,DEBIT,8375.6,BookMyShow,Entertainment,Surat,DEVICE_0024,,Entertainment transaction,2026-07-01T04:45:01.430392
1456,24,24,DEBIT,12205.08,Electricity Board,Utilities,Surat,DEVICE_0024,,Utilities transaction,2026-08-29T04:45:01.430392
1457,24,24,DEBIT,10419.62,Airtel,Utilities,Surat,DEVICE_0024,,Utilities transaction,2026-04-02T04:45:01.430392
1458,24,24,DEBIT,5669.36,Reliance Fresh,Groceries,Surat,DEVICE_0024,,Groceries transaction,2026-07-23T04:45:01.430392
1459,24,24,DEBIT,8384.44,Jio,Utilities,Surat,DEVICE_0024,,Utilities transaction,2026-05-03T04:45:01.430392
1460,24,24,DEBIT,2626.44,Uber,Transport,Surat,DEVICE_0024,,Transport transaction,2026-04-12T04:45:01.430392
1461,24,24,DEBIT,6626.77,Netflix,Entertainment,Surat,DEVICE_0024,,Entertainment transaction,2026-07-15T04:45:01.430392
1462,24,24,DEBIT,2311.67,BookMyShow,Entertainment,Surat,DEVICE_0024,,Entertainment transaction,2026-09-03T04:45:01.430392
1463,24,24,DEBIT,3181.01,Ola,Transport,Surat,DEVICE_0024,,Transport transaction,2026-09-12T04:45:01.430392
1464,24,24,DEBIT,1282.02,Swiggy,Food,Surat,DEVICE_0024,,Food transaction,2026-07-04T04:45:01.430392
1465,25,25,CREDIT,137119.65,Employer,Salary,Surat,DEVICE_0025,,Monthly salary credit,2026-08-19T04:45:01.430392
1466,25,25,DEBIT,4003.03,BigBasket,Groceries,Surat,DEVICE_0025,,Groceries transaction,2026-06-03T04:45:01.430392
1467,25,25,DEBIT,6511.83,BigBasket,Groceries,Surat,DEVICE_0025,,Groceries transaction,2026-05-03T04:45:01.430392
1468,25,25,DEBIT,8136.37,Amazon,Shopping,Surat,DEVICE_0025,,Shopping transaction,2026-08-26T04:45:01.430392
1469,25,25,DEBIT,6118.88,Flipkart,Shopping,Surat,DEVICE_0025,,Shopping transaction,2026-04-22T04:45:01.430392
1470,25,25,DEBIT,3948.84,BookMyShow,Entertainment,Surat,DEVICE_0025,,Entertainment transaction,2026-07-04T04:45:01.430392
1471,25,25,DEBIT,6730.27,Zomato,Food,Surat,DEVICE_0025,,Food transaction,2026-07-25T04:45:01.430392
1472,25,25,DEBIT,10212.62,Reliance Fresh,Groceries,Surat,DEVICE_0025,,Groceries transaction,2026-04-18T04:45:01.430392
1473,25,25,DEBIT,3012.02,Amazon,Shopping,Surat,DEVICE_0025,,Shopping transaction,2026-05-31T04:45:01.430392
1474,25,25,DEBIT,1346.58,Netflix,Entertainment,Surat,DEVICE_0025,,Entertainment transaction,2026-08-25T04:45:01.430392
1475,25,25,DEBIT,3368.97,Netflix,Entertainment,Surat,DEVICE_0025,,Entertainment transaction,2026-08-14T04:45:01.430392
1476,25,25,DEBIT,5727.88,Airtel,Utilities,Surat,DEVICE_0025,,Utilities transaction,2026-07-09T04:45:01.430392
1477,25,25,DEBIT,8957.25,Netflix,Entertainment,Surat,DEVICE_0025,,Entertainment transaction,2026-04-18T04:45:01.430392
1478,25,25,DEBIT,7676.15,Uber,Transport,Surat,DEVICE_0025,,Transport transaction,2026-06-08T04:45:01.430392
1479,25,25,DEBIT,5408.49,BookMyShow,Entertainment,Surat,DEVICE_0025,,Entertainment transaction,2026-07-12T04:45:01.430392
1480,25,25,DEBIT,3858.0,Airtel,Utilities,Surat,DEVICE_0025,,Utilities transaction,2026-05-18T04:45:01.430392
1481,25,25,DEBIT,5161.76,Apollo Pharmacy,Healthcare,Surat,DEVICE_0025,,Healthcare transaction,2026-04-15T04:45:01.430392
1482,25,25,DEBIT,494.56,Jio,Utilities,Surat,DEVICE_0025,,Utilities transaction,2026-08-14T04:45:01.430392
1483,25,25,DEBIT,927.53,Uber,Transport,Surat,DEVICE_0025,,Transport transaction,2026-04-03T04:45:01.430392
1484,25,25,DEBIT,10907.09,Airtel,Utilities,Surat,DEVICE_0025,,Utilities transaction,2026-03-23T04:45:01.430392
1485,25,25,DEBIT,2676.25,Electricity Board,Utilities,Surat,DEVICE_0025,,Utilities transaction,2026-06-24T04:45:01.430392
1486,25,25,DEBIT,10489.74,BigBasket,Groceries,Surat,DEVICE_0025,,Groceries transaction,2026-05-03T04:45:01.430392
1487,25,25,DEBIT,304.71,Netflix,Entertainment,Surat,DEVICE_0025,,Entertainment transaction,2026-07-07T04:45:01.430392
1488,25,25,DEBIT,3293.99,Zomato,Food,Surat,DEVICE_0025,,Food transaction,2026-06-02T04:45:01.430392
1489,25,25,DEBIT,8264.13,Apollo Pharmacy,Healthcare,Surat,DEVICE_0025,,Healthcare transaction,2026-06-17T04:45:01.430392
1490,25,25,DEBIT,6172.28,Flipkart,Shopping,Surat,DEVICE_0025,,Shopping transaction,2026-07-29T04:45:01.430392
1491,25,25,DEBIT,3580.28,Reliance Fresh,Groceries,Surat,DEVICE_0025,,Groceries transaction,2026-07-19T04:45:01.430392
1492,25,25,DEBIT,3097.83,BookMyShow,Entertainment,Surat,DEVICE_0025,,Entertainment transaction,2026-03-22T04:45:01.430392
1493,25,25,DEBIT,5574.01,Zomato,Food,Surat,DEVICE_0025,,Food transaction,2026-07-23T04:45:01.430392
1494,25,25,DEBIT,8120.26,Zomato,Food,Surat,DEVICE_0025,,Food transaction,2026-07-07T04:45:01.430392
1495,25,25,DEBIT,2668.47,Zomato,Food,Surat,DEVICE_0025,,Food transaction,2026-07-11T04:45:01.430392
1496,25,25,DEBIT,6862.02,Jio,Utilities,Surat,DEVICE_0025,,Utilities transaction,2026-08-04T04:45:01.430392
1497,25,25,DEBIT,1349.0,Airtel,Utilities,Surat,DEVICE_0025,,Utilities transaction,2026-08-23T04:45:01.430392
1498,25,25,DEBIT,10493.34,Apollo Pharmacy,Healthcare,Surat,DEVICE_0025,,Healthcare transaction,2026-05-09T04:45:01.430392
1499,25,25,DEBIT,271.33,BookMyShow,Entertainment,Surat,DEVICE_0025,,Entertainment transaction,2026-04-27T04:45:01.430392
1500,25,25,DEBIT,9332.71,Amazon,Shopping,Surat,DEVICE_0025,,Shopping transaction,2026-06-09T04:45:01.430392
1501,25,25,DEBIT,3596.91,BookMyShow,Entertainment,Surat,DEVICE_0025,,Entertainment transaction,2026-04-18T04:45:01.430392
1502,25,25,DEBIT,3158.76,Jio,Utilities,Surat,DEVICE_0025,,Utilities transaction,2026-07-28T04:45:01.430392
1503,25,25,DEBIT,10065.0,Airtel,Utilities,Surat,DEVICE_0025,,Utilities transaction,2026-07-03T04:45:01.430392
1504,25,25,DEBIT,2591.84,BigBasket,Groceries,Surat,DEVICE_0025,,Groceries transaction,2026-04-18T04:45:01.430392
1505,25,25,DEBIT,783.15,Swiggy,Food,Surat,DEVICE_0025,,Food transaction,2026-05-27T04:45:01.430392
1506,25,25,DEBIT,10319.68,Reliance Fresh,Groceries,Surat,DEVICE_0025,,Groceries transaction,2026-09-04T04:45:01.430392
1507,25,25,DEBIT,3940.15,Netflix,Entertainment,Surat,DEVICE_0025,,Entertainment transaction,2026-03-21T04:45:01.430392
1508,25,25,DEBIT,2082.53,Airtel,Utilities,Surat,DEVICE_0025,,Utilities transaction,2026-08-13T04:45:01.430392
1509,25,25,DEBIT,5780.85,Electricity Board,Utilities,Surat,DEVICE_0025,,Utilities transaction,2026-06-24T04:45:01.430392
1510,25,25,DEBIT,290.66,Electricity Board,Utilities,Surat,DEVICE_0025,,Utilities transaction,2026-03-24T04:45:01.430392
1511,25,25,DEBIT,4286.28,Zomato,Food,Surat,DEVICE_0025,,Food transaction,2026-08-18T04:45:01.430392
1512,25,25,DEBIT,4094.3,Ola,Transport,Surat,DEVICE_0025,,Transport transaction,2026-07-08T04:45:01.430392
1513,25,25,DEBIT,6107.79,Swiggy,Food,Surat,DEVICE_0025,,Food transaction,2026-07-14T04:45:01.430392
1514,25,25,DEBIT,5276.19,Uber,Transport,Surat,DEVICE_0025,,Transport transaction,2026-04-09T04:45:01.430392
1515,25,25,DEBIT,4140.85,Ola,Transport,Surat,DEVICE_0025,,Transport transaction,2026-05-08T04:45:01.430392
1516,25,25,DEBIT,2467.34,BigBasket,Groceries,Surat,DEVICE_0025,,Groceries transaction,2026-03-17T04:45:01.430392
1517,25,25,DEBIT,4209.62,Airtel,Utilities,Surat,DEVICE_0025,,Utilities transaction,2026-06-02T04:45:01.430392
1518,25,25,DEBIT,5054.16,Uber,Transport,Surat,DEVICE_0025,,Transport transaction,2026-04-19T04:45:01.430392
1519,25,25,DEBIT,10746.35,Swiggy,Food,Surat,DEVICE_0025,,Food transaction,2026-03-21T04:45:01.430392
1520,25,25,DEBIT,8968.48,Zomato,Food,Surat,DEVICE_0025,,Food transaction,2026-07-05T04:45:01.430392
1521,25,25,DEBIT,2739.52,Airtel,Utilities,Surat,DEVICE_0025,,Utilities transaction,2026-05-25T04:45:01.430392
1522,25,25,DEBIT,4301.95,Jio,Utilities,Surat,DEVICE_0025,,Utilities transaction,2026-08-06T04:45:01.430392
1523,25,25,DEBIT,10529.61,Airtel,Utilities,Surat,DEVICE_0025,,Utilities transaction,2026-08-05T04:45:01.430392
1524,25,25,DEBIT,8876.7,Reliance Fresh,Groceries,Surat,DEVICE_0025,,Groceries transaction,2026-07-29T04:45:01.430392
1525,25,25,DEBIT,5580.45,BigBasket,Groceries,Surat,DEVICE_0025,,Groceries transaction,2026-04-04T04:45:01.430392
1526,26,26,CREDIT,40024.28,Employer,Salary,Surat,DEVICE_0026,,Monthly salary credit,2026-08-27T04:45:01.430392
1527,26,26,DEBIT,2363.08,Netflix,Entertainment,Surat,DEVICE_0026,,Entertainment transaction,2026-05-11T04:45:01.430392
1528,26,26,DEBIT,953.41,Uber,Transport,Surat,DEVICE_0026,,Transport transaction,2026-04-20T04:45:01.430392
1529,26,26,DEBIT,1395.98,Amazon,Shopping,Surat,DEVICE_0026,,Shopping transaction,2026-03-20T04:45:01.430392
1530,26,26,DEBIT,380.23,Swiggy,Food,Surat,DEVICE_0026,,Food transaction,2026-07-09T04:45:01.430392
1531,26,26,DEBIT,2718.54,Reliance Fresh,Groceries,Surat,DEVICE_0026,,Groceries transaction,2026-08-19T04:45:01.430392
1532,26,26,DEBIT,2435.23,Reliance Fresh,Groceries,Surat,DEVICE_0026,,Groceries transaction,2026-07-08T04:45:01.430392
1533,26,26,DEBIT,1281.62,Ola,Transport,Surat,DEVICE_0026,,Transport transaction,2026-04-23T04:45:01.430392
1534,26,26,DEBIT,973.65,Airtel,Utilities,Surat,DEVICE_0026,,Utilities transaction,2026-09-07T04:45:01.430392
1535,26,26,DEBIT,563.95,BigBasket,Groceries,Surat,DEVICE_0026,,Groceries transaction,2026-03-23T04:45:01.430392
1536,26,26,DEBIT,797.26,BookMyShow,Entertainment,Surat,DEVICE_0026,,Entertainment transaction,2026-04-18T04:45:01.430392
1537,26,26,DEBIT,2148.65,Apollo Pharmacy,Healthcare,Surat,DEVICE_0026,,Healthcare transaction,2026-07-30T04:45:01.430392
1538,26,26,DEBIT,1054.38,Airtel,Utilities,Surat,DEVICE_0026,,Utilities transaction,2026-06-21T04:45:01.430392
1539,26,26,DEBIT,1732.33,Apollo Pharmacy,Healthcare,Surat,DEVICE_0026,,Healthcare transaction,2026-05-21T04:45:01.430392
1540,26,26,DEBIT,1343.95,Flipkart,Shopping,Surat,DEVICE_0026,,Shopping transaction,2026-07-01T04:45:01.430392
1541,26,26,DEBIT,2096.36,Reliance Fresh,Groceries,Surat,DEVICE_0026,,Groceries transaction,2026-08-06T04:45:01.430392
1542,26,26,DEBIT,703.05,Jio,Utilities,Surat,DEVICE_0026,,Utilities transaction,2026-06-18T04:45:01.430392
1543,26,26,DEBIT,2095.05,BigBasket,Groceries,Surat,DEVICE_0026,,Groceries transaction,2026-04-19T04:45:01.430392
1544,26,26,DEBIT,2748.35,BigBasket,Groceries,Surat,DEVICE_0026,,Groceries transaction,2026-08-25T04:45:01.430392
1545,26,26,DEBIT,686.31,Flipkart,Shopping,Surat,DEVICE_0026,,Shopping transaction,2026-07-16T04:45:01.430392
1546,26,26,DEBIT,1151.25,Ola,Transport,Surat,DEVICE_0026,,Transport transaction,2026-06-30T04:45:01.430392
1547,26,26,DEBIT,1002.94,Electricity Board,Utilities,Surat,DEVICE_0026,,Utilities transaction,2026-03-31T04:45:01.430392
1548,26,26,DEBIT,1014.27,BigBasket,Groceries,Surat,DEVICE_0026,,Groceries transaction,2026-05-22T04:45:01.430392
1549,26,26,DEBIT,2790.1,Airtel,Utilities,Surat,DEVICE_0026,,Utilities transaction,2026-06-12T04:45:01.430392
1550,26,26,DEBIT,1961.9,Electricity Board,Utilities,Surat,DEVICE_0026,,Utilities transaction,2026-05-20T04:45:01.430392
1551,26,26,DEBIT,702.28,BigBasket,Groceries,Surat,DEVICE_0026,,Groceries transaction,2026-09-07T04:45:01.430392
1552,26,26,DEBIT,2384.73,Swiggy,Food,Surat,DEVICE_0026,,Food transaction,2026-03-27T04:45:01.430392
1553,26,26,DEBIT,3023.14,Uber,Transport,Surat,DEVICE_0026,,Transport transaction,2026-03-17T04:45:01.430392
1554,26,26,DEBIT,440.35,Electricity Board,Utilities,Surat,DEVICE_0026,,Utilities transaction,2026-08-01T04:45:01.430392
1555,26,26,DEBIT,509.23,BigBasket,Groceries,Surat,DEVICE_0026,,Groceries transaction,2026-08-27T04:45:01.430392
1556,26,26,DEBIT,1846.37,Reliance Fresh,Groceries,Surat,DEVICE_0026,,Groceries transaction,2026-09-06T04:45:01.430392
1557,26,26,DEBIT,1391.81,Airtel,Utilities,Surat,DEVICE_0026,,Utilities transaction,2026-08-22T04:45:01.430392
1558,26,26,DEBIT,987.87,Flipkart,Shopping,Surat,DEVICE_0026,,Shopping transaction,2026-08-04T04:45:01.430392
1559,26,26,DEBIT,2165.77,Flipkart,Shopping,Surat,DEVICE_0026,,Shopping transaction,2026-06-05T04:45:01.430392
1560,26,26,DEBIT,888.51,Uber,Transport,Surat,DEVICE_0026,,Transport transaction,2026-07-02T04:45:01.430392
1561,26,26,DEBIT,2080.66,Reliance Fresh,Groceries,Surat,DEVICE_0026,,Groceries transaction,2026-08-10T04:45:01.430392
1562,26,26,DEBIT,2717.18,Netflix,Entertainment,Surat,DEVICE_0026,,Entertainment transaction,2026-09-05T04:45:01.430392
1563,26,26,DEBIT,2191.94,Amazon,Shopping,Surat,DEVICE_0026,,Shopping transaction,2026-06-21T04:45:01.430392
1564,26,26,DEBIT,1629.39,Jio,Utilities,Surat,DEVICE_0026,,Utilities transaction,2026-04-27T04:45:01.430392
1565,26,26,DEBIT,1846.7,Uber,Transport,Surat,DEVICE_0026,,Transport transaction,2026-08-09T04:45:01.430392
1566,26,26,DEBIT,1818.91,Electricity Board,Utilities,Surat,DEVICE_0026,,Utilities transaction,2026-04-14T04:45:01.430392
1567,26,26,DEBIT,1570.52,BookMyShow,Entertainment,Surat,DEVICE_0026,,Entertainment transaction,2026-04-03T04:45:01.430392
1568,26,26,DEBIT,1505.78,BookMyShow,Entertainment,Surat,DEVICE_0026,,Entertainment transaction,2026-04-02T04:45:01.430392
1569,26,26,DEBIT,1802.39,Apollo Pharmacy,Healthcare,Surat,DEVICE_0026,,Healthcare transaction,2026-06-16T04:45:01.430392
1570,26,26,DEBIT,1820.05,Reliance Fresh,Groceries,Surat,DEVICE_0026,,Groceries transaction,2026-08-21T04:45:01.430392
1571,26,26,DEBIT,1124.2,Reliance Fresh,Groceries,Surat,DEVICE_0026,,Groceries transaction,2026-05-30T04:45:01.430392
1572,26,26,DEBIT,667.46,Uber,Transport,Surat,DEVICE_0026,,Transport transaction,2026-09-10T04:45:01.430392
1573,26,26,DEBIT,1770.97,Amazon,Shopping,Surat,DEVICE_0026,,Shopping transaction,2026-08-09T04:45:01.430392
1574,26,26,DEBIT,1060.84,Ola,Transport,Surat,DEVICE_0026,,Transport transaction,2026-04-29T04:45:01.430392
1575,26,26,DEBIT,2264.65,Amazon,Shopping,Surat,DEVICE_0026,,Shopping transaction,2026-05-10T04:45:01.430392
1576,26,26,DEBIT,1632.13,Airtel,Utilities,Surat,DEVICE_0026,,Utilities transaction,2026-09-10T04:45:01.430392
1577,26,26,DEBIT,1492.14,Airtel,Utilities,Surat,DEVICE_0026,,Utilities transaction,2026-06-30T04:45:01.430392
1578,26,26,DEBIT,894.1,BookMyShow,Entertainment,Surat,DEVICE_0026,,Entertainment transaction,2026-09-11T04:45:01.430392
1579,26,26,DEBIT,1321.66,Netflix,Entertainment,Surat,DEVICE_0026,,Entertainment transaction,2026-05-30T04:45:01.430392
1580,26,26,DEBIT,1512.17,Netflix,Entertainment,Surat,DEVICE_0026,,Entertainment transaction,2026-07-11T04:45:01.430392
1581,26,26,DEBIT,2346.2,Swiggy,Food,Surat,DEVICE_0026,,Food transaction,2026-03-31T04:45:01.430392
1582,26,26,DEBIT,2686.89,BigBasket,Groceries,Surat,DEVICE_0026,,Groceries transaction,2026-07-18T04:45:01.430392
1583,26,26,DEBIT,437.78,Uber,Transport,Surat,DEVICE_0026,,Transport transaction,2026-04-05T04:45:01.430392
1584,26,26,DEBIT,1750.83,Zomato,Food,Surat,DEVICE_0026,,Food transaction,2026-04-09T04:45:01.430392
1585,26,26,DEBIT,2283.12,Airtel,Utilities,Surat,DEVICE_0026,,Utilities transaction,2026-07-05T04:45:01.430392
1586,26,26,DEBIT,2146.63,Uber,Transport,Surat,DEVICE_0026,,Transport transaction,2026-04-29T04:45:01.430392
1587,27,27,CREDIT,87406.3,Employer,Salary,Pune,DEVICE_0027,,Monthly salary credit,2026-08-18T04:45:01.430392
1588,27,27,DEBIT,3004.65,Uber,Transport,Pune,DEVICE_0027,,Transport transaction,2026-08-26T04:45:01.430392
1589,27,27,DEBIT,1128.02,Swiggy,Food,Pune,DEVICE_0027,,Food transaction,2026-08-15T04:45:01.430392
1590,27,27,DEBIT,3292.92,Apollo Pharmacy,Healthcare,Pune,DEVICE_0027,,Healthcare transaction,2026-05-20T04:45:01.430392
1591,27,27,DEBIT,4957.96,Uber,Transport,Pune,DEVICE_0027,,Transport transaction,2026-05-10T04:45:01.430392
1592,27,27,DEBIT,2377.97,Zomato,Food,Pune,DEVICE_0027,,Food transaction,2026-08-05T04:45:01.430392
1593,27,27,DEBIT,6786.8,Amazon,Shopping,Pune,DEVICE_0027,,Shopping transaction,2026-09-07T04:45:01.430392
1594,27,27,DEBIT,6804.57,Swiggy,Food,Pune,DEVICE_0027,,Food transaction,2026-07-02T04:45:01.430392
1595,27,27,DEBIT,1049.33,Uber,Transport,Pune,DEVICE_0027,,Transport transaction,2026-05-23T04:45:01.430392
1596,27,27,DEBIT,255.73,Electricity Board,Utilities,Pune,DEVICE_0027,,Utilities transaction,2026-08-20T04:45:01.430392
1597,27,27,DEBIT,300.02,Swiggy,Food,Pune,DEVICE_0027,,Food transaction,2026-07-19T04:45:01.430392
1598,27,27,DEBIT,3054.5,Ola,Transport,Pune,DEVICE_0027,,Transport transaction,2026-05-08T04:45:01.430392
1599,27,27,DEBIT,3349.58,Ola,Transport,Pune,DEVICE_0027,,Transport transaction,2026-09-04T04:45:01.430392
1600,27,27,DEBIT,744.92,Ola,Transport,Pune,DEVICE_0027,,Transport transaction,2026-08-06T04:45:01.430392
1601,27,27,DEBIT,2010.23,Amazon,Shopping,Pune,DEVICE_0027,,Shopping transaction,2026-06-04T04:45:01.430392
1602,27,27,DEBIT,3889.63,Flipkart,Shopping,Pune,DEVICE_0027,,Shopping transaction,2026-07-28T04:45:01.430392
1603,27,27,DEBIT,6284.04,Zomato,Food,Pune,DEVICE_0027,,Food transaction,2026-07-10T04:45:01.430392
1604,27,27,DEBIT,2791.87,Jio,Utilities,Pune,DEVICE_0027,,Utilities transaction,2026-09-09T04:45:01.430392
1605,27,27,DEBIT,6819.96,Flipkart,Shopping,Pune,DEVICE_0027,,Shopping transaction,2026-07-11T04:45:01.430392
1606,27,27,DEBIT,5438.55,BigBasket,Groceries,Pune,DEVICE_0027,,Groceries transaction,2026-05-22T04:45:01.430392
1607,27,27,DEBIT,5210.28,Zomato,Food,Pune,DEVICE_0027,,Food transaction,2026-09-04T04:45:01.430392
1608,27,27,DEBIT,3330.22,Zomato,Food,Pune,DEVICE_0027,,Food transaction,2026-08-19T04:45:01.430392
1609,27,27,DEBIT,4723.86,Netflix,Entertainment,Pune,DEVICE_0027,,Entertainment transaction,2026-07-21T04:45:01.430392
1610,27,27,DEBIT,2843.12,Reliance Fresh,Groceries,Pune,DEVICE_0027,,Groceries transaction,2026-06-25T04:45:01.430392
1611,27,27,DEBIT,1277.37,Ola,Transport,Pune,DEVICE_0027,,Transport transaction,2026-09-02T04:45:01.430392
1612,27,27,DEBIT,6567.44,Electricity Board,Utilities,Pune,DEVICE_0027,,Utilities transaction,2026-05-02T04:45:01.430392
1613,27,27,DEBIT,1920.63,Flipkart,Shopping,Pune,DEVICE_0027,,Shopping transaction,2026-04-02T04:45:01.430392
1614,27,27,DEBIT,1549.83,Uber,Transport,Pune,DEVICE_0027,,Transport transaction,2026-08-30T04:45:01.430392
1615,27,27,DEBIT,4728.53,Jio,Utilities,Pune,DEVICE_0027,,Utilities transaction,2026-08-15T04:45:01.430392
1616,27,27,DEBIT,4499.04,Zomato,Food,Pune,DEVICE_0027,,Food transaction,2026-06-21T04:45:01.430392
1617,27,27,DEBIT,1336.8,Amazon,Shopping,Pune,DEVICE_0027,,Shopping transaction,2026-07-04T04:45:01.430392
1618,27,27,DEBIT,1012.72,BookMyShow,Entertainment,Pune,DEVICE_0027,,Entertainment transaction,2026-07-12T04:45:01.430392
1619,27,27,DEBIT,6780.82,Amazon,Shopping,Pune,DEVICE_0027,,Shopping transaction,2026-04-17T04:45:01.430392
1620,27,27,DEBIT,4891.93,Airtel,Utilities,Pune,DEVICE_0027,,Utilities transaction,2026-03-20T04:45:01.430392
1621,27,27,DEBIT,1252.78,BookMyShow,Entertainment,Pune,DEVICE_0027,,Entertainment transaction,2026-08-21T04:45:01.430392
1622,27,27,DEBIT,1271.17,Zomato,Food,Pune,DEVICE_0027,,Food transaction,2026-08-20T04:45:01.430392
1623,27,27,DEBIT,4402.15,Apollo Pharmacy,Healthcare,Pune,DEVICE_0027,,Healthcare transaction,2026-04-05T04:45:01.430392
1624,27,27,DEBIT,606.02,Amazon,Shopping,Pune,DEVICE_0027,,Shopping transaction,2026-03-31T04:45:01.430392
1625,27,27,DEBIT,4963.77,Swiggy,Food,Pune,DEVICE_0027,,Food transaction,2026-08-16T04:45:01.430392
1626,27,27,DEBIT,3513.67,Swiggy,Food,Pune,DEVICE_0027,,Food transaction,2026-06-23T04:45:01.430392
1627,27,27,DEBIT,5556.31,Netflix,Entertainment,Pune,DEVICE_0027,,Entertainment transaction,2026-06-16T04:45:01.430392
1628,27,27,DEBIT,6257.53,Airtel,Utilities,Pune,DEVICE_0027,,Utilities transaction,2026-07-25T04:45:01.430392
1629,27,27,DEBIT,4881.73,Amazon,Shopping,Pune,DEVICE_0027,,Shopping transaction,2026-06-13T04:45:01.430392
1630,27,27,DEBIT,1115.17,Electricity Board,Utilities,Pune,DEVICE_0027,,Utilities transaction,2026-09-02T04:45:01.430392
1631,27,27,DEBIT,4999.76,Reliance Fresh,Groceries,Pune,DEVICE_0027,,Groceries transaction,2026-04-22T04:45:01.430392
1632,27,27,DEBIT,3886.52,Uber,Transport,Pune,DEVICE_0027,,Transport transaction,2026-05-10T04:45:01.430392
1633,27,27,DEBIT,4049.32,Zomato,Food,Pune,DEVICE_0027,,Food transaction,2026-04-26T04:45:01.430392
1634,27,27,DEBIT,2398.6,Ola,Transport,Pune,DEVICE_0027,,Transport transaction,2026-05-16T04:45:01.430392
1635,27,27,DEBIT,6093.6,Uber,Transport,Pune,DEVICE_0027,,Transport transaction,2026-04-12T04:45:01.430392
1636,27,27,DEBIT,3966.58,Jio,Utilities,Pune,DEVICE_0027,,Utilities transaction,2026-08-26T04:45:01.430392
1637,27,27,DEBIT,1253.01,Netflix,Entertainment,Pune,DEVICE_0027,,Entertainment transaction,2026-06-29T04:45:01.430392
1638,27,27,DEBIT,1988.8,Jio,Utilities,Pune,DEVICE_0027,,Utilities transaction,2026-06-11T04:45:01.430392
1639,27,27,DEBIT,204.89,Reliance Fresh,Groceries,Pune,DEVICE_0027,,Groceries transaction,2026-04-02T04:45:01.430392
1640,27,27,DEBIT,2774.65,Netflix,Entertainment,Pune,DEVICE_0027,,Entertainment transaction,2026-07-27T04:45:01.430392
1641,27,27,DEBIT,4409.55,Amazon,Shopping,Pune,DEVICE_0027,,Shopping transaction,2026-06-11T04:45:01.430392
1642,27,27,DEBIT,4412.69,Airtel,Utilities,Pune,DEVICE_0027,,Utilities transaction,2026-06-22T04:45:01.430392
1643,27,27,DEBIT,630.25,Electricity Board,Utilities,Pune,DEVICE_0027,,Utilities transaction,2026-04-28T04:45:01.430392
1644,27,27,DEBIT,2832.03,Jio,Utilities,Pune,DEVICE_0027,,Utilities transaction,2026-05-01T04:45:01.430392
1645,27,27,DEBIT,3579.6,Apollo Pharmacy,Healthcare,Pune,DEVICE_0027,,Healthcare transaction,2026-04-24T04:45:01.430392
1646,27,27,DEBIT,4364.07,Swiggy,Food,Pune,DEVICE_0027,,Food transaction,2026-06-22T04:45:01.430392
1647,27,27,DEBIT,4553.34,BigBasket,Groceries,Pune,DEVICE_0027,,Groceries transaction,2026-08-15T04:45:01.430392
1648,28,28,CREDIT,90391.65,Employer,Salary,Gandhinagar,DEVICE_0028,,Monthly salary credit,2026-09-09T04:45:01.430392
1649,28,28,DEBIT,4832.88,Netflix,Entertainment,Gandhinagar,DEVICE_0028,,Entertainment transaction,2026-09-01T04:45:01.430392
1650,28,28,DEBIT,6793.98,Jio,Utilities,Gandhinagar,DEVICE_0028,,Utilities transaction,2026-07-29T04:45:01.430392
1651,28,28,DEBIT,419.9,Jio,Utilities,Gandhinagar,DEVICE_0028,,Utilities transaction,2026-08-16T04:45:01.430392
1652,28,28,DEBIT,1547.32,Reliance Fresh,Groceries,Gandhinagar,DEVICE_0028,,Groceries transaction,2026-09-04T04:45:01.430392
1653,28,28,DEBIT,4712.37,BookMyShow,Entertainment,Gandhinagar,DEVICE_0028,,Entertainment transaction,2026-06-05T04:45:01.430392
1654,28,28,DEBIT,3644.72,Apollo Pharmacy,Healthcare,Gandhinagar,DEVICE_0028,,Healthcare transaction,2026-04-06T04:45:01.430392
1655,28,28,DEBIT,4350.6,Electricity Board,Utilities,Gandhinagar,DEVICE_0028,,Utilities transaction,2026-08-31T04:45:01.430392
1656,28,28,DEBIT,1751.98,Ola,Transport,Gandhinagar,DEVICE_0028,,Transport transaction,2026-08-25T04:45:01.430392
1657,28,28,DEBIT,6740.62,Amazon,Shopping,Gandhinagar,DEVICE_0028,,Shopping transaction,2026-07-21T04:45:01.430392
1658,28,28,DEBIT,3655.24,Apollo Pharmacy,Healthcare,Gandhinagar,DEVICE_0028,,Healthcare transaction,2026-08-23T04:45:01.430392
1659,28,28,DEBIT,5832.24,Reliance Fresh,Groceries,Gandhinagar,DEVICE_0028,,Groceries transaction,2026-08-28T04:45:01.430392
1660,28,28,DEBIT,4123.62,Ola,Transport,Gandhinagar,DEVICE_0028,,Transport transaction,2026-05-29T04:45:01.430392
1661,28,28,DEBIT,2795.04,Jio,Utilities,Gandhinagar,DEVICE_0028,,Utilities transaction,2026-08-29T04:45:01.430392
1662,28,28,DEBIT,4537.86,Jio,Utilities,Gandhinagar,DEVICE_0028,,Utilities transaction,2026-04-30T04:45:01.430392
1663,28,28,DEBIT,5363.11,Amazon,Shopping,Gandhinagar,DEVICE_0028,,Shopping transaction,2026-06-27T04:45:01.430392
1664,28,28,DEBIT,6841.82,Flipkart,Shopping,Gandhinagar,DEVICE_0028,,Shopping transaction,2026-05-03T04:45:01.430392
1665,28,28,DEBIT,911.75,Flipkart,Shopping,Gandhinagar,DEVICE_0028,,Shopping transaction,2026-07-15T04:45:01.430392
1666,28,28,DEBIT,2909.39,Netflix,Entertainment,Gandhinagar,DEVICE_0028,,Entertainment transaction,2026-07-25T04:45:01.430392
1667,28,28,DEBIT,4818.72,Netflix,Entertainment,Gandhinagar,DEVICE_0028,,Entertainment transaction,2026-04-20T04:45:01.430392
1668,28,28,DEBIT,6862.21,Apollo Pharmacy,Healthcare,Gandhinagar,DEVICE_0028,,Healthcare transaction,2026-04-23T04:45:01.430392
1669,28,28,DEBIT,4124.48,Electricity Board,Utilities,Gandhinagar,DEVICE_0028,,Utilities transaction,2026-08-16T04:45:01.430392
1670,28,28,DEBIT,4690.38,Airtel,Utilities,Gandhinagar,DEVICE_0028,,Utilities transaction,2026-06-13T04:45:01.430392
1671,28,28,DEBIT,3425.42,Apollo Pharmacy,Healthcare,Gandhinagar,DEVICE_0028,,Healthcare transaction,2026-03-26T04:45:01.430392
1672,28,28,DEBIT,6407.43,BigBasket,Groceries,Gandhinagar,DEVICE_0028,,Groceries transaction,2026-08-01T04:45:01.430392
1673,28,28,DEBIT,1468.43,Airtel,Utilities,Gandhinagar,DEVICE_0028,,Utilities transaction,2026-06-02T04:45:01.430392
1674,28,28,DEBIT,2573.17,Netflix,Entertainment,Gandhinagar,DEVICE_0028,,Entertainment transaction,2026-08-03T04:45:01.430392
1675,28,28,DEBIT,7220.32,Netflix,Entertainment,Gandhinagar,DEVICE_0028,,Entertainment transaction,2026-05-22T04:45:01.430392
1676,28,28,DEBIT,6545.67,Ola,Transport,Gandhinagar,DEVICE_0028,,Transport transaction,2026-04-25T04:45:01.430392
1677,28,28,DEBIT,6140.45,Ola,Transport,Gandhinagar,DEVICE_0028,,Transport transaction,2026-05-30T04:45:01.430392
1678,28,28,DEBIT,4652.53,Airtel,Utilities,Gandhinagar,DEVICE_0028,,Utilities transaction,2026-06-22T04:45:01.430392
1679,28,28,DEBIT,1892.6,BookMyShow,Entertainment,Gandhinagar,DEVICE_0028,,Entertainment transaction,2026-04-26T04:45:01.430392
1680,28,28,DEBIT,2837.19,Zomato,Food,Gandhinagar,DEVICE_0028,,Food transaction,2026-04-25T04:45:01.430392
1681,28,28,DEBIT,1986.59,Electricity Board,Utilities,Gandhinagar,DEVICE_0028,,Utilities transaction,2026-05-20T04:45:01.430392
1682,28,28,DEBIT,6948.84,Reliance Fresh,Groceries,Gandhinagar,DEVICE_0028,,Groceries transaction,2026-09-12T04:45:01.430392
1683,28,28,DEBIT,443.73,Electricity Board,Utilities,Gandhinagar,DEVICE_0028,,Utilities transaction,2026-07-02T04:45:01.430392
1684,28,28,DEBIT,314.63,BookMyShow,Entertainment,Gandhinagar,DEVICE_0028,,Entertainment transaction,2026-08-09T04:45:01.430392
1685,28,28,DEBIT,246.19,Uber,Transport,Gandhinagar,DEVICE_0028,,Transport transaction,2026-07-18T04:45:01.430392
1686,28,28,DEBIT,6216.85,Zomato,Food,Gandhinagar,DEVICE_0028,,Food transaction,2026-09-07T04:45:01.430392
1687,28,28,DEBIT,5979.33,Airtel,Utilities,Gandhinagar,DEVICE_0028,,Utilities transaction,2026-03-20T04:45:01.430392
1688,28,28,DEBIT,2140.35,Jio,Utilities,Gandhinagar,DEVICE_0028,,Utilities transaction,2026-04-24T04:45:01.430392
1689,28,28,DEBIT,4111.69,Netflix,Entertainment,Gandhinagar,DEVICE_0028,,Entertainment transaction,2026-04-19T04:45:01.430392
1690,28,28,DEBIT,862.96,Swiggy,Food,Gandhinagar,DEVICE_0028,,Food transaction,2026-05-18T04:45:01.430392
1691,28,28,DEBIT,1297.64,Ola,Transport,Gandhinagar,DEVICE_0028,,Transport transaction,2026-07-07T04:45:01.430392
1692,28,28,DEBIT,6455.25,Ola,Transport,Gandhinagar,DEVICE_0028,,Transport transaction,2026-07-11T04:45:01.430392
1693,28,28,DEBIT,2001.74,Zomato,Food,Gandhinagar,DEVICE_0028,,Food transaction,2026-06-28T04:45:01.430392
1694,28,28,DEBIT,4211.28,Flipkart,Shopping,Gandhinagar,DEVICE_0028,,Shopping transaction,2026-04-20T04:45:01.430392
1695,28,28,DEBIT,5362.87,Zomato,Food,Gandhinagar,DEVICE_0028,,Food transaction,2026-06-21T04:45:01.430392
1696,28,28,DEBIT,3592.85,Airtel,Utilities,Gandhinagar,DEVICE_0028,,Utilities transaction,2026-05-11T04:45:01.430392
1697,28,28,DEBIT,6521.34,Jio,Utilities,Gandhinagar,DEVICE_0028,,Utilities transaction,2026-03-17T04:45:01.430392
1698,28,28,DEBIT,5962.28,BookMyShow,Entertainment,Gandhinagar,DEVICE_0028,,Entertainment transaction,2026-08-19T04:45:01.430392
1699,28,28,DEBIT,4715.91,BookMyShow,Entertainment,Gandhinagar,DEVICE_0028,,Entertainment transaction,2026-09-03T04:45:01.430392
1700,28,28,DEBIT,5883.72,Electricity Board,Utilities,Gandhinagar,DEVICE_0028,,Utilities transaction,2026-06-07T04:45:01.430392
1701,28,28,DEBIT,5685.3,Flipkart,Shopping,Gandhinagar,DEVICE_0028,,Shopping transaction,2026-06-19T04:45:01.430392
1702,28,28,DEBIT,6386.11,Ola,Transport,Gandhinagar,DEVICE_0028,,Transport transaction,2026-05-24T04:45:01.430392
1703,28,28,DEBIT,6740.87,BigBasket,Groceries,Gandhinagar,DEVICE_0028,,Groceries transaction,2026-08-13T04:45:01.430392
1704,28,28,DEBIT,5616.87,Jio,Utilities,Gandhinagar,DEVICE_0028,,Utilities transaction,2026-03-29T04:45:01.430392
1705,28,28,DEBIT,4434.98,Jio,Utilities,Gandhinagar,DEVICE_0028,,Utilities transaction,2026-09-10T04:45:01.430392
1706,28,28,DEBIT,5666.29,Apollo Pharmacy,Healthcare,Gandhinagar,DEVICE_0028,,Healthcare transaction,2026-06-07T04:45:01.430392
1707,28,28,DEBIT,2343.03,Amazon,Shopping,Gandhinagar,DEVICE_0028,,Shopping transaction,2026-09-02T04:45:01.430392
1708,28,28,DEBIT,3996.43,Ola,Transport,Gandhinagar,DEVICE_0028,,Transport transaction,2026-08-05T04:45:01.430392
1709,29,29,CREDIT,32841.19,Employer,Salary,Pune,DEVICE_0029,,Monthly salary credit,2026-09-02T04:45:01.430392
1710,29,29,DEBIT,1893.69,Netflix,Entertainment,Pune,DEVICE_0029,,Entertainment transaction,2026-08-04T04:45:01.430392
1711,29,29,DEBIT,1835.11,Amazon,Shopping,Pune,DEVICE_0029,,Shopping transaction,2026-06-04T04:45:01.430392
1712,29,29,DEBIT,2027.37,Reliance Fresh,Groceries,Pune,DEVICE_0029,,Groceries transaction,2026-04-18T04:45:01.430392
1713,29,29,DEBIT,418.66,Netflix,Entertainment,Pune,DEVICE_0029,,Entertainment transaction,2026-05-25T04:45:01.430392
1714,29,29,DEBIT,2108.75,Uber,Transport,Pune,DEVICE_0029,,Transport transaction,2026-08-06T04:45:01.430392
1715,29,29,DEBIT,1015.98,Swiggy,Food,Pune,DEVICE_0029,,Food transaction,2026-05-14T04:45:01.430392
1716,29,29,DEBIT,2009.1,BookMyShow,Entertainment,Pune,DEVICE_0029,,Entertainment transaction,2026-04-25T04:45:01.430392
1717,29,29,DEBIT,837.31,BigBasket,Groceries,Pune,DEVICE_0029,,Groceries transaction,2026-06-02T04:45:01.430392
1718,29,29,DEBIT,1254.64,Netflix,Entertainment,Pune,DEVICE_0029,,Entertainment transaction,2026-03-18T04:45:01.430392
1719,29,29,DEBIT,2049.68,Swiggy,Food,Pune,DEVICE_0029,,Food transaction,2026-05-12T04:45:01.430392
1720,29,29,DEBIT,680.87,Netflix,Entertainment,Pune,DEVICE_0029,,Entertainment transaction,2026-06-03T04:45:01.430392
1721,29,29,DEBIT,1586.79,Apollo Pharmacy,Healthcare,Pune,DEVICE_0029,,Healthcare transaction,2026-04-22T04:45:01.430392
1722,29,29,DEBIT,2620.2,BookMyShow,Entertainment,Pune,DEVICE_0029,,Entertainment transaction,2026-05-01T04:45:01.430392
1723,29,29,DEBIT,788.17,Zomato,Food,Pune,DEVICE_0029,,Food transaction,2026-07-06T04:45:01.430392
1724,29,29,DEBIT,1243.9,Airtel,Utilities,Pune,DEVICE_0029,,Utilities transaction,2026-03-21T04:45:01.430392
1725,29,29,DEBIT,417.47,BookMyShow,Entertainment,Pune,DEVICE_0029,,Entertainment transaction,2026-03-25T04:45:01.430392
1726,29,29,DEBIT,1228.06,BigBasket,Groceries,Pune,DEVICE_0029,,Groceries transaction,2026-06-15T04:45:01.430392
1727,29,29,DEBIT,978.53,Zomato,Food,Pune,DEVICE_0029,,Food transaction,2026-04-13T04:45:01.430392
1728,29,29,DEBIT,258.76,Apollo Pharmacy,Healthcare,Pune,DEVICE_0029,,Healthcare transaction,2026-06-26T04:45:01.430392
1729,29,29,DEBIT,2597.32,Swiggy,Food,Pune,DEVICE_0029,,Food transaction,2026-04-08T04:45:01.430392
1730,29,29,DEBIT,2603.41,Jio,Utilities,Pune,DEVICE_0029,,Utilities transaction,2026-05-22T04:45:01.430392
1731,29,29,DEBIT,553.94,BookMyShow,Entertainment,Pune,DEVICE_0029,,Entertainment transaction,2026-09-01T04:45:01.430392
1732,29,29,DEBIT,766.75,Jio,Utilities,Pune,DEVICE_0029,,Utilities transaction,2026-03-21T04:45:01.430392
1733,29,29,DEBIT,578.64,Ola,Transport,Pune,DEVICE_0029,,Transport transaction,2026-08-22T04:45:01.430392
1734,29,29,DEBIT,1995.18,Flipkart,Shopping,Pune,DEVICE_0029,,Shopping transaction,2026-07-12T04:45:01.430392
1735,29,29,DEBIT,2449.45,BookMyShow,Entertainment,Pune,DEVICE_0029,,Entertainment transaction,2026-07-01T04:45:01.430392
1736,29,29,DEBIT,1033.22,Amazon,Shopping,Pune,DEVICE_0029,,Shopping transaction,2026-08-15T04:45:01.430392
1737,29,29,DEBIT,1292.43,Uber,Transport,Pune,DEVICE_0029,,Transport transaction,2026-09-07T04:45:01.430392
1738,29,29,DEBIT,707.33,Ola,Transport,Pune,DEVICE_0029,,Transport transaction,2026-04-28T04:45:01.430392
1739,29,29,DEBIT,694.69,Zomato,Food,Pune,DEVICE_0029,,Food transaction,2026-05-02T04:45:01.430392
1740,29,29,DEBIT,827.84,Airtel,Utilities,Pune,DEVICE_0029,,Utilities transaction,2026-05-12T04:45:01.430392
1741,29,29,DEBIT,1971.74,BookMyShow,Entertainment,Pune,DEVICE_0029,,Entertainment transaction,2026-08-07T04:45:01.430392
1742,29,29,DEBIT,1896.09,Electricity Board,Utilities,Pune,DEVICE_0029,,Utilities transaction,2026-09-08T04:45:01.430392
1743,29,29,DEBIT,1615.13,BigBasket,Groceries,Pune,DEVICE_0029,,Groceries transaction,2026-03-27T04:45:01.430392
1744,29,29,DEBIT,305.54,Netflix,Entertainment,Pune,DEVICE_0029,,Entertainment transaction,2026-07-31T04:45:01.430392
1745,29,29,DEBIT,889.38,Amazon,Shopping,Pune,DEVICE_0029,,Shopping transaction,2026-03-18T04:45:01.430392
1746,29,29,DEBIT,858.48,BookMyShow,Entertainment,Pune,DEVICE_0029,,Entertainment transaction,2026-05-16T04:45:01.430392
1747,29,29,DEBIT,2494.22,Apollo Pharmacy,Healthcare,Pune,DEVICE_0029,,Healthcare transaction,2026-08-26T04:45:01.430392
1748,29,29,DEBIT,1802.92,BigBasket,Groceries,Pune,DEVICE_0029,,Groceries transaction,2026-03-27T04:45:01.430392
1749,29,29,DEBIT,2415.8,Jio,Utilities,Pune,DEVICE_0029,,Utilities transaction,2026-06-12T04:45:01.430392
1750,29,29,DEBIT,461.88,Jio,Utilities,Pune,DEVICE_0029,,Utilities transaction,2026-06-30T04:45:01.430392
1751,29,29,DEBIT,2344.28,Jio,Utilities,Pune,DEVICE_0029,,Utilities transaction,2026-06-06T04:45:01.430392
1752,29,29,DEBIT,2578.25,Zomato,Food,Pune,DEVICE_0029,,Food transaction,2026-05-05T04:45:01.430392
1753,29,29,DEBIT,441.77,Electricity Board,Utilities,Pune,DEVICE_0029,,Utilities transaction,2026-06-24T04:45:01.430392
1754,29,29,DEBIT,2303.91,Reliance Fresh,Groceries,Pune,DEVICE_0029,,Groceries transaction,2026-04-29T04:45:01.430392
1755,29,29,DEBIT,652.49,Flipkart,Shopping,Pune,DEVICE_0029,,Shopping transaction,2026-05-07T04:45:01.430392
1756,29,29,DEBIT,1560.95,Reliance Fresh,Groceries,Pune,DEVICE_0029,,Groceries transaction,2026-09-07T04:45:01.430392
1757,29,29,DEBIT,800.49,Amazon,Shopping,Pune,DEVICE_0029,,Shopping transaction,2026-04-30T04:45:01.430392
1758,29,29,DEBIT,1009.67,Uber,Transport,Pune,DEVICE_0029,,Transport transaction,2026-06-04T04:45:01.430392
1759,29,29,DEBIT,581.1,Electricity Board,Utilities,Pune,DEVICE_0029,,Utilities transaction,2026-06-16T04:45:01.430392
1760,29,29,DEBIT,1054.2,Apollo Pharmacy,Healthcare,Pune,DEVICE_0029,,Healthcare transaction,2026-04-05T04:45:01.430392
1761,29,29,DEBIT,773.34,Uber,Transport,Pune,DEVICE_0029,,Transport transaction,2026-05-07T04:45:01.430392
1762,29,29,DEBIT,2170.7,Uber,Transport,Pune,DEVICE_0029,,Transport transaction,2026-04-05T04:45:01.430392
1763,29,29,DEBIT,2332.81,Uber,Transport,Pune,DEVICE_0029,,Transport transaction,2026-09-05T04:45:01.430392
1764,29,29,DEBIT,2503.79,Netflix,Entertainment,Pune,DEVICE_0029,,Entertainment transaction,2026-07-17T04:45:01.430392
1765,29,29,DEBIT,1029.62,Swiggy,Food,Pune,DEVICE_0029,,Food transaction,2026-06-04T04:45:01.430392
1766,29,29,DEBIT,533.17,Apollo Pharmacy,Healthcare,Pune,DEVICE_0029,,Healthcare transaction,2026-06-07T04:45:01.430392
1767,29,29,DEBIT,2531.67,Netflix,Entertainment,Pune,DEVICE_0029,,Entertainment transaction,2026-04-09T04:45:01.430392
1768,29,29,DEBIT,1718.33,Jio,Utilities,Pune,DEVICE_0029,,Utilities transaction,2026-07-16T04:45:01.430392
1769,29,29,DEBIT,783.43,BigBasket,Groceries,Pune,DEVICE_0029,,Groceries transaction,2026-08-04T04:45:01.430392
1770,30,30,CREDIT,99610.55,Employer,Salary,Ahmedabad,DEVICE_0030,,Monthly salary credit,2026-08-30T04:45:01.430392
1771,30,30,DEBIT,7267.59,Uber,Transport,Ahmedabad,DEVICE_0030,,Transport transaction,2026-06-20T04:45:01.430392
1772,30,30,DEBIT,4412.53,Reliance Fresh,Groceries,Ahmedabad,DEVICE_0030,,Groceries transaction,2026-07-22T04:45:01.430392
1773,30,30,DEBIT,1276.58,Apollo Pharmacy,Healthcare,Ahmedabad,DEVICE_0030,,Healthcare transaction,2026-04-27T04:45:01.430392
1774,30,30,DEBIT,6415.89,Apollo Pharmacy,Healthcare,Ahmedabad,DEVICE_0030,,Healthcare transaction,2026-08-08T04:45:01.430392
1775,30,30,DEBIT,5549.1,Uber,Transport,Ahmedabad,DEVICE_0030,,Transport transaction,2026-05-01T04:45:01.430392
1776,30,30,DEBIT,3541.1,Swiggy,Food,Ahmedabad,DEVICE_0030,,Food transaction,2026-08-06T04:45:01.430392
1777,30,30,DEBIT,7448.56,Apollo Pharmacy,Healthcare,Ahmedabad,DEVICE_0030,,Healthcare transaction,2026-08-03T04:45:01.430392
1778,30,30,DEBIT,726.84,Ola,Transport,Ahmedabad,DEVICE_0030,,Transport transaction,2026-04-29T04:45:01.430392
1779,30,30,DEBIT,1119.73,Electricity Board,Utilities,Ahmedabad,DEVICE_0030,,Utilities transaction,2026-06-23T04:45:01.430392
1780,30,30,DEBIT,7033.77,Jio,Utilities,Ahmedabad,DEVICE_0030,,Utilities transaction,2026-09-05T04:45:01.430392
1781,30,30,DEBIT,2675.83,Airtel,Utilities,Ahmedabad,DEVICE_0030,,Utilities transaction,2026-05-30T04:45:01.430392
1782,30,30,DEBIT,2556.66,BigBasket,Groceries,Ahmedabad,DEVICE_0030,,Groceries transaction,2026-04-02T04:45:01.430392
1783,30,30,DEBIT,2327.08,Electricity Board,Utilities,Ahmedabad,DEVICE_0030,,Utilities transaction,2026-07-26T04:45:01.430392
1784,30,30,DEBIT,1221.96,Flipkart,Shopping,Ahmedabad,DEVICE_0030,,Shopping transaction,2026-09-06T04:45:01.430392
1785,30,30,DEBIT,7859.74,Airtel,Utilities,Ahmedabad,DEVICE_0030,,Utilities transaction,2026-04-08T04:45:01.430392
1786,30,30,DEBIT,4904.85,Uber,Transport,Ahmedabad,DEVICE_0030,,Transport transaction,2026-04-09T04:45:01.430392
1787,30,30,DEBIT,4833.03,Zomato,Food,Ahmedabad,DEVICE_0030,,Food transaction,2026-07-15T04:45:01.430392
1788,30,30,DEBIT,402.65,Apollo Pharmacy,Healthcare,Ahmedabad,DEVICE_0030,,Healthcare transaction,2026-08-23T04:45:01.430392
1789,30,30,DEBIT,6258.35,Electricity Board,Utilities,Ahmedabad,DEVICE_0030,,Utilities transaction,2026-08-09T04:45:01.430392
1790,30,30,DEBIT,6773.52,Netflix,Entertainment,Ahmedabad,DEVICE_0030,,Entertainment transaction,2026-05-15T04:45:01.430392
1791,30,30,DEBIT,5246.4,Electricity Board,Utilities,Ahmedabad,DEVICE_0030,,Utilities transaction,2026-07-27T04:45:01.430392
1792,30,30,DEBIT,3210.12,Jio,Utilities,Ahmedabad,DEVICE_0030,,Utilities transaction,2026-05-14T04:45:01.430392
1793,30,30,DEBIT,1472.43,Swiggy,Food,Ahmedabad,DEVICE_0030,,Food transaction,2026-07-17T04:45:01.430392
1794,30,30,DEBIT,3374.27,Amazon,Shopping,Ahmedabad,DEVICE_0030,,Shopping transaction,2026-09-09T04:45:01.430392
1795,30,30,DEBIT,7581.94,Uber,Transport,Ahmedabad,DEVICE_0030,,Transport transaction,2026-07-18T04:45:01.430392
1796,30,30,DEBIT,5415.53,Electricity Board,Utilities,Ahmedabad,DEVICE_0030,,Utilities transaction,2026-07-23T04:45:01.430392
1797,30,30,DEBIT,1789.21,Airtel,Utilities,Ahmedabad,DEVICE_0030,,Utilities transaction,2026-07-29T04:45:01.430392
1798,30,30,DEBIT,6936.59,Reliance Fresh,Groceries,Ahmedabad,DEVICE_0030,,Groceries transaction,2026-05-10T04:45:01.430392
1799,30,30,DEBIT,2724.06,Electricity Board,Utilities,Ahmedabad,DEVICE_0030,,Utilities transaction,2026-05-18T04:45:01.430392
1800,30,30,DEBIT,3521.61,Zomato,Food,Ahmedabad,DEVICE_0030,,Food transaction,2026-09-02T04:45:01.430392
1801,30,30,DEBIT,5912.68,BookMyShow,Entertainment,Ahmedabad,DEVICE_0030,,Entertainment transaction,2026-06-07T04:45:01.430392
1802,30,30,DEBIT,2630.85,Electricity Board,Utilities,Ahmedabad,DEVICE_0030,,Utilities transaction,2026-04-09T04:45:01.430392
1803,30,30,DEBIT,4643.27,Electricity Board,Utilities,Ahmedabad,DEVICE_0030,,Utilities transaction,2026-04-28T04:45:01.430392
1804,30,30,DEBIT,5182.89,Netflix,Entertainment,Ahmedabad,DEVICE_0030,,Entertainment transaction,2026-03-16T04:45:01.430392
1805,30,30,DEBIT,499.19,Airtel,Utilities,Ahmedabad,DEVICE_0030,,Utilities transaction,2026-08-16T04:45:01.430392
1806,30,30,DEBIT,3749.59,Reliance Fresh,Groceries,Ahmedabad,DEVICE_0030,,Groceries transaction,2026-09-02T04:45:01.430392
1807,30,30,DEBIT,4229.72,Zomato,Food,Ahmedabad,DEVICE_0030,,Food transaction,2026-06-03T04:45:01.430392
1808,30,30,DEBIT,504.94,Electricity Board,Utilities,Ahmedabad,DEVICE_0030,,Utilities transaction,2026-06-05T04:45:01.430392
1809,30,30,DEBIT,6144.41,Netflix,Entertainment,Ahmedabad,DEVICE_0030,,Entertainment transaction,2026-08-31T04:45:01.430392
1810,30,30,DEBIT,2462.13,Zomato,Food,Ahmedabad,DEVICE_0030,,Food transaction,2026-06-03T04:45:01.430392
1811,30,30,DEBIT,6210.58,Uber,Transport,Ahmedabad,DEVICE_0030,,Transport transaction,2026-07-01T04:45:01.430392
1812,30,30,DEBIT,1493.41,Reliance Fresh,Groceries,Ahmedabad,DEVICE_0030,,Groceries transaction,2026-06-29T04:45:01.430392
1813,30,30,DEBIT,7339.82,BookMyShow,Entertainment,Ahmedabad,DEVICE_0030,,Entertainment transaction,2026-03-20T04:45:01.430392
1814,30,30,DEBIT,7220.52,Netflix,Entertainment,Ahmedabad,DEVICE_0030,,Entertainment transaction,2026-05-17T04:45:01.430392
1815,30,30,DEBIT,5219.46,Jio,Utilities,Ahmedabad,DEVICE_0030,,Utilities transaction,2026-08-20T04:45:01.430392
1816,30,30,DEBIT,4089.53,Electricity Board,Utilities,Ahmedabad,DEVICE_0030,,Utilities transaction,2026-07-28T04:45:01.430392
1817,30,30,DEBIT,4748.25,Airtel,Utilities,Ahmedabad,DEVICE_0030,,Utilities transaction,2026-03-18T04:45:01.430392
1818,30,30,DEBIT,1251.18,Netflix,Entertainment,Ahmedabad,DEVICE_0030,,Entertainment transaction,2026-05-30T04:45:01.430392
1819,30,30,DEBIT,3702.86,Ola,Transport,Ahmedabad,DEVICE_0030,,Transport transaction,2026-07-29T04:45:01.430392
1820,30,30,DEBIT,4786.07,Reliance Fresh,Groceries,Ahmedabad,DEVICE_0030,,Groceries transaction,2026-07-23T04:45:01.430392
1821,30,30,DEBIT,900.59,Reliance Fresh,Groceries,Ahmedabad,DEVICE_0030,,Groceries transaction,2026-06-22T04:45:01.430392
1822,30,30,DEBIT,5238.69,Electricity Board,Utilities,Ahmedabad,DEVICE_0030,,Utilities transaction,2026-08-02T04:45:01.430392
1823,30,30,DEBIT,5896.6,Electricity Board,Utilities,Ahmedabad,DEVICE_0030,,Utilities transaction,2026-08-20T04:45:01.430392
1824,30,30,DEBIT,5686.57,Flipkart,Shopping,Ahmedabad,DEVICE_0030,,Shopping transaction,2026-04-03T04:45:01.430392
1825,30,30,DEBIT,862.73,Ola,Transport,Ahmedabad,DEVICE_0030,,Transport transaction,2026-06-06T04:45:01.430392
1826,30,30,DEBIT,6345.67,Electricity Board,Utilities,Ahmedabad,DEVICE_0030,,Utilities transaction,2026-05-05T04:45:01.430392
1827,30,30,DEBIT,7578.49,BookMyShow,Entertainment,Ahmedabad,DEVICE_0030,,Entertainment transaction,2026-06-08T04:45:01.430392
1828,30,30,DEBIT,3156.88,Netflix,Entertainment,Ahmedabad,DEVICE_0030,,Entertainment transaction,2026-07-31T04:45:01.430392
1829,30,30,DEBIT,4593.22,Ola,Transport,Ahmedabad,DEVICE_0030,,Transport transaction,2026-03-28T04:45:01.430392
1830,30,30,DEBIT,1366.02,Jio,Utilities,Ahmedabad,DEVICE_0030,,Utilities transaction,2026-08-06T04:45:01.430392
1831,31,31,CREDIT,69213.63,Employer,Salary,Bengaluru,DEVICE_0031,,Monthly salary credit,2026-09-07T04:45:01.430392
1832,31,31,DEBIT,4000.26,Airtel,Utilities,Bengaluru,DEVICE_0031,,Utilities transaction,2026-05-28T04:45:01.430392
1833,31,31,DEBIT,1851.93,Uber,Transport,Bengaluru,DEVICE_0031,,Transport transaction,2026-05-21T04:45:01.430392
1834,31,31,DEBIT,3543.44,Uber,Transport,Bengaluru,DEVICE_0031,,Transport transaction,2026-08-13T04:45:01.430392
1835,31,31,DEBIT,5325.92,Swiggy,Food,Bengaluru,DEVICE_0031,,Food transaction,2026-09-12T04:45:01.430392
1836,31,31,DEBIT,4284.99,BookMyShow,Entertainment,Bengaluru,DEVICE_0031,,Entertainment transaction,2026-09-09T04:45:01.430392
1837,31,31,DEBIT,2855.88,Reliance Fresh,Groceries,Bengaluru,DEVICE_0031,,Groceries transaction,2026-05-08T04:45:01.430392
1838,31,31,DEBIT,4509.46,Netflix,Entertainment,Bengaluru,DEVICE_0031,,Entertainment transaction,2026-04-10T04:45:01.430392
1839,31,31,DEBIT,1469.58,Reliance Fresh,Groceries,Bengaluru,DEVICE_0031,,Groceries transaction,2026-04-15T04:45:01.430392
1840,31,31,DEBIT,2738.92,Apollo Pharmacy,Healthcare,Bengaluru,DEVICE_0031,,Healthcare transaction,2026-05-31T04:45:01.430392
1841,31,31,DEBIT,623.79,Reliance Fresh,Groceries,Bengaluru,DEVICE_0031,,Groceries transaction,2026-04-12T04:45:01.430392
1842,31,31,DEBIT,1506.06,Amazon,Shopping,Bengaluru,DEVICE_0031,,Shopping transaction,2026-04-25T04:45:01.430392
1843,31,31,DEBIT,3507.75,Uber,Transport,Bengaluru,DEVICE_0031,,Transport transaction,2026-04-23T04:45:01.430392
1844,31,31,DEBIT,4604.45,Jio,Utilities,Bengaluru,DEVICE_0031,,Utilities transaction,2026-08-31T04:45:01.430392
1845,31,31,DEBIT,991.26,Swiggy,Food,Bengaluru,DEVICE_0031,,Food transaction,2026-03-29T04:45:01.430392
1846,31,31,DEBIT,395.98,Ola,Transport,Bengaluru,DEVICE_0031,,Transport transaction,2026-09-04T04:45:01.430392
1847,31,31,DEBIT,3285.33,Apollo Pharmacy,Healthcare,Bengaluru,DEVICE_0031,,Healthcare transaction,2026-04-11T04:45:01.430392
1848,31,31,DEBIT,1967.17,Uber,Transport,Bengaluru,DEVICE_0031,,Transport transaction,2026-08-21T04:45:01.430392
1849,31,31,DEBIT,781.14,Amazon,Shopping,Bengaluru,DEVICE_0031,,Shopping transaction,2026-07-29T04:45:01.430392
1850,31,31,DEBIT,3787.01,Swiggy,Food,Bengaluru,DEVICE_0031,,Food transaction,2026-04-09T04:45:01.430392
1851,31,31,DEBIT,3890.67,Apollo Pharmacy,Healthcare,Bengaluru,DEVICE_0031,,Healthcare transaction,2026-04-13T04:45:01.430392
1852,31,31,DEBIT,4401.93,BookMyShow,Entertainment,Bengaluru,DEVICE_0031,,Entertainment transaction,2026-07-29T04:45:01.430392
1853,31,31,DEBIT,4199.27,Reliance Fresh,Groceries,Bengaluru,DEVICE_0031,,Groceries transaction,2026-06-12T04:45:01.430392
1854,31,31,DEBIT,697.02,Amazon,Shopping,Bengaluru,DEVICE_0031,,Shopping transaction,2026-06-28T04:45:01.430392
1855,31,31,DEBIT,2167.09,Ola,Transport,Bengaluru,DEVICE_0031,,Transport transaction,2026-06-07T04:45:01.430392
1856,31,31,DEBIT,561.14,Jio,Utilities,Bengaluru,DEVICE_0031,,Utilities transaction,2026-05-26T04:45:01.430392
1857,31,31,DEBIT,3137.91,Jio,Utilities,Bengaluru,DEVICE_0031,,Utilities transaction,2026-06-30T04:45:01.430392
1858,31,31,DEBIT,918.08,Reliance Fresh,Groceries,Bengaluru,DEVICE_0031,,Groceries transaction,2026-03-19T04:45:01.430392
1859,31,31,DEBIT,1664.6,Jio,Utilities,Bengaluru,DEVICE_0031,,Utilities transaction,2026-05-01T04:45:01.430392
1860,31,31,DEBIT,3000.08,BigBasket,Groceries,Bengaluru,DEVICE_0031,,Groceries transaction,2026-03-18T04:45:01.430392
1861,31,31,DEBIT,3466.59,Zomato,Food,Bengaluru,DEVICE_0031,,Food transaction,2026-08-16T04:45:01.430392
1862,31,31,DEBIT,4094.63,BookMyShow,Entertainment,Bengaluru,DEVICE_0031,,Entertainment transaction,2026-04-04T04:45:01.430392
1863,31,31,DEBIT,5468.72,Netflix,Entertainment,Bengaluru,DEVICE_0031,,Entertainment transaction,2026-05-12T04:45:01.430392
1864,31,31,DEBIT,3875.41,Electricity Board,Utilities,Bengaluru,DEVICE_0031,,Utilities transaction,2026-03-16T04:45:01.430392
1865,31,31,DEBIT,2479.22,Uber,Transport,Bengaluru,DEVICE_0031,,Transport transaction,2026-06-23T04:45:01.430392
1866,31,31,DEBIT,3004.06,Uber,Transport,Bengaluru,DEVICE_0031,,Transport transaction,2026-04-06T04:45:01.430392
1867,31,31,DEBIT,5148.05,Ola,Transport,Bengaluru,DEVICE_0031,,Transport transaction,2026-04-08T04:45:01.430392
1868,31,31,DEBIT,2849.32,BookMyShow,Entertainment,Bengaluru,DEVICE_0031,,Entertainment transaction,2026-04-04T04:45:01.430392
1869,31,31,DEBIT,2828.54,Reliance Fresh,Groceries,Bengaluru,DEVICE_0031,,Groceries transaction,2026-07-28T04:45:01.430392
1870,31,31,DEBIT,1442.06,BookMyShow,Entertainment,Bengaluru,DEVICE_0031,,Entertainment transaction,2026-06-30T04:45:01.430392
1871,31,31,DEBIT,208.44,Zomato,Food,Bengaluru,DEVICE_0031,,Food transaction,2026-09-06T04:45:01.430392
1872,31,31,DEBIT,3538.14,Reliance Fresh,Groceries,Bengaluru,DEVICE_0031,,Groceries transaction,2026-08-13T04:45:01.430392
1873,31,31,DEBIT,4726.23,Electricity Board,Utilities,Bengaluru,DEVICE_0031,,Utilities transaction,2026-04-08T04:45:01.430392
1874,31,31,DEBIT,2409.77,BigBasket,Groceries,Bengaluru,DEVICE_0031,,Groceries transaction,2026-06-19T04:45:01.430392
1875,31,31,DEBIT,3190.99,Ola,Transport,Bengaluru,DEVICE_0031,,Transport transaction,2026-04-02T04:45:01.430392
1876,31,31,DEBIT,260.29,Zomato,Food,Bengaluru,DEVICE_0031,,Food transaction,2026-07-23T04:45:01.430392
1877,31,31,DEBIT,1703.07,Electricity Board,Utilities,Bengaluru,DEVICE_0031,,Utilities transaction,2026-08-26T04:45:01.430392
1878,31,31,DEBIT,1802.64,Uber,Transport,Bengaluru,DEVICE_0031,,Transport transaction,2026-04-25T04:45:01.430392
1879,31,31,DEBIT,4293.72,Ola,Transport,Bengaluru,DEVICE_0031,,Transport transaction,2026-08-14T04:45:01.430392
1880,31,31,DEBIT,1978.76,Apollo Pharmacy,Healthcare,Bengaluru,DEVICE_0031,,Healthcare transaction,2026-06-03T04:45:01.430392
1881,31,31,DEBIT,3236.39,Electricity Board,Utilities,Bengaluru,DEVICE_0031,,Utilities transaction,2026-09-05T04:45:01.430392
1882,31,31,DEBIT,1137.35,Jio,Utilities,Bengaluru,DEVICE_0031,,Utilities transaction,2026-06-20T04:45:01.430392
1883,31,31,DEBIT,2003.6,Jio,Utilities,Bengaluru,DEVICE_0031,,Utilities transaction,2026-03-24T04:45:01.430392
1884,31,31,DEBIT,5089.65,Reliance Fresh,Groceries,Bengaluru,DEVICE_0031,,Groceries transaction,2026-09-03T04:45:01.430392
1885,31,31,DEBIT,924.53,Apollo Pharmacy,Healthcare,Bengaluru,DEVICE_0031,,Healthcare transaction,2026-08-04T04:45:01.430392
1886,31,31,DEBIT,2658.36,Apollo Pharmacy,Healthcare,Bengaluru,DEVICE_0031,,Healthcare transaction,2026-04-28T04:45:01.430392
1887,31,31,DEBIT,2668.24,Ola,Transport,Bengaluru,DEVICE_0031,,Transport transaction,2026-05-30T04:45:01.430392
1888,31,31,DEBIT,499.0,Electricity Board,Utilities,Bengaluru,DEVICE_0031,,Utilities transaction,2026-05-02T04:45:01.430392
1889,31,31,DEBIT,3215.15,Uber,Transport,Bengaluru,DEVICE_0031,,Transport transaction,2026-03-23T04:45:01.430392
1890,31,31,DEBIT,3163.03,Ola,Transport,Bengaluru,DEVICE_0031,,Transport transaction,2026-09-08T04:45:01.430392
1891,31,31,DEBIT,3281.62,Zomato,Food,Bengaluru,DEVICE_0031,,Food transaction,2026-06-20T04:45:01.430392
1892,32,32,CREDIT,139039.26,Employer,Salary,Hyderabad,DEVICE_0032,,Monthly salary credit,2026-08-18T04:45:01.430392
1893,32,32,DEBIT,4062.37,Airtel,Utilities,Hyderabad,DEVICE_0032,,Utilities transaction,2026-08-05T04:45:01.430392
1894,32,32,DEBIT,9383.51,Uber,Transport,Hyderabad,DEVICE_0032,,Transport transaction,2026-06-18T04:45:01.430392
1895,32,32,DEBIT,7043.47,BigBasket,Groceries,Hyderabad,DEVICE_0032,,Groceries transaction,2026-08-01T04:45:01.430392
1896,32,32,DEBIT,6816.03,BookMyShow,Entertainment,Hyderabad,DEVICE_0032,,Entertainment transaction,2026-07-27T04:45:01.430392
1897,32,32,DEBIT,1476.31,BookMyShow,Entertainment,Hyderabad,DEVICE_0032,,Entertainment transaction,2026-06-26T04:45:01.430392
1898,32,32,DEBIT,9570.08,Electricity Board,Utilities,Hyderabad,DEVICE_0032,,Utilities transaction,2026-09-04T04:45:01.430392
1899,32,32,DEBIT,4720.76,Uber,Transport,Hyderabad,DEVICE_0032,,Transport transaction,2026-05-08T04:45:01.430392
1900,32,32,DEBIT,4258.86,Zomato,Food,Hyderabad,DEVICE_0032,,Food transaction,2026-06-27T04:45:01.430392
1901,32,32,DEBIT,5935.75,Zomato,Food,Hyderabad,DEVICE_0032,,Food transaction,2026-07-30T04:45:01.430392
1902,32,32,DEBIT,4287.61,Flipkart,Shopping,Hyderabad,DEVICE_0032,,Shopping transaction,2026-09-03T04:45:01.430392
1903,32,32,DEBIT,2407.55,Airtel,Utilities,Hyderabad,DEVICE_0032,,Utilities transaction,2026-08-20T04:45:01.430392
1904,32,32,DEBIT,5727.05,Reliance Fresh,Groceries,Hyderabad,DEVICE_0032,,Groceries transaction,2026-05-12T04:45:01.430392
1905,32,32,DEBIT,1883.01,Netflix,Entertainment,Hyderabad,DEVICE_0032,,Entertainment transaction,2026-06-17T04:45:01.430392
1906,32,32,DEBIT,8200.56,Reliance Fresh,Groceries,Hyderabad,DEVICE_0032,,Groceries transaction,2026-05-01T04:45:01.430392
1907,32,32,DEBIT,8671.26,Uber,Transport,Hyderabad,DEVICE_0032,,Transport transaction,2026-08-07T04:45:01.430392
1908,32,32,DEBIT,9722.78,Airtel,Utilities,Hyderabad,DEVICE_0032,,Utilities transaction,2026-05-03T04:45:01.430392
1909,32,32,DEBIT,11043.62,Apollo Pharmacy,Healthcare,Hyderabad,DEVICE_0032,,Healthcare transaction,2026-07-22T04:45:01.430392
1910,32,32,DEBIT,599.27,Electricity Board,Utilities,Hyderabad,DEVICE_0032,,Utilities transaction,2026-06-05T04:45:01.430392
1911,32,32,DEBIT,9646.44,Electricity Board,Utilities,Hyderabad,DEVICE_0032,,Utilities transaction,2026-08-14T04:45:01.430392
1912,32,32,DEBIT,3596.89,Amazon,Shopping,Hyderabad,DEVICE_0032,,Shopping transaction,2026-09-01T04:45:01.430392
1913,32,32,DEBIT,9464.18,Apollo Pharmacy,Healthcare,Hyderabad,DEVICE_0032,,Healthcare transaction,2026-08-21T04:45:01.430392
1914,32,32,DEBIT,5299.75,Ola,Transport,Hyderabad,DEVICE_0032,,Transport transaction,2026-09-01T04:45:01.430392
1915,32,32,DEBIT,5886.34,Flipkart,Shopping,Hyderabad,DEVICE_0032,,Shopping transaction,2026-03-28T04:45:01.430392
1916,32,32,DEBIT,3613.27,Electricity Board,Utilities,Hyderabad,DEVICE_0032,,Utilities transaction,2026-04-18T04:45:01.430392
1917,32,32,DEBIT,3609.58,Airtel,Utilities,Hyderabad,DEVICE_0032,,Utilities transaction,2026-07-21T04:45:01.430392
1918,32,32,DEBIT,2390.7,Ola,Transport,Hyderabad,DEVICE_0032,,Transport transaction,2026-07-01T04:45:01.430392
1919,32,32,DEBIT,6014.12,Uber,Transport,Hyderabad,DEVICE_0032,,Transport transaction,2026-05-23T04:45:01.430392
1920,32,32,DEBIT,1485.12,Apollo Pharmacy,Healthcare,Hyderabad,DEVICE_0032,,Healthcare transaction,2026-08-05T04:45:01.430392
1921,32,32,DEBIT,3188.97,Swiggy,Food,Hyderabad,DEVICE_0032,,Food transaction,2026-09-09T04:45:01.430392
1922,32,32,DEBIT,6312.87,BookMyShow,Entertainment,Hyderabad,DEVICE_0032,,Entertainment transaction,2026-08-17T04:45:01.430392
1923,32,32,DEBIT,6126.12,Zomato,Food,Hyderabad,DEVICE_0032,,Food transaction,2026-04-25T04:45:01.430392
1924,32,32,DEBIT,3160.74,Ola,Transport,Hyderabad,DEVICE_0032,,Transport transaction,2026-03-16T04:45:01.430392
1925,32,32,DEBIT,3294.17,Airtel,Utilities,Hyderabad,DEVICE_0032,,Utilities transaction,2026-07-12T04:45:01.430392
1926,32,32,DEBIT,978.2,Swiggy,Food,Hyderabad,DEVICE_0032,,Food transaction,2026-04-09T04:45:01.430392
1927,32,32,DEBIT,6104.8,Ola,Transport,Hyderabad,DEVICE_0032,,Transport transaction,2026-08-31T04:45:01.430392
1928,32,32,DEBIT,516.69,Swiggy,Food,Hyderabad,DEVICE_0032,,Food transaction,2026-03-24T04:45:01.430392
1929,32,32,DEBIT,1357.05,Amazon,Shopping,Hyderabad,DEVICE_0032,,Shopping transaction,2026-08-30T04:45:01.430392
1930,32,32,DEBIT,4858.35,Flipkart,Shopping,Hyderabad,DEVICE_0032,,Shopping transaction,2026-07-29T04:45:01.430392
1931,32,32,DEBIT,6711.52,Electricity Board,Utilities,Hyderabad,DEVICE_0032,,Utilities transaction,2026-04-14T04:45:01.430392
1932,32,32,DEBIT,9333.65,Apollo Pharmacy,Healthcare,Hyderabad,DEVICE_0032,,Healthcare transaction,2026-03-17T04:45:01.430392
1933,32,32,DEBIT,6932.1,Reliance Fresh,Groceries,Hyderabad,DEVICE_0032,,Groceries transaction,2026-06-25T04:45:01.430392
1934,32,32,DEBIT,9129.03,Ola,Transport,Hyderabad,DEVICE_0032,,Transport transaction,2026-03-25T04:45:01.430392
1935,32,32,DEBIT,6027.33,Airtel,Utilities,Hyderabad,DEVICE_0032,,Utilities transaction,2026-05-16T04:45:01.430392
1936,32,32,DEBIT,1639.62,BookMyShow,Entertainment,Hyderabad,DEVICE_0032,,Entertainment transaction,2026-03-18T04:45:01.430392
1937,32,32,DEBIT,1262.42,Reliance Fresh,Groceries,Hyderabad,DEVICE_0032,,Groceries transaction,2026-06-25T04:45:01.430392
1938,32,32,DEBIT,7239.08,Apollo Pharmacy,Healthcare,Hyderabad,DEVICE_0032,,Healthcare transaction,2026-05-16T04:45:01.430392
1939,32,32,DEBIT,2730.83,Reliance Fresh,Groceries,Hyderabad,DEVICE_0032,,Groceries transaction,2026-07-17T04:45:01.430392
1940,32,32,DEBIT,9605.88,Swiggy,Food,Hyderabad,DEVICE_0032,,Food transaction,2026-04-08T04:45:01.430392
1941,32,32,DEBIT,10171.32,Uber,Transport,Hyderabad,DEVICE_0032,,Transport transaction,2026-06-04T04:45:01.430392
1942,32,32,DEBIT,7841.99,Swiggy,Food,Hyderabad,DEVICE_0032,,Food transaction,2026-03-26T04:45:01.430392
1943,32,32,DEBIT,8815.94,Ola,Transport,Hyderabad,DEVICE_0032,,Transport transaction,2026-06-21T04:45:01.430392
1944,32,32,DEBIT,5525.1,Reliance Fresh,Groceries,Hyderabad,DEVICE_0032,,Groceries transaction,2026-08-27T04:45:01.430392
1945,32,32,DEBIT,1433.08,Reliance Fresh,Groceries,Hyderabad,DEVICE_0032,,Groceries transaction,2026-05-13T04:45:01.430392
1946,32,32,DEBIT,9438.42,Reliance Fresh,Groceries,Hyderabad,DEVICE_0032,,Groceries transaction,2026-07-02T04:45:01.430392
1947,32,32,DEBIT,4007.98,Airtel,Utilities,Hyderabad,DEVICE_0032,,Utilities transaction,2026-04-18T04:45:01.430392
1948,32,32,DEBIT,5748.41,Swiggy,Food,Hyderabad,DEVICE_0032,,Food transaction,2026-06-01T04:45:01.430392
1949,32,32,DEBIT,8002.11,Jio,Utilities,Hyderabad,DEVICE_0032,,Utilities transaction,2026-08-16T04:45:01.430392
1950,32,32,DEBIT,6274.9,Ola,Transport,Hyderabad,DEVICE_0032,,Transport transaction,2026-08-25T04:45:01.430392
1951,32,32,DEBIT,3500.08,Airtel,Utilities,Hyderabad,DEVICE_0032,,Utilities transaction,2026-05-17T04:45:01.430392
1952,32,32,DEBIT,6650.51,BigBasket,Groceries,Hyderabad,DEVICE_0032,,Groceries transaction,2026-07-13T04:45:01.430392
1953,33,33,CREDIT,49402.07,Employer,Salary,Hyderabad,DEVICE_0033,,Monthly salary credit,2026-08-24T04:45:01.430392
1954,33,33,DEBIT,2256.0,Zomato,Food,Hyderabad,DEVICE_0033,,Food transaction,2026-05-12T04:45:01.430392
1955,33,33,DEBIT,447.87,BigBasket,Groceries,Hyderabad,DEVICE_0033,,Groceries transaction,2026-07-21T04:45:01.430392
1956,33,33,DEBIT,2804.23,Jio,Utilities,Hyderabad,DEVICE_0033,,Utilities transaction,2026-05-25T04:45:01.430392
1957,33,33,DEBIT,3877.89,Airtel,Utilities,Hyderabad,DEVICE_0033,,Utilities transaction,2026-04-20T04:45:01.430392
1958,33,33,DEBIT,1483.99,Airtel,Utilities,Hyderabad,DEVICE_0033,,Utilities transaction,2026-03-19T04:45:01.430392
1959,33,33,DEBIT,849.45,Zomato,Food,Hyderabad,DEVICE_0033,,Food transaction,2026-03-25T04:45:01.430392
1960,33,33,DEBIT,2974.23,Flipkart,Shopping,Hyderabad,DEVICE_0033,,Shopping transaction,2026-04-19T04:45:01.430392
1961,33,33,DEBIT,2025.92,Jio,Utilities,Hyderabad,DEVICE_0033,,Utilities transaction,2026-04-14T04:45:01.430392
1962,33,33,DEBIT,1936.91,BookMyShow,Entertainment,Hyderabad,DEVICE_0033,,Entertainment transaction,2026-04-23T04:45:01.430392
1963,33,33,DEBIT,3284.37,Flipkart,Shopping,Hyderabad,DEVICE_0033,,Shopping transaction,2026-07-29T04:45:01.430392
1964,33,33,DEBIT,3786.63,Uber,Transport,Hyderabad,DEVICE_0033,,Transport transaction,2026-08-26T04:45:01.430392
1965,33,33,DEBIT,608.03,BookMyShow,Entertainment,Hyderabad,DEVICE_0033,,Entertainment transaction,2026-04-13T04:45:01.430392
1966,33,33,DEBIT,3276.27,Airtel,Utilities,Hyderabad,DEVICE_0033,,Utilities transaction,2026-06-21T04:45:01.430392
1967,33,33,DEBIT,2620.11,Reliance Fresh,Groceries,Hyderabad,DEVICE_0033,,Groceries transaction,2026-08-28T04:45:01.430392
1968,33,33,DEBIT,1016.52,Flipkart,Shopping,Hyderabad,DEVICE_0033,,Shopping transaction,2026-08-08T04:45:01.430392
1969,33,33,DEBIT,3589.17,BookMyShow,Entertainment,Hyderabad,DEVICE_0033,,Entertainment transaction,2026-04-03T04:45:01.430392
1970,33,33,DEBIT,200.69,Airtel,Utilities,Hyderabad,DEVICE_0033,,Utilities transaction,2026-08-06T04:45:01.430392
1971,33,33,DEBIT,759.88,Apollo Pharmacy,Healthcare,Hyderabad,DEVICE_0033,,Healthcare transaction,2026-04-29T04:45:01.430392
1972,33,33,DEBIT,1663.28,Uber,Transport,Hyderabad,DEVICE_0033,,Transport transaction,2026-04-18T04:45:01.430392
1973,33,33,DEBIT,934.17,Reliance Fresh,Groceries,Hyderabad,DEVICE_0033,,Groceries transaction,2026-03-22T04:45:01.430392
1974,33,33,DEBIT,1324.66,Ola,Transport,Hyderabad,DEVICE_0033,,Transport transaction,2026-03-23T04:45:01.430392
1975,33,33,DEBIT,3646.37,Uber,Transport,Hyderabad,DEVICE_0033,,Transport transaction,2026-05-24T04:45:01.430392
1976,33,33,DEBIT,3886.8,Electricity Board,Utilities,Hyderabad,DEVICE_0033,,Utilities transaction,2026-06-16T04:45:01.430392
1977,33,33,DEBIT,2386.49,Flipkart,Shopping,Hyderabad,DEVICE_0033,,Shopping transaction,2026-04-09T04:45:01.430392
1978,33,33,DEBIT,1716.62,Netflix,Entertainment,Hyderabad,DEVICE_0033,,Entertainment transaction,2026-08-11T04:45:01.430392
1979,33,33,DEBIT,1303.83,Jio,Utilities,Hyderabad,DEVICE_0033,,Utilities transaction,2026-06-10T04:45:01.430392
1980,33,33,DEBIT,3831.72,Netflix,Entertainment,Hyderabad,DEVICE_0033,,Entertainment transaction,2026-09-12T04:45:01.430392
1981,33,33,DEBIT,2301.33,Electricity Board,Utilities,Hyderabad,DEVICE_0033,,Utilities transaction,2026-06-13T04:45:01.430392
1982,33,33,DEBIT,3431.54,Flipkart,Shopping,Hyderabad,DEVICE_0033,,Shopping transaction,2026-09-05T04:45:01.430392
1983,33,33,DEBIT,1819.87,Zomato,Food,Hyderabad,DEVICE_0033,,Food transaction,2026-04-14T04:45:01.430392
1984,33,33,DEBIT,2545.91,BigBasket,Groceries,Hyderabad,DEVICE_0033,,Groceries transaction,2026-06-07T04:45:01.430392
1985,33,33,DEBIT,1631.7,BigBasket,Groceries,Hyderabad,DEVICE_0033,,Groceries transaction,2026-04-26T04:45:01.430392
1986,33,33,DEBIT,2685.76,Zomato,Food,Hyderabad,DEVICE_0033,,Food transaction,2026-05-14T04:45:01.430392
1987,33,33,DEBIT,906.26,Swiggy,Food,Hyderabad,DEVICE_0033,,Food transaction,2026-06-06T04:45:01.430392
1988,33,33,DEBIT,3668.81,Jio,Utilities,Hyderabad,DEVICE_0033,,Utilities transaction,2026-05-29T04:45:01.430392
1989,33,33,DEBIT,1282.39,Swiggy,Food,Hyderabad,DEVICE_0033,,Food transaction,2026-03-25T04:45:01.430392
1990,33,33,DEBIT,703.83,Swiggy,Food,Hyderabad,DEVICE_0033,,Food transaction,2026-08-25T04:45:01.430392
1991,33,33,DEBIT,258.94,Apollo Pharmacy,Healthcare,Hyderabad,DEVICE_0033,,Healthcare transaction,2026-05-11T04:45:01.430392
1992,33,33,DEBIT,1838.7,Apollo Pharmacy,Healthcare,Hyderabad,DEVICE_0033,,Healthcare transaction,2026-08-09T04:45:01.430392
1993,33,33,DEBIT,714.87,Flipkart,Shopping,Hyderabad,DEVICE_0033,,Shopping transaction,2026-05-29T04:45:01.430392
1994,33,33,DEBIT,1911.1,Jio,Utilities,Hyderabad,DEVICE_0033,,Utilities transaction,2026-03-18T04:45:01.430392
1995,33,33,DEBIT,3690.68,BookMyShow,Entertainment,Hyderabad,DEVICE_0033,,Entertainment transaction,2026-04-06T04:45:01.430392
1996,33,33,DEBIT,1904.96,Swiggy,Food,Hyderabad,DEVICE_0033,,Food transaction,2026-05-27T04:45:01.430392
1997,33,33,DEBIT,3277.04,Netflix,Entertainment,Hyderabad,DEVICE_0033,,Entertainment transaction,2026-06-06T04:45:01.430392
1998,33,33,DEBIT,1047.02,Ola,Transport,Hyderabad,DEVICE_0033,,Transport transaction,2026-05-27T04:45:01.430392
1999,33,33,DEBIT,227.88,BookMyShow,Entertainment,Hyderabad,DEVICE_0033,,Entertainment transaction,2026-05-08T04:45:01.430392
2000,33,33,DEBIT,2942.51,Jio,Utilities,Hyderabad,DEVICE_0033,,Utilities transaction,2026-05-07T04:45:01.430392
2001,33,33,DEBIT,1741.53,Uber,Transport,Hyderabad,DEVICE_0033,,Transport transaction,2026-04-26T04:45:01.430392
2002,33,33,DEBIT,1576.93,BookMyShow,Entertainment,Hyderabad,DEVICE_0033,,Entertainment transaction,2026-09-03T04:45:01.430392
2003,33,33,DEBIT,2013.3,BookMyShow,Entertainment,Hyderabad,DEVICE_0033,,Entertainment transaction,2026-06-10T04:45:01.430392
2004,33,33,DEBIT,2377.26,Flipkart,Shopping,Hyderabad,DEVICE_0033,,Shopping transaction,2026-03-20T04:45:01.430392
2005,33,33,DEBIT,733.14,Flipkart,Shopping,Hyderabad,DEVICE_0033,,Shopping transaction,2026-05-01T04:45:01.430392
2006,33,33,DEBIT,3890.89,Jio,Utilities,Hyderabad,DEVICE_0033,,Utilities transaction,2026-07-03T04:45:01.430392
2007,33,33,DEBIT,2139.68,Reliance Fresh,Groceries,Hyderabad,DEVICE_0033,,Groceries transaction,2026-05-02T04:45:01.430392
2008,33,33,DEBIT,531.87,BookMyShow,Entertainment,Hyderabad,DEVICE_0033,,Entertainment transaction,2026-05-15T04:45:01.430392
2009,33,33,DEBIT,2982.93,Apollo Pharmacy,Healthcare,Hyderabad,DEVICE_0033,,Healthcare transaction,2026-03-25T04:45:01.430392
2010,33,33,DEBIT,2766.76,Flipkart,Shopping,Hyderabad,DEVICE_0033,,Shopping transaction,2026-04-27T04:45:01.430392
2011,33,33,DEBIT,2374.86,Airtel,Utilities,Hyderabad,DEVICE_0033,,Utilities transaction,2026-04-09T04:45:01.430392
2012,33,33,DEBIT,3590.4,Amazon,Shopping,Hyderabad,DEVICE_0033,,Shopping transaction,2026-04-29T04:45:01.430392
2013,33,33,DEBIT,240.46,Airtel,Utilities,Hyderabad,DEVICE_0033,,Utilities transaction,2026-05-19T04:45:01.430392
2014,34,34,CREDIT,43582.43,Employer,Salary,Ahmedabad,DEVICE_0034,,Monthly salary credit,2026-08-27T04:45:01.430392
2015,34,34,DEBIT,2086.39,Reliance Fresh,Groceries,Ahmedabad,DEVICE_0034,,Groceries transaction,2026-06-20T04:45:01.430392
2016,34,34,DEBIT,1359.89,BigBasket,Groceries,Ahmedabad,DEVICE_0034,,Groceries transaction,2026-06-29T04:45:01.430392
2017,34,34,DEBIT,750.53,Uber,Transport,Ahmedabad,DEVICE_0034,,Transport transaction,2026-03-19T04:45:01.430392
2018,34,34,DEBIT,2663.06,BookMyShow,Entertainment,Ahmedabad,DEVICE_0034,,Entertainment transaction,2026-04-21T04:45:01.430392
2019,34,34,DEBIT,401.86,Uber,Transport,Ahmedabad,DEVICE_0034,,Transport transaction,2026-05-14T04:45:01.430392
2020,34,34,DEBIT,755.69,BookMyShow,Entertainment,Ahmedabad,DEVICE_0034,,Entertainment transaction,2026-08-30T04:45:01.430392
2021,34,34,DEBIT,3454.93,Apollo Pharmacy,Healthcare,Ahmedabad,DEVICE_0034,,Healthcare transaction,2026-04-06T04:45:01.430392
2022,34,34,DEBIT,1142.65,Amazon,Shopping,Ahmedabad,DEVICE_0034,,Shopping transaction,2026-08-22T04:45:01.430392
2023,34,34,DEBIT,1861.69,Swiggy,Food,Ahmedabad,DEVICE_0034,,Food transaction,2026-07-03T04:45:01.430392
2024,34,34,DEBIT,635.6,Uber,Transport,Ahmedabad,DEVICE_0034,,Transport transaction,2026-07-03T04:45:01.430392
2025,34,34,DEBIT,3019.43,Uber,Transport,Ahmedabad,DEVICE_0034,,Transport transaction,2026-09-09T04:45:01.430392
2026,34,34,DEBIT,566.62,Electricity Board,Utilities,Ahmedabad,DEVICE_0034,,Utilities transaction,2026-07-30T04:45:01.430392
2027,34,34,DEBIT,2628.69,BookMyShow,Entertainment,Ahmedabad,DEVICE_0034,,Entertainment transaction,2026-03-28T04:45:01.430392
2028,34,34,DEBIT,1415.27,Reliance Fresh,Groceries,Ahmedabad,DEVICE_0034,,Groceries transaction,2026-07-30T04:45:01.430392
2029,34,34,DEBIT,2771.85,Uber,Transport,Ahmedabad,DEVICE_0034,,Transport transaction,2026-07-14T04:45:01.430392
2030,34,34,DEBIT,794.25,Reliance Fresh,Groceries,Ahmedabad,DEVICE_0034,,Groceries transaction,2026-04-30T04:45:01.430392
2031,34,34,DEBIT,308.76,Jio,Utilities,Ahmedabad,DEVICE_0034,,Utilities transaction,2026-08-22T04:45:01.430392
2032,34,34,DEBIT,2157.31,Swiggy,Food,Ahmedabad,DEVICE_0034,,Food transaction,2026-08-04T04:45:01.430392
2033,34,34,DEBIT,1829.98,Jio,Utilities,Ahmedabad,DEVICE_0034,,Utilities transaction,2026-05-30T04:45:01.430392
2034,34,34,DEBIT,1459.31,Airtel,Utilities,Ahmedabad,DEVICE_0034,,Utilities transaction,2026-03-27T04:45:01.430392
2035,34,34,DEBIT,2586.06,Reliance Fresh,Groceries,Ahmedabad,DEVICE_0034,,Groceries transaction,2026-08-01T04:45:01.430392
2036,34,34,DEBIT,2098.85,Zomato,Food,Ahmedabad,DEVICE_0034,,Food transaction,2026-06-16T04:45:01.430392
2037,34,34,DEBIT,2310.85,Amazon,Shopping,Ahmedabad,DEVICE_0034,,Shopping transaction,2026-08-14T04:45:01.430392
2038,34,34,DEBIT,750.83,Amazon,Shopping,Ahmedabad,DEVICE_0034,,Shopping transaction,2026-06-02T04:45:01.430392
2039,34,34,DEBIT,1190.47,Reliance Fresh,Groceries,Ahmedabad,DEVICE_0034,,Groceries transaction,2026-04-29T04:45:01.430392
2040,34,34,DEBIT,1448.25,Zomato,Food,Ahmedabad,DEVICE_0034,,Food transaction,2026-03-16T04:45:01.430392
2041,34,34,DEBIT,1759.78,BigBasket,Groceries,Ahmedabad,DEVICE_0034,,Groceries transaction,2026-08-06T04:45:01.430392
2042,34,34,DEBIT,3060.25,Netflix,Entertainment,Ahmedabad,DEVICE_0034,,Entertainment transaction,2026-09-09T04:45:01.430392
2043,34,34,DEBIT,3247.4,Uber,Transport,Ahmedabad,DEVICE_0034,,Transport transaction,2026-05-21T04:45:01.430392
2044,34,34,DEBIT,2429.93,BigBasket,Groceries,Ahmedabad,DEVICE_0034,,Groceries transaction,2026-04-30T04:45:01.430392
2045,34,34,DEBIT,3341.56,Apollo Pharmacy,Healthcare,Ahmedabad,DEVICE_0034,,Healthcare transaction,2026-08-19T04:45:01.430392
2046,34,34,DEBIT,2294.95,Netflix,Entertainment,Ahmedabad,DEVICE_0034,,Entertainment transaction,2026-05-25T04:45:01.430392
2047,34,34,DEBIT,3217.23,BookMyShow,Entertainment,Ahmedabad,DEVICE_0034,,Entertainment transaction,2026-07-05T04:45:01.430392
2048,34,34,DEBIT,1088.45,Ola,Transport,Ahmedabad,DEVICE_0034,,Transport transaction,2026-08-18T04:45:01.430392
2049,34,34,DEBIT,2350.56,Uber,Transport,Ahmedabad,DEVICE_0034,,Transport transaction,2026-06-04T04:45:01.430392
2050,34,34,DEBIT,2741.03,Reliance Fresh,Groceries,Ahmedabad,DEVICE_0034,,Groceries transaction,2026-07-13T04:45:01.430392
2051,34,34,DEBIT,2408.23,Electricity Board,Utilities,Ahmedabad,DEVICE_0034,,Utilities transaction,2026-07-25T04:45:01.430392
2052,34,34,DEBIT,1308.92,Netflix,Entertainment,Ahmedabad,DEVICE_0034,,Entertainment transaction,2026-03-20T04:45:01.430392
2053,34,34,DEBIT,1229.59,Swiggy,Food,Ahmedabad,DEVICE_0034,,Food transaction,2026-09-10T04:45:01.430392
2054,34,34,DEBIT,227.86,Apollo Pharmacy,Healthcare,Ahmedabad,DEVICE_0034,,Healthcare transaction,2026-08-26T04:45:01.430392
2055,34,34,DEBIT,1551.61,Amazon,Shopping,Ahmedabad,DEVICE_0034,,Shopping transaction,2026-05-01T04:45:01.430392
2056,34,34,DEBIT,2452.96,Flipkart,Shopping,Ahmedabad,DEVICE_0034,,Shopping transaction,2026-06-15T04:45:01.430392
2057,34,34,DEBIT,2583.6,Zomato,Food,Ahmedabad,DEVICE_0034,,Food transaction,2026-07-10T04:45:01.430392
2058,34,34,DEBIT,311.88,Zomato,Food,Ahmedabad,DEVICE_0034,,Food transaction,2026-04-07T04:45:01.430392
2059,34,34,DEBIT,386.95,Flipkart,Shopping,Ahmedabad,DEVICE_0034,,Shopping transaction,2026-04-13T04:45:01.430392
2060,34,34,DEBIT,3138.11,Apollo Pharmacy,Healthcare,Ahmedabad,DEVICE_0034,,Healthcare transaction,2026-07-19T04:45:01.430392
2061,34,34,DEBIT,2297.12,BookMyShow,Entertainment,Ahmedabad,DEVICE_0034,,Entertainment transaction,2026-08-13T04:45:01.430392
2062,34,34,DEBIT,3014.77,Flipkart,Shopping,Ahmedabad,DEVICE_0034,,Shopping transaction,2026-08-10T04:45:01.430392
2063,34,34,DEBIT,2357.3,BigBasket,Groceries,Ahmedabad,DEVICE_0034,,Groceries transaction,2026-03-31T04:45:01.430392
2064,34,34,DEBIT,2839.79,BookMyShow,Entertainment,Ahmedabad,DEVICE_0034,,Entertainment transaction,2026-07-27T04:45:01.430392
2065,34,34,DEBIT,2486.33,Flipkart,Shopping,Ahmedabad,DEVICE_0034,,Shopping transaction,2026-07-10T04:45:01.430392
2066,34,34,DEBIT,1734.69,Uber,Transport,Ahmedabad,DEVICE_0034,,Transport transaction,2026-08-24T04:45:01.430392
2067,34,34,DEBIT,1690.29,Apollo Pharmacy,Healthcare,Ahmedabad,DEVICE_0034,,Healthcare transaction,2026-07-04T04:45:01.430392
2068,34,34,DEBIT,1603.32,Airtel,Utilities,Ahmedabad,DEVICE_0034,,Utilities transaction,2026-03-26T04:45:01.430392
2069,34,34,DEBIT,2731.07,Airtel,Utilities,Ahmedabad,DEVICE_0034,,Utilities transaction,2026-07-09T04:45:01.430392
2070,34,34,DEBIT,2765.95,Swiggy,Food,Ahmedabad,DEVICE_0034,,Food transaction,2026-07-04T04:45:01.430392
2071,34,34,DEBIT,405.04,Airtel,Utilities,Ahmedabad,DEVICE_0034,,Utilities transaction,2026-06-05T04:45:01.430392
2072,34,34,DEBIT,3473.31,Ola,Transport,Ahmedabad,DEVICE_0034,,Transport transaction,2026-07-08T04:45:01.430392
2073,34,34,DEBIT,1069.85,Jio,Utilities,Ahmedabad,DEVICE_0034,,Utilities transaction,2026-05-23T04:45:01.430392
2074,34,34,DEBIT,1816.09,Flipkart,Shopping,Ahmedabad,DEVICE_0034,,Shopping transaction,2026-07-23T04:45:01.430392
2075,35,35,CREDIT,126892.84,Employer,Salary,Delhi,DEVICE_0035,,Monthly salary credit,2026-08-24T04:45:01.430392
2076,35,35,DEBIT,1975.75,BigBasket,Groceries,Delhi,DEVICE_0035,,Groceries transaction,2026-05-10T04:45:01.430392
2077,35,35,DEBIT,1631.74,Flipkart,Shopping,Delhi,DEVICE_0035,,Shopping transaction,2026-05-25T04:45:01.430392
2078,35,35,DEBIT,6309.84,Zomato,Food,Delhi,DEVICE_0035,,Food transaction,2026-08-16T04:45:01.430392
2079,35,35,DEBIT,7319.25,Reliance Fresh,Groceries,Delhi,DEVICE_0035,,Groceries transaction,2026-08-17T04:45:01.430392
2080,35,35,DEBIT,925.65,Amazon,Shopping,Delhi,DEVICE_0035,,Shopping transaction,2026-04-19T04:45:01.430392
2081,35,35,DEBIT,2693.79,Electricity Board,Utilities,Delhi,DEVICE_0035,,Utilities transaction,2026-05-21T04:45:01.430392
2082,35,35,DEBIT,9121.58,Amazon,Shopping,Delhi,DEVICE_0035,,Shopping transaction,2026-08-05T04:45:01.430392
2083,35,35,DEBIT,6572.25,Apollo Pharmacy,Healthcare,Delhi,DEVICE_0035,,Healthcare transaction,2026-09-03T04:45:01.430392
2084,35,35,DEBIT,4085.87,Apollo Pharmacy,Healthcare,Delhi,DEVICE_0035,,Healthcare transaction,2026-08-05T04:45:01.430392
2085,35,35,DEBIT,3482.29,Electricity Board,Utilities,Delhi,DEVICE_0035,,Utilities transaction,2026-06-04T04:45:01.430392
2086,35,35,DEBIT,236.86,BookMyShow,Entertainment,Delhi,DEVICE_0035,,Entertainment transaction,2026-05-10T04:45:01.430392
2087,35,35,DEBIT,4539.4,Reliance Fresh,Groceries,Delhi,DEVICE_0035,,Groceries transaction,2026-08-26T04:45:01.430392
2088,35,35,DEBIT,2447.5,Netflix,Entertainment,Delhi,DEVICE_0035,,Entertainment transaction,2026-06-06T04:45:01.430392
2089,35,35,DEBIT,8340.04,Electricity Board,Utilities,Delhi,DEVICE_0035,,Utilities transaction,2026-05-12T04:45:01.430392
2090,35,35,DEBIT,5844.89,Flipkart,Shopping,Delhi,DEVICE_0035,,Shopping transaction,2026-06-13T04:45:01.430392
2091,35,35,DEBIT,6985.24,Ola,Transport,Delhi,DEVICE_0035,,Transport transaction,2026-06-02T04:45:01.430392
2092,35,35,DEBIT,6492.01,Amazon,Shopping,Delhi,DEVICE_0035,,Shopping transaction,2026-03-31T04:45:01.430392
2093,35,35,DEBIT,3835.81,Flipkart,Shopping,Delhi,DEVICE_0035,,Shopping transaction,2026-06-17T04:45:01.430392
2094,35,35,DEBIT,8570.96,Flipkart,Shopping,Delhi,DEVICE_0035,,Shopping transaction,2026-06-30T04:45:01.430392
2095,35,35,DEBIT,2221.34,Apollo Pharmacy,Healthcare,Delhi,DEVICE_0035,,Healthcare transaction,2026-04-24T04:45:01.430392
2096,35,35,DEBIT,9828.13,Amazon,Shopping,Delhi,DEVICE_0035,,Shopping transaction,2026-03-27T04:45:01.430392
2097,35,35,DEBIT,3174.19,Zomato,Food,Delhi,DEVICE_0035,,Food transaction,2026-06-05T04:45:01.430392
2098,35,35,DEBIT,6475.54,Flipkart,Shopping,Delhi,DEVICE_0035,,Shopping transaction,2026-06-13T04:45:01.430392
2099,35,35,DEBIT,1044.5,Reliance Fresh,Groceries,Delhi,DEVICE_0035,,Groceries transaction,2026-04-04T04:45:01.430392
2100,35,35,DEBIT,7517.53,Reliance Fresh,Groceries,Delhi,DEVICE_0035,,Groceries transaction,2026-08-08T04:45:01.430392
2101,35,35,DEBIT,2121.55,Amazon,Shopping,Delhi,DEVICE_0035,,Shopping transaction,2026-04-14T04:45:01.430392
2102,35,35,DEBIT,5068.56,Zomato,Food,Delhi,DEVICE_0035,,Food transaction,2026-08-27T04:45:01.430392
2103,35,35,DEBIT,5579.26,Airtel,Utilities,Delhi,DEVICE_0035,,Utilities transaction,2026-06-26T04:45:01.430392
2104,35,35,DEBIT,5513.47,Reliance Fresh,Groceries,Delhi,DEVICE_0035,,Groceries transaction,2026-05-20T04:45:01.430392
2105,35,35,DEBIT,568.63,Amazon,Shopping,Delhi,DEVICE_0035,,Shopping transaction,2026-08-29T04:45:01.430392
2106,35,35,DEBIT,8039.52,Ola,Transport,Delhi,DEVICE_0035,,Transport transaction,2026-09-02T04:45:01.430392
2107,35,35,DEBIT,1376.13,BigBasket,Groceries,Delhi,DEVICE_0035,,Groceries transaction,2026-03-29T04:45:01.430392
2108,35,35,DEBIT,5405.79,Apollo Pharmacy,Healthcare,Delhi,DEVICE_0035,,Healthcare transaction,2026-03-23T04:45:01.430392
2109,35,35,DEBIT,8900.09,Jio,Utilities,Delhi,DEVICE_0035,,Utilities transaction,2026-08-05T04:45:01.430392
2110,35,35,DEBIT,5965.32,Electricity Board,Utilities,Delhi,DEVICE_0035,,Utilities transaction,2026-08-25T04:45:01.430392
2111,35,35,DEBIT,7518.87,Amazon,Shopping,Delhi,DEVICE_0035,,Shopping transaction,2026-05-10T04:45:01.430392
2112,35,35,DEBIT,389.7,Apollo Pharmacy,Healthcare,Delhi,DEVICE_0035,,Healthcare transaction,2026-04-07T04:45:01.430392
2113,35,35,DEBIT,2615.04,Amazon,Shopping,Delhi,DEVICE_0035,,Shopping transaction,2026-03-30T04:45:01.430392
2114,35,35,DEBIT,342.95,Swiggy,Food,Delhi,DEVICE_0035,,Food transaction,2026-04-04T04:45:01.430392
2115,35,35,DEBIT,9202.68,Amazon,Shopping,Delhi,DEVICE_0035,,Shopping transaction,2026-08-19T04:45:01.430392
2116,35,35,DEBIT,6282.57,Reliance Fresh,Groceries,Delhi,DEVICE_0035,,Groceries transaction,2026-04-14T04:45:01.430392
2117,35,35,DEBIT,8338.28,Flipkart,Shopping,Delhi,DEVICE_0035,,Shopping transaction,2026-08-16T04:45:01.430392
2118,35,35,DEBIT,5147.29,Flipkart,Shopping,Delhi,DEVICE_0035,,Shopping transaction,2026-04-08T04:45:01.430392
2119,35,35,DEBIT,828.04,Zomato,Food,Delhi,DEVICE_0035,,Food transaction,2026-07-23T04:45:01.430392
2120,35,35,DEBIT,3557.05,BigBasket,Groceries,Delhi,DEVICE_0035,,Groceries transaction,2026-03-23T04:45:01.430392
2121,35,35,DEBIT,3426.6,BigBasket,Groceries,Delhi,DEVICE_0035,,Groceries transaction,2026-03-21T04:45:01.430392
2122,35,35,DEBIT,5632.33,BookMyShow,Entertainment,Delhi,DEVICE_0035,,Entertainment transaction,2026-06-22T04:45:01.430392
2123,35,35,DEBIT,9800.07,Jio,Utilities,Delhi,DEVICE_0035,,Utilities transaction,2026-07-20T04:45:01.430392
2124,35,35,DEBIT,653.65,Airtel,Utilities,Delhi,DEVICE_0035,,Utilities transaction,2026-07-30T04:45:01.430392
2125,35,35,DEBIT,829.15,Ola,Transport,Delhi,DEVICE_0035,,Transport transaction,2026-07-04T04:45:01.430392
2126,35,35,DEBIT,7738.7,Swiggy,Food,Delhi,DEVICE_0035,,Food transaction,2026-07-31T04:45:01.430392
2127,35,35,DEBIT,3881.31,Electricity Board,Utilities,Delhi,DEVICE_0035,,Utilities transaction,2026-08-01T04:45:01.430392
2128,35,35,DEBIT,2624.61,Reliance Fresh,Groceries,Delhi,DEVICE_0035,,Groceries transaction,2026-04-17T04:45:01.430392
2129,35,35,DEBIT,1527.23,Amazon,Shopping,Delhi,DEVICE_0035,,Shopping transaction,2026-04-04T04:45:01.430392
2130,35,35,DEBIT,3943.04,BookMyShow,Entertainment,Delhi,DEVICE_0035,,Entertainment transaction,2026-08-03T04:45:01.430392
2131,35,35,DEBIT,8953.54,Amazon,Shopping,Delhi,DEVICE_0035,,Shopping transaction,2026-08-23T04:45:01.430392
2132,35,35,DEBIT,271.89,Amazon,Shopping,Delhi,DEVICE_0035,,Shopping transaction,2026-08-21T04:45:01.430392
2133,35,35,DEBIT,6685.9,Electricity Board,Utilities,Delhi,DEVICE_0035,,Utilities transaction,2026-07-02T04:45:01.430392
2134,35,35,DEBIT,7101.35,BigBasket,Groceries,Delhi,DEVICE_0035,,Groceries transaction,2026-05-14T04:45:01.430392
2135,35,35,DEBIT,1462.76,Electricity Board,Utilities,Delhi,DEVICE_0035,,Utilities transaction,2026-08-07T04:45:01.430392
2136,36,36,CREDIT,45286.13,Employer,Salary,Gandhinagar,DEVICE_0036,,Monthly salary credit,2026-08-23T04:45:01.430392
2137,36,36,DEBIT,1990.47,Uber,Transport,Gandhinagar,DEVICE_0036,,Transport transaction,2026-05-30T04:45:01.430392
2138,36,36,DEBIT,3410.98,Zomato,Food,Gandhinagar,DEVICE_0036,,Food transaction,2026-04-09T04:45:01.430392
2139,36,36,DEBIT,328.77,Electricity Board,Utilities,Gandhinagar,DEVICE_0036,,Utilities transaction,2026-07-28T04:45:01.430392
2140,36,36,DEBIT,1911.06,Electricity Board,Utilities,Gandhinagar,DEVICE_0036,,Utilities transaction,2026-08-21T04:45:01.430392
2141,36,36,DEBIT,3028.96,Apollo Pharmacy,Healthcare,Gandhinagar,DEVICE_0036,,Healthcare transaction,2026-06-27T04:45:01.430392
2142,36,36,DEBIT,1633.46,Ola,Transport,Gandhinagar,DEVICE_0036,,Transport transaction,2026-04-23T04:45:01.430392
2143,36,36,DEBIT,856.86,Zomato,Food,Gandhinagar,DEVICE_0036,,Food transaction,2026-04-30T04:45:01.430392
2144,36,36,DEBIT,2318.5,Flipkart,Shopping,Gandhinagar,DEVICE_0036,,Shopping transaction,2026-04-27T04:45:01.430392
2145,36,36,DEBIT,950.56,Netflix,Entertainment,Gandhinagar,DEVICE_0036,,Entertainment transaction,2026-04-05T04:45:01.430392
2146,36,36,DEBIT,912.33,Apollo Pharmacy,Healthcare,Gandhinagar,DEVICE_0036,,Healthcare transaction,2026-08-30T04:45:01.430392
2147,36,36,DEBIT,585.69,Zomato,Food,Gandhinagar,DEVICE_0036,,Food transaction,2026-08-05T04:45:01.430392
2148,36,36,DEBIT,3088.17,Apollo Pharmacy,Healthcare,Gandhinagar,DEVICE_0036,,Healthcare transaction,2026-05-14T04:45:01.430392
2149,36,36,DEBIT,803.54,Reliance Fresh,Groceries,Gandhinagar,DEVICE_0036,,Groceries transaction,2026-03-25T04:45:01.430392
2150,36,36,DEBIT,384.93,Amazon,Shopping,Gandhinagar,DEVICE_0036,,Shopping transaction,2026-06-11T04:45:01.430392
2151,36,36,DEBIT,917.4,Uber,Transport,Gandhinagar,DEVICE_0036,,Transport transaction,2026-07-10T04:45:01.430392
2152,36,36,DEBIT,2311.31,Ola,Transport,Gandhinagar,DEVICE_0036,,Transport transaction,2026-05-19T04:45:01.430392
2153,36,36,DEBIT,557.42,Amazon,Shopping,Gandhinagar,DEVICE_0036,,Shopping transaction,2026-08-30T04:45:01.430392
2154,36,36,DEBIT,802.04,Netflix,Entertainment,Gandhinagar,DEVICE_0036,,Entertainment transaction,2026-09-05T04:45:01.430392
2155,36,36,DEBIT,1962.46,Reliance Fresh,Groceries,Gandhinagar,DEVICE_0036,,Groceries transaction,2026-08-25T04:45:01.430392
2156,36,36,DEBIT,2669.28,Zomato,Food,Gandhinagar,DEVICE_0036,,Food transaction,2026-04-14T04:45:01.430392
2157,36,36,DEBIT,1315.77,BookMyShow,Entertainment,Gandhinagar,DEVICE_0036,,Entertainment transaction,2026-07-24T04:45:01.430392
2158,36,36,DEBIT,2516.79,Electricity Board,Utilities,Gandhinagar,DEVICE_0036,,Utilities transaction,2026-06-21T04:45:01.430392
2159,36,36,DEBIT,2866.35,Zomato,Food,Gandhinagar,DEVICE_0036,,Food transaction,2026-06-21T04:45:01.430392
2160,36,36,DEBIT,535.66,Zomato,Food,Gandhinagar,DEVICE_0036,,Food transaction,2026-05-30T04:45:01.430392
2161,36,36,DEBIT,884.43,Jio,Utilities,Gandhinagar,DEVICE_0036,,Utilities transaction,2026-07-18T04:45:01.430392
2162,36,36,DEBIT,1812.15,Flipkart,Shopping,Gandhinagar,DEVICE_0036,,Shopping transaction,2026-05-11T04:45:01.430392
2163,36,36,DEBIT,3248.05,Amazon,Shopping,Gandhinagar,DEVICE_0036,,Shopping transaction,2026-08-06T04:45:01.430392
2164,36,36,DEBIT,3376.06,Zomato,Food,Gandhinagar,DEVICE_0036,,Food transaction,2026-05-19T04:45:01.430392
2165,36,36,DEBIT,1525.79,Swiggy,Food,Gandhinagar,DEVICE_0036,,Food transaction,2026-08-09T04:45:01.430392
2166,36,36,DEBIT,2663.87,Reliance Fresh,Groceries,Gandhinagar,DEVICE_0036,,Groceries transaction,2026-04-04T04:45:01.430392
2167,36,36,DEBIT,3539.22,Ola,Transport,Gandhinagar,DEVICE_0036,,Transport transaction,2026-07-23T04:45:01.430392
2168,36,36,DEBIT,635.43,Ola,Transport,Gandhinagar,DEVICE_0036,,Transport transaction,2026-03-19T04:45:01.430392
2169,36,36,DEBIT,404.18,BookMyShow,Entertainment,Gandhinagar,DEVICE_0036,,Entertainment transaction,2026-08-09T04:45:01.430392
2170,36,36,DEBIT,3115.11,Flipkart,Shopping,Gandhinagar,DEVICE_0036,,Shopping transaction,2026-05-18T04:45:01.430392
2171,36,36,DEBIT,786.0,BigBasket,Groceries,Gandhinagar,DEVICE_0036,,Groceries transaction,2026-06-17T04:45:01.430392
2172,36,36,DEBIT,3234.08,Zomato,Food,Gandhinagar,DEVICE_0036,,Food transaction,2026-04-11T04:45:01.430392
2173,36,36,DEBIT,2902.53,Swiggy,Food,Gandhinagar,DEVICE_0036,,Food transaction,2026-04-02T04:45:01.430392
2174,36,36,DEBIT,3299.69,BookMyShow,Entertainment,Gandhinagar,DEVICE_0036,,Entertainment transaction,2026-04-18T04:45:01.430392
2175,36,36,DEBIT,3126.59,Netflix,Entertainment,Gandhinagar,DEVICE_0036,,Entertainment transaction,2026-08-21T04:45:01.430392
2176,36,36,DEBIT,3133.33,BigBasket,Groceries,Gandhinagar,DEVICE_0036,,Groceries transaction,2026-05-10T04:45:01.430392
2177,36,36,DEBIT,3608.05,Jio,Utilities,Gandhinagar,DEVICE_0036,,Utilities transaction,2026-04-14T04:45:01.430392
2178,36,36,DEBIT,3064.92,Reliance Fresh,Groceries,Gandhinagar,DEVICE_0036,,Groceries transaction,2026-07-03T04:45:01.430392
2179,36,36,DEBIT,2698.77,Amazon,Shopping,Gandhinagar,DEVICE_0036,,Shopping transaction,2026-07-11T04:45:01.430392
2180,36,36,DEBIT,1320.3,Zomato,Food,Gandhinagar,DEVICE_0036,,Food transaction,2026-04-17T04:45:01.430392
2181,36,36,DEBIT,3252.61,Zomato,Food,Gandhinagar,DEVICE_0036,,Food transaction,2026-04-14T04:45:01.430392
2182,36,36,DEBIT,3327.68,Swiggy,Food,Gandhinagar,DEVICE_0036,,Food transaction,2026-09-11T04:45:01.430392
2183,36,36,DEBIT,3555.06,BigBasket,Groceries,Gandhinagar,DEVICE_0036,,Groceries transaction,2026-09-02T04:45:01.430392
2184,36,36,DEBIT,2710.61,Reliance Fresh,Groceries,Gandhinagar,DEVICE_0036,,Groceries transaction,2026-05-06T04:45:01.430392
2185,36,36,DEBIT,1657.12,Amazon,Shopping,Gandhinagar,DEVICE_0036,,Shopping transaction,2026-06-04T04:45:01.430392
2186,36,36,DEBIT,2971.57,Reliance Fresh,Groceries,Gandhinagar,DEVICE_0036,,Groceries transaction,2026-03-18T04:45:01.430392
2187,36,36,DEBIT,535.44,Jio,Utilities,Gandhinagar,DEVICE_0036,,Utilities transaction,2026-05-09T04:45:01.430392
2188,36,36,DEBIT,484.41,Zomato,Food,Gandhinagar,DEVICE_0036,,Food transaction,2026-09-09T04:45:01.430392
2189,36,36,DEBIT,2704.82,Electricity Board,Utilities,Gandhinagar,DEVICE_0036,,Utilities transaction,2026-07-19T04:45:01.430392
2190,36,36,DEBIT,1426.78,Swiggy,Food,Gandhinagar,DEVICE_0036,,Food transaction,2026-07-13T04:45:01.430392
2191,36,36,DEBIT,3619.3,Apollo Pharmacy,Healthcare,Gandhinagar,DEVICE_0036,,Healthcare transaction,2026-09-08T04:45:01.430392
2192,36,36,DEBIT,2490.04,Reliance Fresh,Groceries,Gandhinagar,DEVICE_0036,,Groceries transaction,2026-08-02T04:45:01.430392
2193,36,36,DEBIT,1772.07,Electricity Board,Utilities,Gandhinagar,DEVICE_0036,,Utilities transaction,2026-04-19T04:45:01.430392
2194,36,36,DEBIT,2197.8,Electricity Board,Utilities,Gandhinagar,DEVICE_0036,,Utilities transaction,2026-05-19T04:45:01.430392
2195,36,36,DEBIT,2841.91,Reliance Fresh,Groceries,Gandhinagar,DEVICE_0036,,Groceries transaction,2026-03-16T04:45:01.430392
2196,36,36,DEBIT,833.05,BigBasket,Groceries,Gandhinagar,DEVICE_0036,,Groceries transaction,2026-06-10T04:45:01.430392
2197,37,37,CREDIT,179760.44,Employer,Salary,Vadodara,DEVICE_0037,,Monthly salary credit,2026-08-23T04:45:01.430392
2198,37,37,DEBIT,10181.92,Reliance Fresh,Groceries,Vadodara,DEVICE_0037,,Groceries transaction,2026-09-12T04:45:01.430392
2199,37,37,DEBIT,9095.71,Jio,Utilities,Vadodara,DEVICE_0037,,Utilities transaction,2026-06-06T04:45:01.430392
2200,37,37,DEBIT,4920.89,Electricity Board,Utilities,Vadodara,DEVICE_0037,,Utilities transaction,2026-09-04T04:45:01.430392
2201,37,37,DEBIT,6239.65,Uber,Transport,Vadodara,DEVICE_0037,,Transport transaction,2026-07-05T04:45:01.430392
2202,37,37,DEBIT,13616.42,Electricity Board,Utilities,Vadodara,DEVICE_0037,,Utilities transaction,2026-04-27T04:45:01.430392
2203,37,37,DEBIT,11466.37,BookMyShow,Entertainment,Vadodara,DEVICE_0037,,Entertainment transaction,2026-03-21T04:45:01.430392
2204,37,37,DEBIT,8998.57,Flipkart,Shopping,Vadodara,DEVICE_0037,,Shopping transaction,2026-06-19T04:45:01.430392
2205,37,37,DEBIT,13419.99,Electricity Board,Utilities,Vadodara,DEVICE_0037,,Utilities transaction,2026-05-04T04:45:01.430392
2206,37,37,DEBIT,5361.69,Apollo Pharmacy,Healthcare,Vadodara,DEVICE_0037,,Healthcare transaction,2026-08-30T04:45:01.430392
2207,37,37,DEBIT,5630.62,Flipkart,Shopping,Vadodara,DEVICE_0037,,Shopping transaction,2026-05-16T04:45:01.430392
2208,37,37,DEBIT,779.63,BookMyShow,Entertainment,Vadodara,DEVICE_0037,,Entertainment transaction,2026-06-11T04:45:01.430392
2209,37,37,DEBIT,9391.63,Swiggy,Food,Vadodara,DEVICE_0037,,Food transaction,2026-03-16T04:45:01.430392
2210,37,37,DEBIT,8152.02,Flipkart,Shopping,Vadodara,DEVICE_0037,,Shopping transaction,2026-07-22T04:45:01.430392
2211,37,37,DEBIT,14114.97,Swiggy,Food,Vadodara,DEVICE_0037,,Food transaction,2026-07-13T04:45:01.430392
2212,37,37,DEBIT,1810.34,Netflix,Entertainment,Vadodara,DEVICE_0037,,Entertainment transaction,2026-05-13T04:45:01.430392
2213,37,37,DEBIT,13517.9,Electricity Board,Utilities,Vadodara,DEVICE_0037,,Utilities transaction,2026-04-17T04:45:01.430392
2214,37,37,DEBIT,13800.89,Jio,Utilities,Vadodara,DEVICE_0037,,Utilities transaction,2026-07-21T04:45:01.430392
2215,37,37,DEBIT,10764.96,Airtel,Utilities,Vadodara,DEVICE_0037,,Utilities transaction,2026-07-17T04:45:01.430392
2216,37,37,DEBIT,5201.75,Ola,Transport,Vadodara,DEVICE_0037,,Transport transaction,2026-07-06T04:45:01.430392
2217,37,37,DEBIT,9846.18,Netflix,Entertainment,Vadodara,DEVICE_0037,,Entertainment transaction,2026-07-04T04:45:01.430392
2218,37,37,DEBIT,1098.63,Amazon,Shopping,Vadodara,DEVICE_0037,,Shopping transaction,2026-06-16T04:45:01.430392
2219,37,37,DEBIT,7095.1,Reliance Fresh,Groceries,Vadodara,DEVICE_0037,,Groceries transaction,2026-05-01T04:45:01.430392
2220,37,37,DEBIT,1940.12,Jio,Utilities,Vadodara,DEVICE_0037,,Utilities transaction,2026-04-29T04:45:01.430392
2221,37,37,DEBIT,11904.56,Apollo Pharmacy,Healthcare,Vadodara,DEVICE_0037,,Healthcare transaction,2026-06-30T04:45:01.430392
2222,37,37,DEBIT,9005.61,Reliance Fresh,Groceries,Vadodara,DEVICE_0037,,Groceries transaction,2026-03-24T04:45:01.430392
2223,37,37,DEBIT,11669.4,Electricity Board,Utilities,Vadodara,DEVICE_0037,,Utilities transaction,2026-08-27T04:45:01.430392
2224,37,37,DEBIT,12847.93,Zomato,Food,Vadodara,DEVICE_0037,,Food transaction,2026-05-18T04:45:01.430392
2225,37,37,DEBIT,1336.88,Flipkart,Shopping,Vadodara,DEVICE_0037,,Shopping transaction,2026-07-29T04:45:01.430392
2226,37,37,DEBIT,13788.88,Uber,Transport,Vadodara,DEVICE_0037,,Transport transaction,2026-08-24T04:45:01.430392
2227,37,37,DEBIT,2536.52,Flipkart,Shopping,Vadodara,DEVICE_0037,,Shopping transaction,2026-08-15T04:45:01.430392
2228,37,37,DEBIT,2298.11,Electricity Board,Utilities,Vadodara,DEVICE_0037,,Utilities transaction,2026-08-05T04:45:01.430392
2229,37,37,DEBIT,3096.52,Jio,Utilities,Vadodara,DEVICE_0037,,Utilities transaction,2026-04-05T04:45:01.430392
2230,37,37,DEBIT,4357.39,Amazon,Shopping,Vadodara,DEVICE_0037,,Shopping transaction,2026-03-22T04:45:01.430392
2231,37,37,DEBIT,13412.59,Netflix,Entertainment,Vadodara,DEVICE_0037,,Entertainment transaction,2026-05-14T04:45:01.430392
2232,37,37,DEBIT,6157.79,Ola,Transport,Vadodara,DEVICE_0037,,Transport transaction,2026-03-31T04:45:01.430392
2233,37,37,DEBIT,4333.95,Amazon,Shopping,Vadodara,DEVICE_0037,,Shopping transaction,2026-08-27T04:45:01.430392
2234,37,37,DEBIT,12562.76,Amazon,Shopping,Vadodara,DEVICE_0037,,Shopping transaction,2026-07-15T04:45:01.430392
2235,37,37,DEBIT,13635.61,Jio,Utilities,Vadodara,DEVICE_0037,,Utilities transaction,2026-03-31T04:45:01.430392
2236,37,37,DEBIT,6038.13,Ola,Transport,Vadodara,DEVICE_0037,,Transport transaction,2026-06-17T04:45:01.430392
2237,37,37,DEBIT,9361.55,Apollo Pharmacy,Healthcare,Vadodara,DEVICE_0037,,Healthcare transaction,2026-06-21T04:45:01.430392
2238,37,37,DEBIT,8614.3,Reliance Fresh,Groceries,Vadodara,DEVICE_0037,,Groceries transaction,2026-03-18T04:45:01.430392
2239,37,37,DEBIT,12138.96,Netflix,Entertainment,Vadodara,DEVICE_0037,,Entertainment transaction,2026-05-22T04:45:01.430392
2240,37,37,DEBIT,4512.14,Reliance Fresh,Groceries,Vadodara,DEVICE_0037,,Groceries transaction,2026-08-10T04:45:01.430392
2241,37,37,DEBIT,4546.36,Airtel,Utilities,Vadodara,DEVICE_0037,,Utilities transaction,2026-07-08T04:45:01.430392
2242,37,37,DEBIT,7066.97,Zomato,Food,Vadodara,DEVICE_0037,,Food transaction,2026-07-01T04:45:01.430392
2243,37,37,DEBIT,12190.09,Airtel,Utilities,Vadodara,DEVICE_0037,,Utilities transaction,2026-08-06T04:45:01.430392
2244,37,37,DEBIT,4232.77,Ola,Transport,Vadodara,DEVICE_0037,,Transport transaction,2026-08-01T04:45:01.430392
2245,37,37,DEBIT,13304.96,BookMyShow,Entertainment,Vadodara,DEVICE_0037,,Entertainment transaction,2026-04-28T04:45:01.430392
2246,37,37,DEBIT,2784.89,Uber,Transport,Vadodara,DEVICE_0037,,Transport transaction,2026-07-30T04:45:01.430392
2247,37,37,DEBIT,10241.61,Jio,Utilities,Vadodara,DEVICE_0037,,Utilities transaction,2026-03-26T04:45:01.430392
2248,37,37,DEBIT,2376.54,Airtel,Utilities,Vadodara,DEVICE_0037,,Utilities transaction,2026-07-14T04:45:01.430392
2249,37,37,DEBIT,783.56,Flipkart,Shopping,Vadodara,DEVICE_0037,,Shopping transaction,2026-06-23T04:45:01.430392
2250,37,37,DEBIT,1993.5,BookMyShow,Entertainment,Vadodara,DEVICE_0037,,Entertainment transaction,2026-07-08T04:45:01.430392
2251,37,37,DEBIT,2816.32,Ola,Transport,Vadodara,DEVICE_0037,,Transport transaction,2026-04-22T04:45:01.430392
2252,37,37,DEBIT,691.92,Electricity Board,Utilities,Vadodara,DEVICE_0037,,Utilities transaction,2026-06-23T04:45:01.430392
2253,37,37,DEBIT,2297.97,Ola,Transport,Vadodara,DEVICE_0037,,Transport transaction,2026-05-21T04:45:01.430392
2254,37,37,DEBIT,14032.92,Netflix,Entertainment,Vadodara,DEVICE_0037,,Entertainment transaction,2026-04-29T04:45:01.430392
2255,37,37,DEBIT,1922.83,Uber,Transport,Vadodara,DEVICE_0037,,Transport transaction,2026-09-06T04:45:01.430392
2256,37,37,DEBIT,13403.33,BigBasket,Groceries,Vadodara,DEVICE_0037,,Groceries transaction,2026-08-06T04:45:01.430392
2257,37,37,DEBIT,13357.14,Reliance Fresh,Groceries,Vadodara,DEVICE_0037,,Groceries transaction,2026-08-04T04:45:01.430392
2258,38,38,CREDIT,161533.95,Employer,Salary,Surat,DEVICE_0038,,Monthly salary credit,2026-09-12T04:45:01.430392
2259,38,38,DEBIT,7148.46,Electricity Board,Utilities,Surat,DEVICE_0038,,Utilities transaction,2026-05-06T04:45:01.430392
2260,38,38,DEBIT,8434.7,Ola,Transport,Surat,DEVICE_0038,,Transport transaction,2026-06-29T04:45:01.430392
2261,38,38,DEBIT,11599.27,Reliance Fresh,Groceries,Surat,DEVICE_0038,,Groceries transaction,2026-04-19T04:45:01.430392
2262,38,38,DEBIT,2071.3,Apollo Pharmacy,Healthcare,Surat,DEVICE_0038,,Healthcare transaction,2026-04-21T04:45:01.430392
2263,38,38,DEBIT,11737.99,Electricity Board,Utilities,Surat,DEVICE_0038,,Utilities transaction,2026-05-22T04:45:01.430392
2264,38,38,DEBIT,8967.82,Ola,Transport,Surat,DEVICE_0038,,Transport transaction,2026-05-13T04:45:01.430392
2265,38,38,DEBIT,1973.84,Amazon,Shopping,Surat,DEVICE_0038,,Shopping transaction,2026-04-24T04:45:01.430392
2266,38,38,DEBIT,4119.64,Flipkart,Shopping,Surat,DEVICE_0038,,Shopping transaction,2026-06-02T04:45:01.430392
2267,38,38,DEBIT,10898.24,BookMyShow,Entertainment,Surat,DEVICE_0038,,Entertainment transaction,2026-05-21T04:45:01.430392
2268,38,38,DEBIT,1376.61,Ola,Transport,Surat,DEVICE_0038,,Transport transaction,2026-08-29T04:45:01.430392
2269,38,38,DEBIT,8359.24,BookMyShow,Entertainment,Surat,DEVICE_0038,,Entertainment transaction,2026-04-16T04:45:01.430392
2270,38,38,DEBIT,3026.27,Netflix,Entertainment,Surat,DEVICE_0038,,Entertainment transaction,2026-07-03T04:45:01.430392
2271,38,38,DEBIT,486.88,Zomato,Food,Surat,DEVICE_0038,,Food transaction,2026-04-28T04:45:01.430392
2272,38,38,DEBIT,5867.44,Jio,Utilities,Surat,DEVICE_0038,,Utilities transaction,2026-03-25T04:45:01.430392
2273,38,38,DEBIT,12615.33,Flipkart,Shopping,Surat,DEVICE_0038,,Shopping transaction,2026-06-04T04:45:01.430392
2274,38,38,DEBIT,6440.05,Zomato,Food,Surat,DEVICE_0038,,Food transaction,2026-04-11T04:45:01.430392
2275,38,38,DEBIT,6708.38,BookMyShow,Entertainment,Surat,DEVICE_0038,,Entertainment transaction,2026-08-29T04:45:01.430392
2276,38,38,DEBIT,4793.73,Apollo Pharmacy,Healthcare,Surat,DEVICE_0038,,Healthcare transaction,2026-08-06T04:45:01.430392
2277,38,38,DEBIT,11062.71,Electricity Board,Utilities,Surat,DEVICE_0038,,Utilities transaction,2026-06-10T04:45:01.430392
2278,38,38,DEBIT,4943.42,BigBasket,Groceries,Surat,DEVICE_0038,,Groceries transaction,2026-07-02T04:45:01.430392
2279,38,38,DEBIT,4670.19,Ola,Transport,Surat,DEVICE_0038,,Transport transaction,2026-05-21T04:45:01.430392
2280,38,38,DEBIT,7337.86,Jio,Utilities,Surat,DEVICE_0038,,Utilities transaction,2026-07-19T04:45:01.430392
2281,38,38,DEBIT,11495.29,Electricity Board,Utilities,Surat,DEVICE_0038,,Utilities transaction,2026-05-29T04:45:01.430392
2282,38,38,DEBIT,5829.86,Airtel,Utilities,Surat,DEVICE_0038,,Utilities transaction,2026-08-02T04:45:01.430392
2283,38,38,DEBIT,9462.15,Airtel,Utilities,Surat,DEVICE_0038,,Utilities transaction,2026-05-27T04:45:01.430392
2284,38,38,DEBIT,11605.01,Electricity Board,Utilities,Surat,DEVICE_0038,,Utilities transaction,2026-08-08T04:45:01.430392
2285,38,38,DEBIT,7670.53,Jio,Utilities,Surat,DEVICE_0038,,Utilities transaction,2026-08-21T04:45:01.430392
2286,38,38,DEBIT,2843.57,Swiggy,Food,Surat,DEVICE_0038,,Food transaction,2026-05-14T04:45:01.430392
2287,38,38,DEBIT,6883.26,Jio,Utilities,Surat,DEVICE_0038,,Utilities transaction,2026-06-19T04:45:01.430392
2288,38,38,DEBIT,12072.24,Flipkart,Shopping,Surat,DEVICE_0038,,Shopping transaction,2026-04-14T04:45:01.430392
2289,38,38,DEBIT,4980.85,Airtel,Utilities,Surat,DEVICE_0038,,Utilities transaction,2026-09-11T04:45:01.430392
2290,38,38,DEBIT,8327.35,BigBasket,Groceries,Surat,DEVICE_0038,,Groceries transaction,2026-07-05T04:45:01.430392
2291,38,38,DEBIT,2425.11,BigBasket,Groceries,Surat,DEVICE_0038,,Groceries transaction,2026-05-17T04:45:01.430392
2292,38,38,DEBIT,7425.44,Electricity Board,Utilities,Surat,DEVICE_0038,,Utilities transaction,2026-08-08T04:45:01.430392
2293,38,38,DEBIT,2566.51,Zomato,Food,Surat,DEVICE_0038,,Food transaction,2026-06-07T04:45:01.430392
2294,38,38,DEBIT,7246.69,Uber,Transport,Surat,DEVICE_0038,,Transport transaction,2026-09-02T04:45:01.430392
2295,38,38,DEBIT,10712.12,Jio,Utilities,Surat,DEVICE_0038,,Utilities transaction,2026-04-16T04:45:01.430392
2296,38,38,DEBIT,6486.3,Uber,Transport,Surat,DEVICE_0038,,Transport transaction,2026-05-17T04:45:01.430392
2297,38,38,DEBIT,541.48,Zomato,Food,Surat,DEVICE_0038,,Food transaction,2026-09-12T04:45:01.430392
2298,38,38,DEBIT,3541.97,Swiggy,Food,Surat,DEVICE_0038,,Food transaction,2026-04-02T04:45:01.430392
2299,38,38,DEBIT,8298.78,Jio,Utilities,Surat,DEVICE_0038,,Utilities transaction,2026-08-12T04:45:01.430392
2300,38,38,DEBIT,8672.23,Apollo Pharmacy,Healthcare,Surat,DEVICE_0038,,Healthcare transaction,2026-07-01T04:45:01.430392
2301,38,38,DEBIT,2482.1,BigBasket,Groceries,Surat,DEVICE_0038,,Groceries transaction,2026-03-20T04:45:01.430392
2302,38,38,DEBIT,3313.89,Apollo Pharmacy,Healthcare,Surat,DEVICE_0038,,Healthcare transaction,2026-08-13T04:45:01.430392
2303,38,38,DEBIT,3726.95,Airtel,Utilities,Surat,DEVICE_0038,,Utilities transaction,2026-08-26T04:45:01.430392
2304,38,38,DEBIT,9685.62,BookMyShow,Entertainment,Surat,DEVICE_0038,,Entertainment transaction,2026-04-17T04:45:01.430392
2305,38,38,DEBIT,7395.64,Reliance Fresh,Groceries,Surat,DEVICE_0038,,Groceries transaction,2026-07-08T04:45:01.430392
2306,38,38,DEBIT,8926.67,Apollo Pharmacy,Healthcare,Surat,DEVICE_0038,,Healthcare transaction,2026-03-19T04:45:01.430392
2307,38,38,DEBIT,1721.43,Jio,Utilities,Surat,DEVICE_0038,,Utilities transaction,2026-05-04T04:45:01.430392
2308,38,38,DEBIT,7518.92,Electricity Board,Utilities,Surat,DEVICE_0038,,Utilities transaction,2026-07-08T04:45:01.430392
2309,38,38,DEBIT,7600.22,Swiggy,Food,Surat,DEVICE_0038,,Food transaction,2026-08-06T04:45:01.430392
2310,38,38,DEBIT,6065.73,Ola,Transport,Surat,DEVICE_0038,,Transport transaction,2026-03-19T04:45:01.430392
2311,38,38,DEBIT,4746.91,Swiggy,Food,Surat,DEVICE_0038,,Food transaction,2026-08-30T04:45:01.430392
2312,38,38,DEBIT,4794.98,Uber,Transport,Surat,DEVICE_0038,,Transport transaction,2026-04-03T04:45:01.430392
2313,38,38,DEBIT,819.79,Ola,Transport,Surat,DEVICE_0038,,Transport transaction,2026-06-30T04:45:01.430392
2314,38,38,DEBIT,8329.14,Netflix,Entertainment,Surat,DEVICE_0038,,Entertainment transaction,2026-08-24T04:45:01.430392
2315,38,38,DEBIT,2665.85,Netflix,Entertainment,Surat,DEVICE_0038,,Entertainment transaction,2026-04-05T04:45:01.430392
2316,38,38,DEBIT,9928.93,Swiggy,Food,Surat,DEVICE_0038,,Food transaction,2026-04-12T04:45:01.430392
2317,38,38,DEBIT,2326.42,Airtel,Utilities,Surat,DEVICE_0038,,Utilities transaction,2026-06-22T04:45:01.430392
2318,38,38,DEBIT,4223.06,Jio,Utilities,Surat,DEVICE_0038,,Utilities transaction,2026-03-21T04:45:01.430392
2319,39,39,CREDIT,177497.26,Employer,Salary,Vadodara,DEVICE_0039,,Monthly salary credit,2026-08-18T04:45:01.430392
2320,39,39,DEBIT,4000.37,Uber,Transport,Vadodara,DEVICE_0039,,Transport transaction,2026-03-18T04:45:01.430392
2321,39,39,DEBIT,5275.24,Electricity Board,Utilities,Vadodara,DEVICE_0039,,Utilities transaction,2026-04-29T04:45:01.430392
2322,39,39,DEBIT,5122.73,BookMyShow,Entertainment,Vadodara,DEVICE_0039,,Entertainment transaction,2026-08-07T04:45:01.430392
2323,39,39,DEBIT,2117.26,Amazon,Shopping,Vadodara,DEVICE_0039,,Shopping transaction,2026-07-02T04:45:01.430392
2324,39,39,DEBIT,11103.14,Ola,Transport,Vadodara,DEVICE_0039,,Transport transaction,2026-05-30T04:45:01.430392
2325,39,39,DEBIT,13092.5,Ola,Transport,Vadodara,DEVICE_0039,,Transport transaction,2026-08-02T04:45:01.430392
2326,39,39,DEBIT,3250.22,Flipkart,Shopping,Vadodara,DEVICE_0039,,Shopping transaction,2026-05-07T04:45:01.430392
2327,39,39,DEBIT,11841.85,Zomato,Food,Vadodara,DEVICE_0039,,Food transaction,2026-04-22T04:45:01.430392
2328,39,39,DEBIT,9854.99,BookMyShow,Entertainment,Vadodara,DEVICE_0039,,Entertainment transaction,2026-05-01T04:45:01.430392
2329,39,39,DEBIT,7649.22,Jio,Utilities,Vadodara,DEVICE_0039,,Utilities transaction,2026-04-24T04:45:01.430392
2330,39,39,DEBIT,10788.13,Electricity Board,Utilities,Vadodara,DEVICE_0039,,Utilities transaction,2026-08-14T04:45:01.430392
2331,39,39,DEBIT,6646.78,BigBasket,Groceries,Vadodara,DEVICE_0039,,Groceries transaction,2026-08-24T04:45:01.430392
2332,39,39,DEBIT,11663.65,Flipkart,Shopping,Vadodara,DEVICE_0039,,Shopping transaction,2026-09-08T04:45:01.430392
2333,39,39,DEBIT,5074.86,Reliance Fresh,Groceries,Vadodara,DEVICE_0039,,Groceries transaction,2026-03-20T04:45:01.430392
2334,39,39,DEBIT,2146.17,Ola,Transport,Vadodara,DEVICE_0039,,Transport transaction,2026-05-22T04:45:01.430392
2335,39,39,DEBIT,7523.58,BookMyShow,Entertainment,Vadodara,DEVICE_0039,,Entertainment transaction,2026-06-17T04:45:01.430392
2336,39,39,DEBIT,10138.37,Swiggy,Food,Vadodara,DEVICE_0039,,Food transaction,2026-09-05T04:45:01.430392
2337,39,39,DEBIT,11603.86,Electricity Board,Utilities,Vadodara,DEVICE_0039,,Utilities transaction,2026-07-18T04:45:01.430392
2338,39,39,DEBIT,12195.23,Swiggy,Food,Vadodara,DEVICE_0039,,Food transaction,2026-08-07T04:45:01.430392
2339,39,39,DEBIT,3371.99,Electricity Board,Utilities,Vadodara,DEVICE_0039,,Utilities transaction,2026-08-11T04:45:01.430392
2340,39,39,DEBIT,2023.03,Zomato,Food,Vadodara,DEVICE_0039,,Food transaction,2026-08-23T04:45:01.430392
2341,39,39,DEBIT,9871.3,BigBasket,Groceries,Vadodara,DEVICE_0039,,Groceries transaction,2026-08-15T04:45:01.430392
2342,39,39,DEBIT,463.29,Flipkart,Shopping,Vadodara,DEVICE_0039,,Shopping transaction,2026-05-12T04:45:01.430392
2343,39,39,DEBIT,6237.37,Airtel,Utilities,Vadodara,DEVICE_0039,,Utilities transaction,2026-07-24T04:45:01.430392
2344,39,39,DEBIT,659.09,Flipkart,Shopping,Vadodara,DEVICE_0039,,Shopping transaction,2026-03-28T04:45:01.430392
2345,39,39,DEBIT,8504.34,Netflix,Entertainment,Vadodara,DEVICE_0039,,Entertainment transaction,2026-05-15T04:45:01.430392
2346,39,39,DEBIT,12919.21,Flipkart,Shopping,Vadodara,DEVICE_0039,,Shopping transaction,2026-09-01T04:45:01.430392
2347,39,39,DEBIT,4422.98,Flipkart,Shopping,Vadodara,DEVICE_0039,,Shopping transaction,2026-09-10T04:45:01.430392
2348,39,39,DEBIT,1551.03,Airtel,Utilities,Vadodara,DEVICE_0039,,Utilities transaction,2026-08-12T04:45:01.430392
2349,39,39,DEBIT,3075.57,BookMyShow,Entertainment,Vadodara,DEVICE_0039,,Entertainment transaction,2026-07-23T04:45:01.430392
2350,39,39,DEBIT,9588.26,Swiggy,Food,Vadodara,DEVICE_0039,,Food transaction,2026-09-05T04:45:01.430392
2351,39,39,DEBIT,2237.77,Flipkart,Shopping,Vadodara,DEVICE_0039,,Shopping transaction,2026-07-03T04:45:01.430392
2352,39,39,DEBIT,5069.64,BookMyShow,Entertainment,Vadodara,DEVICE_0039,,Entertainment transaction,2026-08-02T04:45:01.430392
2353,39,39,DEBIT,7208.77,Jio,Utilities,Vadodara,DEVICE_0039,,Utilities transaction,2026-04-09T04:45:01.430392
2354,39,39,DEBIT,7268.62,Zomato,Food,Vadodara,DEVICE_0039,,Food transaction,2026-08-26T04:45:01.430392
2355,39,39,DEBIT,11674.03,Flipkart,Shopping,Vadodara,DEVICE_0039,,Shopping transaction,2026-09-09T04:45:01.430392
2356,39,39,DEBIT,3237.93,Netflix,Entertainment,Vadodara,DEVICE_0039,,Entertainment transaction,2026-07-25T04:45:01.430392
2357,39,39,DEBIT,2604.79,Uber,Transport,Vadodara,DEVICE_0039,,Transport transaction,2026-04-28T04:45:01.430392
2358,39,39,DEBIT,13829.91,Amazon,Shopping,Vadodara,DEVICE_0039,,Shopping transaction,2026-08-18T04:45:01.430392
2359,39,39,DEBIT,13086.48,Zomato,Food,Vadodara,DEVICE_0039,,Food transaction,2026-05-14T04:45:01.430392
2360,39,39,DEBIT,9973.71,Ola,Transport,Vadodara,DEVICE_0039,,Transport transaction,2026-07-27T04:45:01.430392
2361,39,39,DEBIT,9629.21,Reliance Fresh,Groceries,Vadodara,DEVICE_0039,,Groceries transaction,2026-08-16T04:45:01.430392
2362,39,39,DEBIT,11886.21,Swiggy,Food,Vadodara,DEVICE_0039,,Food transaction,2026-06-07T04:45:01.430392
2363,39,39,DEBIT,3199.79,BigBasket,Groceries,Vadodara,DEVICE_0039,,Groceries transaction,2026-07-16T04:45:01.430392
2364,39,39,DEBIT,1779.81,BigBasket,Groceries,Vadodara,DEVICE_0039,,Groceries transaction,2026-06-24T04:45:01.430392
2365,39,39,DEBIT,6722.52,Flipkart,Shopping,Vadodara,DEVICE_0039,,Shopping transaction,2026-05-02T04:45:01.430392
2366,39,39,DEBIT,7141.32,Swiggy,Food,Vadodara,DEVICE_0039,,Food transaction,2026-06-12T04:45:01.430392
2367,39,39,DEBIT,4235.73,Electricity Board,Utilities,Vadodara,DEVICE_0039,,Utilities transaction,2026-09-02T04:45:01.430392
2368,39,39,DEBIT,4793.54,Flipkart,Shopping,Vadodara,DEVICE_0039,,Shopping transaction,2026-08-14T04:45:01.430392
2369,39,39,DEBIT,4170.5,BigBasket,Groceries,Vadodara,DEVICE_0039,,Groceries transaction,2026-04-12T04:45:01.430392
2370,39,39,DEBIT,4568.03,Electricity Board,Utilities,Vadodara,DEVICE_0039,,Utilities transaction,2026-05-22T04:45:01.430392
2371,39,39,DEBIT,7954.7,Zomato,Food,Vadodara,DEVICE_0039,,Food transaction,2026-06-30T04:45:01.430392
2372,39,39,DEBIT,6191.37,Jio,Utilities,Vadodara,DEVICE_0039,,Utilities transaction,2026-08-26T04:45:01.430392
2373,39,39,DEBIT,11433.93,Jio,Utilities,Vadodara,DEVICE_0039,,Utilities transaction,2026-03-23T04:45:01.430392
2374,39,39,DEBIT,2710.12,Ola,Transport,Vadodara,DEVICE_0039,,Transport transaction,2026-03-24T04:45:01.430392
2375,39,39,DEBIT,9609.19,Reliance Fresh,Groceries,Vadodara,DEVICE_0039,,Groceries transaction,2026-06-03T04:45:01.430392
2376,39,39,DEBIT,7517.16,Reliance Fresh,Groceries,Vadodara,DEVICE_0039,,Groceries transaction,2026-03-23T04:45:01.430392
2377,39,39,DEBIT,1869.02,Flipkart,Shopping,Vadodara,DEVICE_0039,,Shopping transaction,2026-06-03T04:45:01.430392
2378,39,39,DEBIT,9930.37,BigBasket,Groceries,Vadodara,DEVICE_0039,,Groceries transaction,2026-08-17T04:45:01.430392
2379,39,39,DEBIT,13153.86,Electricity Board,Utilities,Vadodara,DEVICE_0039,,Utilities transaction,2026-07-31T04:45:01.430392
2380,40,40,CREDIT,65992.22,Employer,Salary,Hyderabad,DEVICE_0040,,Monthly salary credit,2026-09-10T04:45:01.430392
2381,40,40,DEBIT,5153.45,Ola,Transport,Hyderabad,DEVICE_0040,,Transport transaction,2026-06-18T04:45:01.430392
2382,40,40,DEBIT,3222.03,Zomato,Food,Hyderabad,DEVICE_0040,,Food transaction,2026-06-01T04:45:01.430392
2383,40,40,DEBIT,1382.83,Flipkart,Shopping,Hyderabad,DEVICE_0040,,Shopping transaction,2026-05-27T04:45:01.430392
2384,40,40,DEBIT,2735.17,Electricity Board,Utilities,Hyderabad,DEVICE_0040,,Utilities transaction,2026-04-17T04:45:01.430392
2385,40,40,DEBIT,1586.53,BookMyShow,Entertainment,Hyderabad,DEVICE_0040,,Entertainment transaction,2026-04-01T04:45:01.430392
2386,40,40,DEBIT,2008.75,BigBasket,Groceries,Hyderabad,DEVICE_0040,,Groceries transaction,2026-03-26T04:45:01.430392
2387,40,40,DEBIT,5026.11,BookMyShow,Entertainment,Hyderabad,DEVICE_0040,,Entertainment transaction,2026-05-11T04:45:01.430392
2388,40,40,DEBIT,1616.59,Netflix,Entertainment,Hyderabad,DEVICE_0040,,Entertainment transaction,2026-05-19T04:45:01.430392
2389,40,40,DEBIT,820.65,Flipkart,Shopping,Hyderabad,DEVICE_0040,,Shopping transaction,2026-05-10T04:45:01.430392
2390,40,40,DEBIT,1372.43,Reliance Fresh,Groceries,Hyderabad,DEVICE_0040,,Groceries transaction,2026-08-09T04:45:01.430392
2391,40,40,DEBIT,705.92,Amazon,Shopping,Hyderabad,DEVICE_0040,,Shopping transaction,2026-08-30T04:45:01.430392
2392,40,40,DEBIT,546.56,Jio,Utilities,Hyderabad,DEVICE_0040,,Utilities transaction,2026-03-23T04:45:01.430392
2393,40,40,DEBIT,5137.52,Amazon,Shopping,Hyderabad,DEVICE_0040,,Shopping transaction,2026-06-07T04:45:01.430392
2394,40,40,DEBIT,3649.94,BookMyShow,Entertainment,Hyderabad,DEVICE_0040,,Entertainment transaction,2026-08-04T04:45:01.430392
2395,40,40,DEBIT,3359.2,Uber,Transport,Hyderabad,DEVICE_0040,,Transport transaction,2026-08-19T04:45:01.430392
2396,40,40,DEBIT,588.66,Airtel,Utilities,Hyderabad,DEVICE_0040,,Utilities transaction,2026-05-02T04:45:01.430392
2397,40,40,DEBIT,2700.01,Airtel,Utilities,Hyderabad,DEVICE_0040,,Utilities transaction,2026-05-16T04:45:01.430392
2398,40,40,DEBIT,1691.12,Zomato,Food,Hyderabad,DEVICE_0040,,Food transaction,2026-05-08T04:45:01.430392
2399,40,40,DEBIT,2764.04,Reliance Fresh,Groceries,Hyderabad,DEVICE_0040,,Groceries transaction,2026-04-27T04:45:01.430392
2400,40,40,DEBIT,4311.66,Ola,Transport,Hyderabad,DEVICE_0040,,Transport transaction,2026-04-27T04:45:01.430392
2401,40,40,DEBIT,289.75,Netflix,Entertainment,Hyderabad,DEVICE_0040,,Entertainment transaction,2026-09-04T04:45:01.430392
2402,40,40,DEBIT,4670.49,BigBasket,Groceries,Hyderabad,DEVICE_0040,,Groceries transaction,2026-08-13T04:45:01.430392
2403,40,40,DEBIT,2486.31,BigBasket,Groceries,Hyderabad,DEVICE_0040,,Groceries transaction,2026-06-08T04:45:01.430392
2404,40,40,DEBIT,2534.77,Reliance Fresh,Groceries,Hyderabad,DEVICE_0040,,Groceries transaction,2026-09-04T04:45:01.430392
2405,40,40,DEBIT,3027.52,Swiggy,Food,Hyderabad,DEVICE_0040,,Food transaction,2026-06-27T04:45:01.430392
2406,40,40,DEBIT,1033.75,Electricity Board,Utilities,Hyderabad,DEVICE_0040,,Utilities transaction,2026-05-25T04:45:01.430392
2407,40,40,DEBIT,1787.1,Swiggy,Food,Hyderabad,DEVICE_0040,,Food transaction,2026-06-05T04:45:01.430392
2408,40,40,DEBIT,4080.7,Reliance Fresh,Groceries,Hyderabad,DEVICE_0040,,Groceries transaction,2026-04-20T04:45:01.430392
2409,40,40,DEBIT,2691.71,Apollo Pharmacy,Healthcare,Hyderabad,DEVICE_0040,,Healthcare transaction,2026-04-24T04:45:01.430392
2410,40,40,DEBIT,2939.78,Apollo Pharmacy,Healthcare,Hyderabad,DEVICE_0040,,Healthcare transaction,2026-05-15T04:45:01.430392
2411,40,40,DEBIT,3055.91,Reliance Fresh,Groceries,Hyderabad,DEVICE_0040,,Groceries transaction,2026-08-03T04:45:01.430392
2412,40,40,DEBIT,483.11,Netflix,Entertainment,Hyderabad,DEVICE_0040,,Entertainment transaction,2026-07-07T04:45:01.430392
2413,40,40,DEBIT,3202.14,Reliance Fresh,Groceries,Hyderabad,DEVICE_0040,,Groceries transaction,2026-06-08T04:45:01.430392
2414,40,40,DEBIT,3636.14,BookMyShow,Entertainment,Hyderabad,DEVICE_0040,,Entertainment transaction,2026-07-02T04:45:01.430392
2415,40,40,DEBIT,512.0,Ola,Transport,Hyderabad,DEVICE_0040,,Transport transaction,2026-04-14T04:45:01.430392
2416,40,40,DEBIT,851.17,Amazon,Shopping,Hyderabad,DEVICE_0040,,Shopping transaction,2026-06-11T04:45:01.430392
2417,40,40,DEBIT,4312.03,Ola,Transport,Hyderabad,DEVICE_0040,,Transport transaction,2026-04-16T04:45:01.430392
2418,40,40,DEBIT,4086.71,Amazon,Shopping,Hyderabad,DEVICE_0040,,Shopping transaction,2026-04-05T04:45:01.430392
2419,40,40,DEBIT,2133.08,Ola,Transport,Hyderabad,DEVICE_0040,,Transport transaction,2026-05-26T04:45:01.430392
2420,40,40,DEBIT,5238.47,Ola,Transport,Hyderabad,DEVICE_0040,,Transport transaction,2026-05-30T04:45:01.430392
2421,40,40,DEBIT,486.73,Ola,Transport,Hyderabad,DEVICE_0040,,Transport transaction,2026-07-12T04:45:01.430392
2422,40,40,DEBIT,1391.73,Zomato,Food,Hyderabad,DEVICE_0040,,Food transaction,2026-06-25T04:45:01.430392
2423,40,40,DEBIT,631.45,BookMyShow,Entertainment,Hyderabad,DEVICE_0040,,Entertainment transaction,2026-03-20T04:45:01.430392
2424,40,40,DEBIT,4613.67,Flipkart,Shopping,Hyderabad,DEVICE_0040,,Shopping transaction,2026-08-14T04:45:01.430392
2425,40,40,DEBIT,1062.37,Ola,Transport,Hyderabad,DEVICE_0040,,Transport transaction,2026-04-28T04:45:01.430392
2426,40,40,DEBIT,389.86,Ola,Transport,Hyderabad,DEVICE_0040,,Transport transaction,2026-03-28T04:45:01.430392
2427,40,40,DEBIT,2345.9,Jio,Utilities,Hyderabad,DEVICE_0040,,Utilities transaction,2026-05-04T04:45:01.430392
2428,40,40,DEBIT,1554.26,BigBasket,Groceries,Hyderabad,DEVICE_0040,,Groceries transaction,2026-03-18T04:45:01.430392
2429,40,40,DEBIT,3186.62,Reliance Fresh,Groceries,Hyderabad,DEVICE_0040,,Groceries transaction,2026-06-23T04:45:01.430392
2430,40,40,DEBIT,3097.04,BigBasket,Groceries,Hyderabad,DEVICE_0040,,Groceries transaction,2026-06-22T04:45:01.430392
2431,40,40,DEBIT,696.39,BookMyShow,Entertainment,Hyderabad,DEVICE_0040,,Entertainment transaction,2026-05-10T04:45:01.430392
2432,40,40,DEBIT,3709.16,Flipkart,Shopping,Hyderabad,DEVICE_0040,,Shopping transaction,2026-07-22T04:45:01.430392
2433,40,40,DEBIT,2723.09,Ola,Transport,Hyderabad,DEVICE_0040,,Transport transaction,2026-03-26T04:45:01.430392
2434,40,40,DEBIT,1046.36,Ola,Transport,Hyderabad,DEVICE_0040,,Transport transaction,2026-06-28T04:45:01.430392
2435,40,40,DEBIT,5124.09,Ola,Transport,Hyderabad,DEVICE_0040,,Transport transaction,2026-07-23T04:45:01.430392
2436,40,40,DEBIT,3427.66,Reliance Fresh,Groceries,Hyderabad,DEVICE_0040,,Groceries transaction,2026-08-24T04:45:01.430392
2437,40,40,DEBIT,4519.17,Jio,Utilities,Hyderabad,DEVICE_0040,,Utilities transaction,2026-07-20T04:45:01.430392
2438,40,40,DEBIT,1546.82,Uber,Transport,Hyderabad,DEVICE_0040,,Transport transaction,2026-06-28T04:45:01.430392
2439,40,40,DEBIT,2242.05,BookMyShow,Entertainment,Hyderabad,DEVICE_0040,,Entertainment transaction,2026-07-17T04:45:01.430392
2440,40,40,DEBIT,3973.41,BookMyShow,Entertainment,Hyderabad,DEVICE_0040,,Entertainment transaction,2026-08-20T04:45:01.430392
2441,41,41,CREDIT,131562.05,Employer,Salary,Ahmedabad,DEVICE_0041,,Monthly salary credit,2026-08-21T04:45:01.430392
2442,41,41,DEBIT,6169.82,Jio,Utilities,Ahmedabad,DEVICE_0041,,Utilities transaction,2026-04-14T04:45:01.430392
2443,41,41,DEBIT,3022.48,Ola,Transport,Ahmedabad,DEVICE_0041,,Transport transaction,2026-04-20T04:45:01.430392
2444,41,41,DEBIT,5683.21,Airtel,Utilities,Ahmedabad,DEVICE_0041,,Utilities transaction,2026-05-26T04:45:01.430392
2445,41,41,DEBIT,3786.03,Zomato,Food,Ahmedabad,DEVICE_0041,,Food transaction,2026-08-24T04:45:01.430392
2446,41,41,DEBIT,8705.08,Apollo Pharmacy,Healthcare,Ahmedabad,DEVICE_0041,,Healthcare transaction,2026-05-06T04:45:01.430392
2447,41,41,DEBIT,3296.55,Airtel,Utilities,Ahmedabad,DEVICE_0041,,Utilities transaction,2026-03-27T04:45:01.430392
2448,41,41,DEBIT,3435.36,Netflix,Entertainment,Ahmedabad,DEVICE_0041,,Entertainment transaction,2026-05-29T04:45:01.430392
2449,41,41,DEBIT,2794.3,BigBasket,Groceries,Ahmedabad,DEVICE_0041,,Groceries transaction,2026-05-04T04:45:01.430392
2450,41,41,DEBIT,7133.84,Reliance Fresh,Groceries,Ahmedabad,DEVICE_0041,,Groceries transaction,2026-04-25T04:45:01.430392
2451,41,41,DEBIT,9295.23,Swiggy,Food,Ahmedabad,DEVICE_0041,,Food transaction,2026-04-05T04:45:01.430392
2452,41,41,DEBIT,5530.0,Electricity Board,Utilities,Ahmedabad,DEVICE_0041,,Utilities transaction,2026-07-27T04:45:01.430392
2453,41,41,DEBIT,5354.26,BookMyShow,Entertainment,Ahmedabad,DEVICE_0041,,Entertainment transaction,2026-03-27T04:45:01.430392
2454,41,41,DEBIT,7863.27,Jio,Utilities,Ahmedabad,DEVICE_0041,,Utilities transaction,2026-05-16T04:45:01.430392
2455,41,41,DEBIT,9876.17,Uber,Transport,Ahmedabad,DEVICE_0041,,Transport transaction,2026-04-29T04:45:01.430392
2456,41,41,DEBIT,6543.89,Airtel,Utilities,Ahmedabad,DEVICE_0041,,Utilities transaction,2026-05-24T04:45:01.430392
2457,41,41,DEBIT,7702.27,BookMyShow,Entertainment,Ahmedabad,DEVICE_0041,,Entertainment transaction,2026-08-28T04:45:01.430392
2458,41,41,DEBIT,2271.68,Netflix,Entertainment,Ahmedabad,DEVICE_0041,,Entertainment transaction,2026-05-17T04:45:01.430392
2459,41,41,DEBIT,2681.85,Swiggy,Food,Ahmedabad,DEVICE_0041,,Food transaction,2026-03-21T04:45:01.430392
2460,41,41,DEBIT,3300.34,Airtel,Utilities,Ahmedabad,DEVICE_0041,,Utilities transaction,2026-05-24T04:45:01.430392
2461,41,41,DEBIT,3490.08,BigBasket,Groceries,Ahmedabad,DEVICE_0041,,Groceries transaction,2026-08-27T04:45:01.430392
2462,41,41,DEBIT,2301.73,Apollo Pharmacy,Healthcare,Ahmedabad,DEVICE_0041,,Healthcare transaction,2026-05-30T04:45:01.430392
2463,41,41,DEBIT,8704.78,Uber,Transport,Ahmedabad,DEVICE_0041,,Transport transaction,2026-03-31T04:45:01.430392
2464,41,41,DEBIT,2847.8,Swiggy,Food,Ahmedabad,DEVICE_0041,,Food transaction,2026-04-12T04:45:01.430392
2465,41,41,DEBIT,4390.55,Zomato,Food,Ahmedabad,DEVICE_0041,,Food transaction,2026-08-14T04:45:01.430392
2466,41,41,DEBIT,2181.53,Swiggy,Food,Ahmedabad,DEVICE_0041,,Food transaction,2026-07-12T04:45:01.430392
2467,41,41,DEBIT,8741.11,Airtel,Utilities,Ahmedabad,DEVICE_0041,,Utilities transaction,2026-05-17T04:45:01.430392
2468,41,41,DEBIT,5980.17,Reliance Fresh,Groceries,Ahmedabad,DEVICE_0041,,Groceries transaction,2026-05-24T04:45:01.430392
2469,41,41,DEBIT,6879.45,BigBasket,Groceries,Ahmedabad,DEVICE_0041,,Groceries transaction,2026-09-03T04:45:01.430392
2470,41,41,DEBIT,1845.37,Zomato,Food,Ahmedabad,DEVICE_0041,,Food transaction,2026-08-09T04:45:01.430392
2471,41,41,DEBIT,2867.94,Amazon,Shopping,Ahmedabad,DEVICE_0041,,Shopping transaction,2026-07-03T04:45:01.430392
2472,41,41,DEBIT,5886.02,Apollo Pharmacy,Healthcare,Ahmedabad,DEVICE_0041,,Healthcare transaction,2026-04-01T04:45:01.430392
2473,41,41,DEBIT,636.05,Jio,Utilities,Ahmedabad,DEVICE_0041,,Utilities transaction,2026-05-11T04:45:01.430392
2474,41,41,DEBIT,405.56,Airtel,Utilities,Ahmedabad,DEVICE_0041,,Utilities transaction,2026-08-22T04:45:01.430392
2475,41,41,DEBIT,6411.5,Ola,Transport,Ahmedabad,DEVICE_0041,,Transport transaction,2026-08-27T04:45:01.430392
2476,41,41,DEBIT,9459.15,BigBasket,Groceries,Ahmedabad,DEVICE_0041,,Groceries transaction,2026-03-25T04:45:01.430392
2477,41,41,DEBIT,9345.02,Apollo Pharmacy,Healthcare,Ahmedabad,DEVICE_0041,,Healthcare transaction,2026-06-03T04:45:01.430392
2478,41,41,DEBIT,7677.69,Jio,Utilities,Ahmedabad,DEVICE_0041,,Utilities transaction,2026-08-08T04:45:01.430392
2479,41,41,DEBIT,1355.7,Zomato,Food,Ahmedabad,DEVICE_0041,,Food transaction,2026-05-07T04:45:01.430392
2480,41,41,DEBIT,5589.19,Flipkart,Shopping,Ahmedabad,DEVICE_0041,,Shopping transaction,2026-04-17T04:45:01.430392
2481,41,41,DEBIT,9818.28,Airtel,Utilities,Ahmedabad,DEVICE_0041,,Utilities transaction,2026-07-10T04:45:01.430392
2482,41,41,DEBIT,9333.1,Reliance Fresh,Groceries,Ahmedabad,DEVICE_0041,,Groceries transaction,2026-07-14T04:45:01.430392
2483,41,41,DEBIT,1462.5,BookMyShow,Entertainment,Ahmedabad,DEVICE_0041,,Entertainment transaction,2026-06-24T04:45:01.430392
2484,41,41,DEBIT,8793.82,Ola,Transport,Ahmedabad,DEVICE_0041,,Transport transaction,2026-06-05T04:45:01.430392
2485,41,41,DEBIT,7926.94,Airtel,Utilities,Ahmedabad,DEVICE_0041,,Utilities transaction,2026-07-14T04:45:01.430392
2486,41,41,DEBIT,2450.93,BigBasket,Groceries,Ahmedabad,DEVICE_0041,,Groceries transaction,2026-08-16T04:45:01.430392
2487,41,41,DEBIT,2410.66,Swiggy,Food,Ahmedabad,DEVICE_0041,,Food transaction,2026-07-04T04:45:01.430392
2488,41,41,DEBIT,4416.46,Reliance Fresh,Groceries,Ahmedabad,DEVICE_0041,,Groceries transaction,2026-04-15T04:45:01.430392
2489,41,41,DEBIT,5262.93,Amazon,Shopping,Ahmedabad,DEVICE_0041,,Shopping transaction,2026-06-09T04:45:01.430392
2490,41,41,DEBIT,9995.41,Electricity Board,Utilities,Ahmedabad,DEVICE_0041,,Utilities transaction,2026-06-23T04:45:01.430392
2491,41,41,DEBIT,4575.53,Netflix,Entertainment,Ahmedabad,DEVICE_0041,,Entertainment transaction,2026-03-22T04:45:01.430392
2492,41,41,DEBIT,10146.2,Zomato,Food,Ahmedabad,DEVICE_0041,,Food transaction,2026-08-06T04:45:01.430392
2493,41,41,DEBIT,5106.65,Ola,Transport,Ahmedabad,DEVICE_0041,,Transport transaction,2026-06-10T04:45:01.430392
2494,41,41,DEBIT,3381.86,Jio,Utilities,Ahmedabad,DEVICE_0041,,Utilities transaction,2026-03-31T04:45:01.430392
2495,41,41,DEBIT,559.41,BookMyShow,Entertainment,Ahmedabad,DEVICE_0041,,Entertainment transaction,2026-03-27T04:45:01.430392
2496,41,41,DEBIT,9914.22,Airtel,Utilities,Ahmedabad,DEVICE_0041,,Utilities transaction,2026-03-20T04:45:01.430392
2497,41,41,DEBIT,7134.23,Airtel,Utilities,Ahmedabad,DEVICE_0041,,Utilities transaction,2026-07-10T04:45:01.430392
2498,41,41,DEBIT,4171.91,Netflix,Entertainment,Ahmedabad,DEVICE_0041,,Entertainment transaction,2026-04-02T04:45:01.430392
2499,41,41,DEBIT,3946.47,Electricity Board,Utilities,Ahmedabad,DEVICE_0041,,Utilities transaction,2026-03-21T04:45:01.430392
2500,41,41,DEBIT,5722.93,Flipkart,Shopping,Ahmedabad,DEVICE_0041,,Shopping transaction,2026-07-14T04:45:01.430392
2501,41,41,DEBIT,4767.79,Jio,Utilities,Ahmedabad,DEVICE_0041,,Utilities transaction,2026-09-10T04:45:01.430392
2502,42,42,CREDIT,31833.45,Employer,Salary,Mumbai,DEVICE_0042,,Monthly salary credit,2026-08-31T04:45:01.430392
2503,42,42,DEBIT,906.09,Uber,Transport,Mumbai,DEVICE_0042,,Transport transaction,2026-07-14T04:45:01.430392
2504,42,42,DEBIT,693.71,Uber,Transport,Mumbai,DEVICE_0042,,Transport transaction,2026-08-02T04:45:01.430392
2505,42,42,DEBIT,1681.58,Reliance Fresh,Groceries,Mumbai,DEVICE_0042,,Groceries transaction,2026-04-01T04:45:01.430392
2506,42,42,DEBIT,2052.27,BigBasket,Groceries,Mumbai,DEVICE_0042,,Groceries transaction,2026-07-04T04:45:01.430392
2507,42,42,DEBIT,387.96,Jio,Utilities,Mumbai,DEVICE_0042,,Utilities transaction,2026-05-10T04:45:01.430392
2508,42,42,DEBIT,1929.36,Reliance Fresh,Groceries,Mumbai,DEVICE_0042,,Groceries transaction,2026-06-19T04:45:01.430392
2509,42,42,DEBIT,1191.16,Electricity Board,Utilities,Mumbai,DEVICE_0042,,Utilities transaction,2026-08-18T04:45:01.430392
2510,42,42,DEBIT,576.27,Jio,Utilities,Mumbai,DEVICE_0042,,Utilities transaction,2026-07-08T04:45:01.430392
2511,42,42,DEBIT,355.74,Netflix,Entertainment,Mumbai,DEVICE_0042,,Entertainment transaction,2026-05-28T04:45:01.430392
2512,42,42,DEBIT,1911.27,BookMyShow,Entertainment,Mumbai,DEVICE_0042,,Entertainment transaction,2026-04-25T04:45:01.430392
2513,42,42,DEBIT,966.82,Electricity Board,Utilities,Mumbai,DEVICE_0042,,Utilities transaction,2026-03-19T04:45:01.430392
2514,42,42,DEBIT,1988.11,Amazon,Shopping,Mumbai,DEVICE_0042,,Shopping transaction,2026-04-01T04:45:01.430392
2515,42,42,DEBIT,631.18,Apollo Pharmacy,Healthcare,Mumbai,DEVICE_0042,,Healthcare transaction,2026-05-22T04:45:01.430392
2516,42,42,DEBIT,1704.45,Airtel,Utilities,Mumbai,DEVICE_0042,,Utilities transaction,2026-09-12T04:45:01.430392
2517,42,42,DEBIT,669.51,BigBasket,Groceries,Mumbai,DEVICE_0042,,Groceries transaction,2026-06-26T04:45:01.430392
2518,42,42,DEBIT,1551.24,Ola,Transport,Mumbai,DEVICE_0042,,Transport transaction,2026-08-15T04:45:01.430392
2519,42,42,DEBIT,785.74,Swiggy,Food,Mumbai,DEVICE_0042,,Food transaction,2026-03-30T04:45:01.430392
2520,42,42,DEBIT,505.29,Airtel,Utilities,Mumbai,DEVICE_0042,,Utilities transaction,2026-04-13T04:45:01.430392
2521,42,42,DEBIT,1162.88,Apollo Pharmacy,Healthcare,Mumbai,DEVICE_0042,,Healthcare transaction,2026-06-23T04:45:01.430392
2522,42,42,DEBIT,1322.57,Reliance Fresh,Groceries,Mumbai,DEVICE_0042,,Groceries transaction,2026-08-09T04:45:01.430392
2523,42,42,DEBIT,607.1,Uber,Transport,Mumbai,DEVICE_0042,,Transport transaction,2026-04-14T04:45:01.430392
2524,42,42,DEBIT,968.73,Jio,Utilities,Mumbai,DEVICE_0042,,Utilities transaction,2026-07-02T04:45:01.430392
2525,42,42,DEBIT,398.06,Zomato,Food,Mumbai,DEVICE_0042,,Food transaction,2026-06-10T04:45:01.430392
2526,42,42,DEBIT,1123.4,Swiggy,Food,Mumbai,DEVICE_0042,,Food transaction,2026-06-08T04:45:01.430392
2527,42,42,DEBIT,2275.26,Jio,Utilities,Mumbai,DEVICE_0042,,Utilities transaction,2026-07-17T04:45:01.430392
2528,42,42,DEBIT,2424.91,Amazon,Shopping,Mumbai,DEVICE_0042,,Shopping transaction,2026-04-23T04:45:01.430392
2529,42,42,DEBIT,1636.17,Apollo Pharmacy,Healthcare,Mumbai,DEVICE_0042,,Healthcare transaction,2026-07-16T04:45:01.430392
2530,42,42,DEBIT,2485.96,Flipkart,Shopping,Mumbai,DEVICE_0042,,Shopping transaction,2026-07-24T04:45:01.430392
2531,42,42,DEBIT,1845.63,Uber,Transport,Mumbai,DEVICE_0042,,Transport transaction,2026-07-31T04:45:01.430392
2532,42,42,DEBIT,1141.1,Amazon,Shopping,Mumbai,DEVICE_0042,,Shopping transaction,2026-05-26T04:45:01.430392
2533,42,42,DEBIT,810.51,BookMyShow,Entertainment,Mumbai,DEVICE_0042,,Entertainment transaction,2026-08-21T04:45:01.430392
2534,42,42,DEBIT,599.22,Ola,Transport,Mumbai,DEVICE_0042,,Transport transaction,2026-04-20T04:45:01.430392
2535,42,42,DEBIT,233.12,Flipkart,Shopping,Mumbai,DEVICE_0042,,Shopping transaction,2026-05-01T04:45:01.430392
2536,42,42,DEBIT,2014.82,BigBasket,Groceries,Mumbai,DEVICE_0042,,Groceries transaction,2026-05-19T04:45:01.430392
2537,42,42,DEBIT,1780.74,Jio,Utilities,Mumbai,DEVICE_0042,,Utilities transaction,2026-08-13T04:45:01.430392
2538,42,42,DEBIT,1874.5,Zomato,Food,Mumbai,DEVICE_0042,,Food transaction,2026-07-26T04:45:01.430392
2539,42,42,DEBIT,2108.82,Jio,Utilities,Mumbai,DEVICE_0042,,Utilities transaction,2026-07-06T04:45:01.430392
2540,42,42,DEBIT,1951.66,Uber,Transport,Mumbai,DEVICE_0042,,Transport transaction,2026-06-07T04:45:01.430392
2541,42,42,DEBIT,1212.14,Swiggy,Food,Mumbai,DEVICE_0042,,Food transaction,2026-07-22T04:45:01.430392
2542,42,42,DEBIT,705.86,BookMyShow,Entertainment,Mumbai,DEVICE_0042,,Entertainment transaction,2026-07-02T04:45:01.430392
2543,42,42,DEBIT,1789.14,Electricity Board,Utilities,Mumbai,DEVICE_0042,,Utilities transaction,2026-05-28T04:45:01.430392
2544,42,42,DEBIT,1158.67,Swiggy,Food,Mumbai,DEVICE_0042,,Food transaction,2026-08-06T04:45:01.430392
2545,42,42,DEBIT,880.99,Amazon,Shopping,Mumbai,DEVICE_0042,,Shopping transaction,2026-07-07T04:45:01.430392
2546,42,42,DEBIT,1649.5,Zomato,Food,Mumbai,DEVICE_0042,,Food transaction,2026-07-11T04:45:01.430392
2547,42,42,DEBIT,1567.88,Ola,Transport,Mumbai,DEVICE_0042,,Transport transaction,2026-03-31T04:45:01.430392
2548,42,42,DEBIT,401.2,Reliance Fresh,Groceries,Mumbai,DEVICE_0042,,Groceries transaction,2026-05-15T04:45:01.430392
2549,42,42,DEBIT,2245.0,Swiggy,Food,Mumbai,DEVICE_0042,,Food transaction,2026-03-19T04:45:01.430392
2550,42,42,DEBIT,1811.82,BigBasket,Groceries,Mumbai,DEVICE_0042,,Groceries transaction,2026-06-06T04:45:01.430392
2551,42,42,DEBIT,1193.33,Electricity Board,Utilities,Mumbai,DEVICE_0042,,Utilities transaction,2026-04-13T04:45:01.430392
2552,42,42,DEBIT,371.44,Uber,Transport,Mumbai,DEVICE_0042,,Transport transaction,2026-04-23T04:45:01.430392
2553,42,42,DEBIT,322.29,Amazon,Shopping,Mumbai,DEVICE_0042,,Shopping transaction,2026-07-14T04:45:01.430392
2554,42,42,DEBIT,2331.31,Reliance Fresh,Groceries,Mumbai,DEVICE_0042,,Groceries transaction,2026-04-10T04:45:01.430392
2555,42,42,DEBIT,2469.73,Apollo Pharmacy,Healthcare,Mumbai,DEVICE_0042,,Healthcare transaction,2026-04-12T04:45:01.430392
2556,42,42,DEBIT,1955.88,Electricity Board,Utilities,Mumbai,DEVICE_0042,,Utilities transaction,2026-09-01T04:45:01.430392
2557,42,42,DEBIT,795.25,Amazon,Shopping,Mumbai,DEVICE_0042,,Shopping transaction,2026-04-07T04:45:01.430392
2558,42,42,DEBIT,909.89,BigBasket,Groceries,Mumbai,DEVICE_0042,,Groceries transaction,2026-06-03T04:45:01.430392
2559,42,42,DEBIT,1070.38,Apollo Pharmacy,Healthcare,Mumbai,DEVICE_0042,,Healthcare transaction,2026-04-22T04:45:01.430392
2560,42,42,DEBIT,1562.21,Amazon,Shopping,Mumbai,DEVICE_0042,,Shopping transaction,2026-07-08T04:45:01.430392
2561,42,42,DEBIT,1382.13,Swiggy,Food,Mumbai,DEVICE_0042,,Food transaction,2026-06-18T04:45:01.430392
2562,42,42,DEBIT,509.57,Reliance Fresh,Groceries,Mumbai,DEVICE_0042,,Groceries transaction,2026-06-23T04:45:01.430392
2563,43,43,CREDIT,111940.56,Employer,Salary,Vadodara,DEVICE_0043,,Monthly salary credit,2026-08-21T04:45:01.430392
2564,43,43,DEBIT,3990.41,Netflix,Entertainment,Vadodara,DEVICE_0043,,Entertainment transaction,2026-07-08T04:45:01.430392
2565,43,43,DEBIT,2942.75,Flipkart,Shopping,Vadodara,DEVICE_0043,,Shopping transaction,2026-08-11T04:45:01.430392
2566,43,43,DEBIT,7831.77,Reliance Fresh,Groceries,Vadodara,DEVICE_0043,,Groceries transaction,2026-07-03T04:45:01.430392
2567,43,43,DEBIT,3357.07,Electricity Board,Utilities,Vadodara,DEVICE_0043,,Utilities transaction,2026-05-25T04:45:01.430392
2568,43,43,DEBIT,8104.17,Uber,Transport,Vadodara,DEVICE_0043,,Transport transaction,2026-07-07T04:45:01.430392
2569,43,43,DEBIT,7463.26,BookMyShow,Entertainment,Vadodara,DEVICE_0043,,Entertainment transaction,2026-07-07T04:45:01.430392
2570,43,43,DEBIT,2940.48,Netflix,Entertainment,Vadodara,DEVICE_0043,,Entertainment transaction,2026-08-01T04:45:01.430392
2571,43,43,DEBIT,6651.47,Ola,Transport,Vadodara,DEVICE_0043,,Transport transaction,2026-05-10T04:45:01.430392
2572,43,43,DEBIT,8517.93,Airtel,Utilities,Vadodara,DEVICE_0043,,Utilities transaction,2026-04-23T04:45:01.430392
2573,43,43,DEBIT,8279.8,Jio,Utilities,Vadodara,DEVICE_0043,,Utilities transaction,2026-04-03T04:45:01.430392
2574,43,43,DEBIT,4052.22,Airtel,Utilities,Vadodara,DEVICE_0043,,Utilities transaction,2026-07-26T04:45:01.430392
2575,43,43,DEBIT,677.75,Swiggy,Food,Vadodara,DEVICE_0043,,Food transaction,2026-07-28T04:45:01.430392
2576,43,43,DEBIT,4317.13,Amazon,Shopping,Vadodara,DEVICE_0043,,Shopping transaction,2026-08-02T04:45:01.430392
2577,43,43,DEBIT,4289.86,Electricity Board,Utilities,Vadodara,DEVICE_0043,,Utilities transaction,2026-08-14T04:45:01.430392
2578,43,43,DEBIT,557.14,Reliance Fresh,Groceries,Vadodara,DEVICE_0043,,Groceries transaction,2026-06-13T04:45:01.430392
2579,43,43,DEBIT,5110.42,Electricity Board,Utilities,Vadodara,DEVICE_0043,,Utilities transaction,2026-05-18T04:45:01.430392
2580,43,43,DEBIT,1184.89,Reliance Fresh,Groceries,Vadodara,DEVICE_0043,,Groceries transaction,2026-08-06T04:45:01.430392
2581,43,43,DEBIT,3260.87,Flipkart,Shopping,Vadodara,DEVICE_0043,,Shopping transaction,2026-07-22T04:45:01.430392
2582,43,43,DEBIT,2687.51,Jio,Utilities,Vadodara,DEVICE_0043,,Utilities transaction,2026-07-31T04:45:01.430392
2583,43,43,DEBIT,4654.12,Electricity Board,Utilities,Vadodara,DEVICE_0043,,Utilities transaction,2026-07-05T04:45:01.430392
2584,43,43,DEBIT,8000.0,BookMyShow,Entertainment,Vadodara,DEVICE_0043,,Entertainment transaction,2026-04-16T04:45:01.430392
2585,43,43,DEBIT,5309.1,Zomato,Food,Vadodara,DEVICE_0043,,Food transaction,2026-09-11T04:45:01.430392
2586,43,43,DEBIT,6913.94,Netflix,Entertainment,Vadodara,DEVICE_0043,,Entertainment transaction,2026-07-28T04:45:01.430392
2587,43,43,DEBIT,8258.44,BigBasket,Groceries,Vadodara,DEVICE_0043,,Groceries transaction,2026-07-11T04:45:01.430392
2588,43,43,DEBIT,4561.08,Airtel,Utilities,Vadodara,DEVICE_0043,,Utilities transaction,2026-08-19T04:45:01.430392
2589,43,43,DEBIT,427.31,Ola,Transport,Vadodara,DEVICE_0043,,Transport transaction,2026-03-22T04:45:01.430392
2590,43,43,DEBIT,1268.06,Apollo Pharmacy,Healthcare,Vadodara,DEVICE_0043,,Healthcare transaction,2026-06-09T04:45:01.430392
2591,43,43,DEBIT,8334.92,BookMyShow,Entertainment,Vadodara,DEVICE_0043,,Entertainment transaction,2026-08-16T04:45:01.430392
2592,43,43,DEBIT,3032.66,Jio,Utilities,Vadodara,DEVICE_0043,,Utilities transaction,2026-09-05T04:45:01.430392
2593,43,43,DEBIT,4229.45,Flipkart,Shopping,Vadodara,DEVICE_0043,,Shopping transaction,2026-03-28T04:45:01.430392
2594,43,43,DEBIT,4175.37,Reliance Fresh,Groceries,Vadodara,DEVICE_0043,,Groceries transaction,2026-07-06T04:45:01.430392
2595,43,43,DEBIT,5961.01,BookMyShow,Entertainment,Vadodara,DEVICE_0043,,Entertainment transaction,2026-06-20T04:45:01.430392
2596,43,43,DEBIT,5944.95,Amazon,Shopping,Vadodara,DEVICE_0043,,Shopping transaction,2026-05-20T04:45:01.430392
2597,43,43,DEBIT,8494.88,Ola,Transport,Vadodara,DEVICE_0043,,Transport transaction,2026-04-20T04:45:01.430392
2598,43,43,DEBIT,2050.57,Swiggy,Food,Vadodara,DEVICE_0043,,Food transaction,2026-08-31T04:45:01.430392
2599,43,43,DEBIT,5835.26,Airtel,Utilities,Vadodara,DEVICE_0043,,Utilities transaction,2026-06-22T04:45:01.430392
2600,43,43,DEBIT,686.22,Airtel,Utilities,Vadodara,DEVICE_0043,,Utilities transaction,2026-08-25T04:45:01.430392
2601,43,43,DEBIT,8534.12,Netflix,Entertainment,Vadodara,DEVICE_0043,,Entertainment transaction,2026-06-07T04:45:01.430392
2602,43,43,DEBIT,3692.1,Flipkart,Shopping,Vadodara,DEVICE_0043,,Shopping transaction,2026-07-29T04:45:01.430392
2603,43,43,DEBIT,8649.24,Zomato,Food,Vadodara,DEVICE_0043,,Food transaction,2026-06-02T04:45:01.430392
2604,43,43,DEBIT,379.59,Flipkart,Shopping,Vadodara,DEVICE_0043,,Shopping transaction,2026-07-21T04:45:01.430392
2605,43,43,DEBIT,3601.44,Swiggy,Food,Vadodara,DEVICE_0043,,Food transaction,2026-06-01T04:45:01.430392
2606,43,43,DEBIT,5866.11,Uber,Transport,Vadodara,DEVICE_0043,,Transport transaction,2026-03-29T04:45:01.430392
2607,43,43,DEBIT,1255.9,Swiggy,Food,Vadodara,DEVICE_0043,,Food transaction,2026-05-10T04:45:01.430392
2608,43,43,DEBIT,3985.4,Airtel,Utilities,Vadodara,DEVICE_0043,,Utilities transaction,2026-06-25T04:45:01.430392
2609,43,43,DEBIT,5483.91,Apollo Pharmacy,Healthcare,Vadodara,DEVICE_0043,,Healthcare transaction,2026-06-13T04:45:01.430392
2610,43,43,DEBIT,1041.48,Apollo Pharmacy,Healthcare,Vadodara,DEVICE_0043,,Healthcare transaction,2026-06-10T04:45:01.430392
2611,43,43,DEBIT,1949.92,Netflix,Entertainment,Vadodara,DEVICE_0043,,Entertainment transaction,2026-05-21T04:45:01.430392
2612,43,43,DEBIT,4371.35,BigBasket,Groceries,Vadodara,DEVICE_0043,,Groceries transaction,2026-04-21T04:45:01.430392
2613,43,43,DEBIT,3904.09,BookMyShow,Entertainment,Vadodara,DEVICE_0043,,Entertainment transaction,2026-05-27T04:45:01.430392
2614,43,43,DEBIT,3424.0,Airtel,Utilities,Vadodara,DEVICE_0043,,Utilities transaction,2026-07-27T04:45:01.430392
2615,43,43,DEBIT,5721.81,BigBasket,Groceries,Vadodara,DEVICE_0043,,Groceries transaction,2026-08-20T04:45:01.430392
2616,43,43,DEBIT,4694.43,Amazon,Shopping,Vadodara,DEVICE_0043,,Shopping transaction,2026-05-17T04:45:01.430392
2617,43,43,DEBIT,2163.19,Apollo Pharmacy,Healthcare,Vadodara,DEVICE_0043,,Healthcare transaction,2026-03-21T04:45:01.430392
2618,43,43,DEBIT,1557.67,Electricity Board,Utilities,Vadodara,DEVICE_0043,,Utilities transaction,2026-05-09T04:45:01.430392
2619,43,43,DEBIT,5711.95,Netflix,Entertainment,Vadodara,DEVICE_0043,,Entertainment transaction,2026-05-01T04:45:01.430392
2620,43,43,DEBIT,2745.18,Flipkart,Shopping,Vadodara,DEVICE_0043,,Shopping transaction,2026-05-24T04:45:01.430392
2621,43,43,DEBIT,8142.83,Flipkart,Shopping,Vadodara,DEVICE_0043,,Shopping transaction,2026-05-13T04:45:01.430392
2622,43,43,DEBIT,1501.09,Uber,Transport,Vadodara,DEVICE_0043,,Transport transaction,2026-08-11T04:45:01.430392
2623,43,43,DEBIT,8105.14,Apollo Pharmacy,Healthcare,Vadodara,DEVICE_0043,,Healthcare transaction,2026-07-11T04:45:01.430392
2624,44,44,CREDIT,110641.39,Employer,Salary,Delhi,DEVICE_0044,,Monthly salary credit,2026-08-27T04:45:01.430392
2625,44,44,DEBIT,2756.3,BigBasket,Groceries,Delhi,DEVICE_0044,,Groceries transaction,2026-08-31T04:45:01.430392
2626,44,44,DEBIT,862.11,Netflix,Entertainment,Delhi,DEVICE_0044,,Entertainment transaction,2026-09-01T04:45:01.430392
2627,44,44,DEBIT,1131.16,Netflix,Entertainment,Delhi,DEVICE_0044,,Entertainment transaction,2026-05-27T04:45:01.430392
2628,44,44,DEBIT,1017.41,BigBasket,Groceries,Delhi,DEVICE_0044,,Groceries transaction,2026-03-27T04:45:01.430392
2629,44,44,DEBIT,5118.08,Electricity Board,Utilities,Delhi,DEVICE_0044,,Utilities transaction,2026-07-10T04:45:01.430392
2630,44,44,DEBIT,2404.87,Ola,Transport,Delhi,DEVICE_0044,,Transport transaction,2026-08-23T04:45:01.430392
2631,44,44,DEBIT,4555.46,Airtel,Utilities,Delhi,DEVICE_0044,,Utilities transaction,2026-08-14T04:45:01.430392
2632,44,44,DEBIT,5923.52,Electricity Board,Utilities,Delhi,DEVICE_0044,,Utilities transaction,2026-07-29T04:45:01.430392
2633,44,44,DEBIT,1776.34,Airtel,Utilities,Delhi,DEVICE_0044,,Utilities transaction,2026-06-04T04:45:01.430392
2634,44,44,DEBIT,920.57,Amazon,Shopping,Delhi,DEVICE_0044,,Shopping transaction,2026-03-16T04:45:01.430392
2635,44,44,DEBIT,2916.05,Uber,Transport,Delhi,DEVICE_0044,,Transport transaction,2026-05-19T04:45:01.430392
2636,44,44,DEBIT,5998.63,Airtel,Utilities,Delhi,DEVICE_0044,,Utilities transaction,2026-04-06T04:45:01.430392
2637,44,44,DEBIT,2493.24,Airtel,Utilities,Delhi,DEVICE_0044,,Utilities transaction,2026-07-27T04:45:01.430392
2638,44,44,DEBIT,1801.25,Zomato,Food,Delhi,DEVICE_0044,,Food transaction,2026-04-11T04:45:01.430392
2639,44,44,DEBIT,7740.62,Uber,Transport,Delhi,DEVICE_0044,,Transport transaction,2026-08-16T04:45:01.430392
2640,44,44,DEBIT,4823.05,BigBasket,Groceries,Delhi,DEVICE_0044,,Groceries transaction,2026-09-11T04:45:01.430392
2641,44,44,DEBIT,1209.42,BigBasket,Groceries,Delhi,DEVICE_0044,,Groceries transaction,2026-07-31T04:45:01.430392
2642,44,44,DEBIT,4327.71,Apollo Pharmacy,Healthcare,Delhi,DEVICE_0044,,Healthcare transaction,2026-03-19T04:45:01.430392
2643,44,44,DEBIT,7716.09,BigBasket,Groceries,Delhi,DEVICE_0044,,Groceries transaction,2026-04-11T04:45:01.430392
2644,44,44,DEBIT,4410.79,Electricity Board,Utilities,Delhi,DEVICE_0044,,Utilities transaction,2026-04-07T04:45:01.430392
2645,44,44,DEBIT,8625.7,Jio,Utilities,Delhi,DEVICE_0044,,Utilities transaction,2026-06-12T04:45:01.430392
2646,44,44,DEBIT,6029.28,Electricity Board,Utilities,Delhi,DEVICE_0044,,Utilities transaction,2026-03-20T04:45:01.430392
2647,44,44,DEBIT,3617.24,Apollo Pharmacy,Healthcare,Delhi,DEVICE_0044,,Healthcare transaction,2026-06-27T04:45:01.430392
2648,44,44,DEBIT,1282.19,Flipkart,Shopping,Delhi,DEVICE_0044,,Shopping transaction,2026-09-09T04:45:01.430392
2649,44,44,DEBIT,1168.19,Zomato,Food,Delhi,DEVICE_0044,,Food transaction,2026-09-08T04:45:01.430392
2650,44,44,DEBIT,8596.27,Electricity Board,Utilities,Delhi,DEVICE_0044,,Utilities transaction,2026-09-06T04:45:01.430392
2651,44,44,DEBIT,4362.29,Zomato,Food,Delhi,DEVICE_0044,,Food transaction,2026-08-06T04:45:01.430392
2652,44,44,DEBIT,2291.72,Apollo Pharmacy,Healthcare,Delhi,DEVICE_0044,,Healthcare transaction,2026-04-05T04:45:01.430392
2653,44,44,DEBIT,7034.64,Jio,Utilities,Delhi,DEVICE_0044,,Utilities transaction,2026-07-26T04:45:01.430392
2654,44,44,DEBIT,2803.33,Flipkart,Shopping,Delhi,DEVICE_0044,,Shopping transaction,2026-05-17T04:45:01.430392
2655,44,44,DEBIT,4300.63,Swiggy,Food,Delhi,DEVICE_0044,,Food transaction,2026-09-07T04:45:01.430392
2656,44,44,DEBIT,1637.03,Flipkart,Shopping,Delhi,DEVICE_0044,,Shopping transaction,2026-08-04T04:45:01.430392
2657,44,44,DEBIT,6278.39,Electricity Board,Utilities,Delhi,DEVICE_0044,,Utilities transaction,2026-05-11T04:45:01.430392
2658,44,44,DEBIT,369.81,Reliance Fresh,Groceries,Delhi,DEVICE_0044,,Groceries transaction,2026-05-20T04:45:01.430392
2659,44,44,DEBIT,2299.06,BookMyShow,Entertainment,Delhi,DEVICE_0044,,Entertainment transaction,2026-06-29T04:45:01.430392
2660,44,44,DEBIT,7375.84,BookMyShow,Entertainment,Delhi,DEVICE_0044,,Entertainment transaction,2026-06-04T04:45:01.430392
2661,44,44,DEBIT,3088.24,Amazon,Shopping,Delhi,DEVICE_0044,,Shopping transaction,2026-08-17T04:45:01.430392
2662,44,44,DEBIT,7533.11,Apollo Pharmacy,Healthcare,Delhi,DEVICE_0044,,Healthcare transaction,2026-05-25T04:45:01.430392
2663,44,44,DEBIT,7541.64,BigBasket,Groceries,Delhi,DEVICE_0044,,Groceries transaction,2026-04-17T04:45:01.430392
2664,44,44,DEBIT,6524.79,BookMyShow,Entertainment,Delhi,DEVICE_0044,,Entertainment transaction,2026-06-30T04:45:01.430392
2665,44,44,DEBIT,4417.48,Amazon,Shopping,Delhi,DEVICE_0044,,Shopping transaction,2026-05-11T04:45:01.430392
2666,44,44,DEBIT,5313.26,Netflix,Entertainment,Delhi,DEVICE_0044,,Entertainment transaction,2026-04-09T04:45:01.430392
2667,44,44,DEBIT,8030.07,Apollo Pharmacy,Healthcare,Delhi,DEVICE_0044,,Healthcare transaction,2026-05-11T04:45:01.430392
2668,44,44,DEBIT,6379.55,Zomato,Food,Delhi,DEVICE_0044,,Food transaction,2026-04-30T04:45:01.430392
2669,44,44,DEBIT,3850.89,Amazon,Shopping,Delhi,DEVICE_0044,,Shopping transaction,2026-06-24T04:45:01.430392
2670,44,44,DEBIT,749.45,Netflix,Entertainment,Delhi,DEVICE_0044,,Entertainment transaction,2026-03-31T04:45:01.430392
2671,44,44,DEBIT,7892.23,BigBasket,Groceries,Delhi,DEVICE_0044,,Groceries transaction,2026-08-14T04:45:01.430392
2672,44,44,DEBIT,5587.14,Reliance Fresh,Groceries,Delhi,DEVICE_0044,,Groceries transaction,2026-03-31T04:45:01.430392
2673,44,44,DEBIT,4078.6,Ola,Transport,Delhi,DEVICE_0044,,Transport transaction,2026-05-24T04:45:01.430392
2674,44,44,DEBIT,1595.75,Amazon,Shopping,Delhi,DEVICE_0044,,Shopping transaction,2026-07-25T04:45:01.430392
2675,44,44,DEBIT,3174.73,Reliance Fresh,Groceries,Delhi,DEVICE_0044,,Groceries transaction,2026-07-15T04:45:01.430392
2676,44,44,DEBIT,2100.71,Netflix,Entertainment,Delhi,DEVICE_0044,,Entertainment transaction,2026-03-21T04:45:01.430392
2677,44,44,DEBIT,8174.22,Ola,Transport,Delhi,DEVICE_0044,,Transport transaction,2026-03-28T04:45:01.430392
2678,44,44,DEBIT,1334.69,Reliance Fresh,Groceries,Delhi,DEVICE_0044,,Groceries transaction,2026-06-29T04:45:01.430392
2679,44,44,DEBIT,6354.41,Electricity Board,Utilities,Delhi,DEVICE_0044,,Utilities transaction,2026-05-29T04:45:01.430392
2680,44,44,DEBIT,8342.59,Jio,Utilities,Delhi,DEVICE_0044,,Utilities transaction,2026-03-29T04:45:01.430392
2681,44,44,DEBIT,3316.68,Electricity Board,Utilities,Delhi,DEVICE_0044,,Utilities transaction,2026-05-15T04:45:01.430392
2682,44,44,DEBIT,8599.92,Airtel,Utilities,Delhi,DEVICE_0044,,Utilities transaction,2026-08-02T04:45:01.430392
2683,44,44,DEBIT,1992.63,BookMyShow,Entertainment,Delhi,DEVICE_0044,,Entertainment transaction,2026-03-20T04:45:01.430392
2684,44,44,DEBIT,945.67,Electricity Board,Utilities,Delhi,DEVICE_0044,,Utilities transaction,2026-05-12T04:45:01.430392
2685,45,45,CREDIT,130720.34,Employer,Salary,Vadodara,DEVICE_0045,,Monthly salary credit,2026-09-08T04:45:01.430392
2686,45,45,DEBIT,2246.23,Swiggy,Food,Vadodara,DEVICE_0045,,Food transaction,2026-04-10T04:45:01.430392
2687,45,45,DEBIT,1235.03,Reliance Fresh,Groceries,Vadodara,DEVICE_0045,,Groceries transaction,2026-05-29T04:45:01.430392
2688,45,45,DEBIT,3314.75,Reliance Fresh,Groceries,Vadodara,DEVICE_0045,,Groceries transaction,2026-07-21T04:45:01.430392
2689,45,45,DEBIT,682.61,Netflix,Entertainment,Vadodara,DEVICE_0045,,Entertainment transaction,2026-09-08T04:45:01.430392
2690,45,45,DEBIT,9236.01,Ola,Transport,Vadodara,DEVICE_0045,,Transport transaction,2026-06-13T04:45:01.430392
2691,45,45,DEBIT,1826.92,Apollo Pharmacy,Healthcare,Vadodara,DEVICE_0045,,Healthcare transaction,2026-05-07T04:45:01.430392
2692,45,45,DEBIT,8476.01,Amazon,Shopping,Vadodara,DEVICE_0045,,Shopping transaction,2026-06-18T04:45:01.430392
2693,45,45,DEBIT,1369.05,BigBasket,Groceries,Vadodara,DEVICE_0045,,Groceries transaction,2026-07-16T04:45:01.430392
2694,45,45,DEBIT,5964.6,Flipkart,Shopping,Vadodara,DEVICE_0045,,Shopping transaction,2026-05-11T04:45:01.430392
2695,45,45,DEBIT,10392.62,Uber,Transport,Vadodara,DEVICE_0045,,Transport transaction,2026-06-14T04:45:01.430392
2696,45,45,DEBIT,678.79,Airtel,Utilities,Vadodara,DEVICE_0045,,Utilities transaction,2026-04-23T04:45:01.430392
2697,45,45,DEBIT,9394.09,Uber,Transport,Vadodara,DEVICE_0045,,Transport transaction,2026-03-20T04:45:01.430392
2698,45,45,DEBIT,5486.65,Jio,Utilities,Vadodara,DEVICE_0045,,Utilities transaction,2026-03-25T04:45:01.430392
2699,45,45,DEBIT,7446.04,Flipkart,Shopping,Vadodara,DEVICE_0045,,Shopping transaction,2026-05-23T04:45:01.430392
2700,45,45,DEBIT,4889.13,Airtel,Utilities,Vadodara,DEVICE_0045,,Utilities transaction,2026-08-15T04:45:01.430392
2701,45,45,DEBIT,8217.9,Flipkart,Shopping,Vadodara,DEVICE_0045,,Shopping transaction,2026-04-09T04:45:01.430392
2702,45,45,DEBIT,9005.02,Airtel,Utilities,Vadodara,DEVICE_0045,,Utilities transaction,2026-08-17T04:45:01.430392
2703,45,45,DEBIT,5969.64,Jio,Utilities,Vadodara,DEVICE_0045,,Utilities transaction,2026-05-06T04:45:01.430392
2704,45,45,DEBIT,1913.5,Flipkart,Shopping,Vadodara,DEVICE_0045,,Shopping transaction,2026-08-13T04:45:01.430392
2705,45,45,DEBIT,2306.78,Jio,Utilities,Vadodara,DEVICE_0045,,Utilities transaction,2026-06-12T04:45:01.430392
2706,45,45,DEBIT,7671.14,Swiggy,Food,Vadodara,DEVICE_0045,,Food transaction,2026-05-22T04:45:01.430392
2707,45,45,DEBIT,5389.3,Airtel,Utilities,Vadodara,DEVICE_0045,,Utilities transaction,2026-08-18T04:45:01.430392
2708,45,45,DEBIT,6837.64,Swiggy,Food,Vadodara,DEVICE_0045,,Food transaction,2026-06-19T04:45:01.430392
2709,45,45,DEBIT,1613.22,Jio,Utilities,Vadodara,DEVICE_0045,,Utilities transaction,2026-07-23T04:45:01.430392
2710,45,45,DEBIT,10146.17,Reliance Fresh,Groceries,Vadodara,DEVICE_0045,,Groceries transaction,2026-09-11T04:45:01.430392
2711,45,45,DEBIT,8763.2,Zomato,Food,Vadodara,DEVICE_0045,,Food transaction,2026-05-14T04:45:01.430392
2712,45,45,DEBIT,3141.46,Ola,Transport,Vadodara,DEVICE_0045,,Transport transaction,2026-07-31T04:45:01.430392
2713,45,45,DEBIT,2928.69,Flipkart,Shopping,Vadodara,DEVICE_0045,,Shopping transaction,2026-05-29T04:45:01.430392
2714,45,45,DEBIT,6656.56,Ola,Transport,Vadodara,DEVICE_0045,,Transport transaction,2026-07-12T04:45:01.430392
2715,45,45,DEBIT,7926.11,Swiggy,Food,Vadodara,DEVICE_0045,,Food transaction,2026-04-30T04:45:01.430392
2716,45,45,DEBIT,8274.97,BigBasket,Groceries,Vadodara,DEVICE_0045,,Groceries transaction,2026-08-08T04:45:01.430392
2717,45,45,DEBIT,4598.7,Airtel,Utilities,Vadodara,DEVICE_0045,,Utilities transaction,2026-05-31T04:45:01.430392
2718,45,45,DEBIT,9963.63,Reliance Fresh,Groceries,Vadodara,DEVICE_0045,,Groceries transaction,2026-05-03T04:45:01.430392
2719,45,45,DEBIT,7197.74,Airtel,Utilities,Vadodara,DEVICE_0045,,Utilities transaction,2026-09-05T04:45:01.430392
2720,45,45,DEBIT,1693.35,Reliance Fresh,Groceries,Vadodara,DEVICE_0045,,Groceries transaction,2026-09-10T04:45:01.430392
2721,45,45,DEBIT,8470.18,Electricity Board,Utilities,Vadodara,DEVICE_0045,,Utilities transaction,2026-08-26T04:45:01.430392
2722,45,45,DEBIT,3670.19,Flipkart,Shopping,Vadodara,DEVICE_0045,,Shopping transaction,2026-06-02T04:45:01.430392
2723,45,45,DEBIT,1885.58,Airtel,Utilities,Vadodara,DEVICE_0045,,Utilities transaction,2026-08-28T04:45:01.430392
2724,45,45,DEBIT,7987.51,BigBasket,Groceries,Vadodara,DEVICE_0045,,Groceries transaction,2026-03-27T04:45:01.430392
2725,45,45,DEBIT,1748.41,Apollo Pharmacy,Healthcare,Vadodara,DEVICE_0045,,Healthcare transaction,2026-04-18T04:45:01.430392
2726,45,45,DEBIT,10229.22,Amazon,Shopping,Vadodara,DEVICE_0045,,Shopping transaction,2026-03-27T04:45:01.430392
2727,45,45,DEBIT,10177.2,Netflix,Entertainment,Vadodara,DEVICE_0045,,Entertainment transaction,2026-05-28T04:45:01.430392
2728,45,45,DEBIT,9286.03,BigBasket,Groceries,Vadodara,DEVICE_0045,,Groceries transaction,2026-03-17T04:45:01.430392
2729,45,45,DEBIT,9160.51,Netflix,Entertainment,Vadodara,DEVICE_0045,,Entertainment transaction,2026-06-24T04:45:01.430392
2730,45,45,DEBIT,281.06,Ola,Transport,Vadodara,DEVICE_0045,,Transport transaction,2026-07-03T04:45:01.430392
2731,45,45,DEBIT,6461.27,Netflix,Entertainment,Vadodara,DEVICE_0045,,Entertainment transaction,2026-08-06T04:45:01.430392
2732,45,45,DEBIT,4343.45,Electricity Board,Utilities,Vadodara,DEVICE_0045,,Utilities transaction,2026-04-01T04:45:01.430392
2733,45,45,DEBIT,9304.46,Zomato,Food,Vadodara,DEVICE_0045,,Food transaction,2026-04-06T04:45:01.430392
2734,45,45,DEBIT,6541.14,Airtel,Utilities,Vadodara,DEVICE_0045,,Utilities transaction,2026-05-22T04:45:01.430392
2735,45,45,DEBIT,3741.45,Electricity Board,Utilities,Vadodara,DEVICE_0045,,Utilities transaction,2026-03-30T04:45:01.430392
2736,45,45,DEBIT,8153.77,BigBasket,Groceries,Vadodara,DEVICE_0045,,Groceries transaction,2026-06-27T04:45:01.430392
2737,45,45,DEBIT,579.23,Flipkart,Shopping,Vadodara,DEVICE_0045,,Shopping transaction,2026-06-19T04:45:01.430392
2738,45,45,DEBIT,7637.79,BigBasket,Groceries,Vadodara,DEVICE_0045,,Groceries transaction,2026-08-11T04:45:01.430392
2739,45,45,DEBIT,10374.79,Netflix,Entertainment,Vadodara,DEVICE_0045,,Entertainment transaction,2026-07-02T04:45:01.430392
2740,45,45,DEBIT,1152.11,Zomato,Food,Vadodara,DEVICE_0045,,Food transaction,2026-04-24T04:45:01.430392
2741,45,45,DEBIT,5547.67,Uber,Transport,Vadodara,DEVICE_0045,,Transport transaction,2026-04-03T04:45:01.430392
2742,45,45,DEBIT,440.25,Swiggy,Food,Vadodara,DEVICE_0045,,Food transaction,2026-04-27T04:45:01.430392
2743,45,45,DEBIT,2853.55,BookMyShow,Entertainment,Vadodara,DEVICE_0045,,Entertainment transaction,2026-06-27T04:45:01.430392
2744,45,45,DEBIT,4536.37,Electricity Board,Utilities,Vadodara,DEVICE_0045,,Utilities transaction,2026-05-06T04:45:01.430392
2745,45,45,DEBIT,7708.44,Flipkart,Shopping,Vadodara,DEVICE_0045,,Shopping transaction,2026-06-09T04:45:01.430392
2746,46,46,CREDIT,168493.39,Employer,Salary,Ahmedabad,DEVICE_0046,,Monthly salary credit,2026-09-04T04:45:01.430392
2747,46,46,DEBIT,6939.32,Apollo Pharmacy,Healthcare,Ahmedabad,DEVICE_0046,,Healthcare transaction,2026-08-12T04:45:01.430392
2748,46,46,DEBIT,10246.72,Amazon,Shopping,Ahmedabad,DEVICE_0046,,Shopping transaction,2026-08-12T04:45:01.430392
2749,46,46,DEBIT,4156.77,Reliance Fresh,Groceries,Ahmedabad,DEVICE_0046,,Groceries transaction,2026-09-11T04:45:01.430392
2750,46,46,DEBIT,4701.48,Reliance Fresh,Groceries,Ahmedabad,DEVICE_0046,,Groceries transaction,2026-07-14T04:45:01.430392
2751,46,46,DEBIT,10103.27,Airtel,Utilities,Ahmedabad,DEVICE_0046,,Utilities transaction,2026-04-17T04:45:01.430392
2752,46,46,DEBIT,9690.14,BookMyShow,Entertainment,Ahmedabad,DEVICE_0046,,Entertainment transaction,2026-04-05T04:45:01.430392
2753,46,46,DEBIT,7281.79,Apollo Pharmacy,Healthcare,Ahmedabad,DEVICE_0046,,Healthcare transaction,2026-04-13T04:45:01.430392
2754,46,46,DEBIT,4852.29,Zomato,Food,Ahmedabad,DEVICE_0046,,Food transaction,2026-07-02T04:45:01.430392
2755,46,46,DEBIT,10621.59,Apollo Pharmacy,Healthcare,Ahmedabad,DEVICE_0046,,Healthcare transaction,2026-04-19T04:45:01.430392
2756,46,46,DEBIT,2058.75,Apollo Pharmacy,Healthcare,Ahmedabad,DEVICE_0046,,Healthcare transaction,2026-06-08T04:45:01.430392
2757,46,46,DEBIT,9993.77,Netflix,Entertainment,Ahmedabad,DEVICE_0046,,Entertainment transaction,2026-08-17T04:45:01.430392
2758,46,46,DEBIT,7058.21,Ola,Transport,Ahmedabad,DEVICE_0046,,Transport transaction,2026-07-25T04:45:01.430392
2759,46,46,DEBIT,10538.73,Jio,Utilities,Ahmedabad,DEVICE_0046,,Utilities transaction,2026-05-19T04:45:01.430392
2760,46,46,DEBIT,2146.15,Flipkart,Shopping,Ahmedabad,DEVICE_0046,,Shopping transaction,2026-05-27T04:45:01.430392
2761,46,46,DEBIT,5671.85,Jio,Utilities,Ahmedabad,DEVICE_0046,,Utilities transaction,2026-08-20T04:45:01.430392
2762,46,46,DEBIT,5842.27,Amazon,Shopping,Ahmedabad,DEVICE_0046,,Shopping transaction,2026-08-10T04:45:01.430392
2763,46,46,DEBIT,3052.22,Reliance Fresh,Groceries,Ahmedabad,DEVICE_0046,,Groceries transaction,2026-08-24T04:45:01.430392
2764,46,46,DEBIT,9187.84,Ola,Transport,Ahmedabad,DEVICE_0046,,Transport transaction,2026-06-01T04:45:01.430392
2765,46,46,DEBIT,7622.81,BookMyShow,Entertainment,Ahmedabad,DEVICE_0046,,Entertainment transaction,2026-06-03T04:45:01.430392
2766,46,46,DEBIT,3701.71,Jio,Utilities,Ahmedabad,DEVICE_0046,,Utilities transaction,2026-05-08T04:45:01.430392
2767,46,46,DEBIT,5822.82,Apollo Pharmacy,Healthcare,Ahmedabad,DEVICE_0046,,Healthcare transaction,2026-05-23T04:45:01.430392
2768,46,46,DEBIT,12563.66,Electricity Board,Utilities,Ahmedabad,DEVICE_0046,,Utilities transaction,2026-05-10T04:45:01.430392
2769,46,46,DEBIT,13124.54,Electricity Board,Utilities,Ahmedabad,DEVICE_0046,,Utilities transaction,2026-08-02T04:45:01.430392
2770,46,46,DEBIT,6916.57,Swiggy,Food,Ahmedabad,DEVICE_0046,,Food transaction,2026-05-11T04:45:01.430392
2771,46,46,DEBIT,6278.18,Electricity Board,Utilities,Ahmedabad,DEVICE_0046,,Utilities transaction,2026-03-16T04:45:01.430392
2772,46,46,DEBIT,11663.79,Netflix,Entertainment,Ahmedabad,DEVICE_0046,,Entertainment transaction,2026-08-13T04:45:01.430392
2773,46,46,DEBIT,3023.78,Electricity Board,Utilities,Ahmedabad,DEVICE_0046,,Utilities transaction,2026-05-14T04:45:01.430392
2774,46,46,DEBIT,10113.08,Amazon,Shopping,Ahmedabad,DEVICE_0046,,Shopping transaction,2026-04-22T04:45:01.430392
2775,46,46,DEBIT,12439.65,Ola,Transport,Ahmedabad,DEVICE_0046,,Transport transaction,2026-08-13T04:45:01.430392
2776,46,46,DEBIT,11518.33,BookMyShow,Entertainment,Ahmedabad,DEVICE_0046,,Entertainment transaction,2026-08-15T04:45:01.430392
2777,46,46,DEBIT,5107.91,Flipkart,Shopping,Ahmedabad,DEVICE_0046,,Shopping transaction,2026-06-30T04:45:01.430392
2778,46,46,DEBIT,7142.21,Amazon,Shopping,Ahmedabad,DEVICE_0046,,Shopping transaction,2026-08-13T04:45:01.430392
2779,46,46,DEBIT,4249.24,Ola,Transport,Ahmedabad,DEVICE_0046,,Transport transaction,2026-06-09T04:45:01.430392
2780,46,46,DEBIT,4103.92,Uber,Transport,Ahmedabad,DEVICE_0046,,Transport transaction,2026-09-05T04:45:01.430392
2781,46,46,DEBIT,2097.23,Airtel,Utilities,Ahmedabad,DEVICE_0046,,Utilities transaction,2026-04-15T04:45:01.430392
2782,46,46,DEBIT,846.06,BigBasket,Groceries,Ahmedabad,DEVICE_0046,,Groceries transaction,2026-06-26T04:45:01.430392
2783,46,46,DEBIT,3062.81,Uber,Transport,Ahmedabad,DEVICE_0046,,Transport transaction,2026-05-10T04:45:01.430392
2784,46,46,DEBIT,1824.45,Amazon,Shopping,Ahmedabad,DEVICE_0046,,Shopping transaction,2026-06-15T04:45:01.430392
2785,46,46,DEBIT,11758.8,Flipkart,Shopping,Ahmedabad,DEVICE_0046,,Shopping transaction,2026-05-29T04:45:01.430392
2786,46,46,DEBIT,7809.92,Reliance Fresh,Groceries,Ahmedabad,DEVICE_0046,,Groceries transaction,2026-04-21T04:45:01.430392
2787,46,46,DEBIT,12155.34,Reliance Fresh,Groceries,Ahmedabad,DEVICE_0046,,Groceries transaction,2026-06-08T04:45:01.430392
2788,46,46,DEBIT,11281.19,Reliance Fresh,Groceries,Ahmedabad,DEVICE_0046,,Groceries transaction,2026-04-10T04:45:01.430392
2789,46,46,DEBIT,10318.31,Swiggy,Food,Ahmedabad,DEVICE_0046,,Food transaction,2026-05-06T04:45:01.430392
2790,46,46,DEBIT,6320.99,Apollo Pharmacy,Healthcare,Ahmedabad,DEVICE_0046,,Healthcare transaction,2026-05-20T04:45:01.430392
2791,46,46,DEBIT,6163.48,Apollo Pharmacy,Healthcare,Ahmedabad,DEVICE_0046,,Healthcare transaction,2026-06-21T04:45:01.430392
2792,46,46,DEBIT,10821.08,Flipkart,Shopping,Ahmedabad,DEVICE_0046,,Shopping transaction,2026-03-26T04:45:01.430392
2793,46,46,DEBIT,5639.65,BookMyShow,Entertainment,Ahmedabad,DEVICE_0046,,Entertainment transaction,2026-07-15T04:45:01.430392
2794,46,46,DEBIT,4701.71,BigBasket,Groceries,Ahmedabad,DEVICE_0046,,Groceries transaction,2026-09-01T04:45:01.430392
2795,46,46,DEBIT,12019.3,Apollo Pharmacy,Healthcare,Ahmedabad,DEVICE_0046,,Healthcare transaction,2026-07-03T04:45:01.430392
2796,46,46,DEBIT,1375.63,Apollo Pharmacy,Healthcare,Ahmedabad,DEVICE_0046,,Healthcare transaction,2026-08-01T04:45:01.430392
2797,46,46,DEBIT,529.39,Electricity Board,Utilities,Ahmedabad,DEVICE_0046,,Utilities transaction,2026-04-04T04:45:01.430392
2798,46,46,DEBIT,10446.38,Airtel,Utilities,Ahmedabad,DEVICE_0046,,Utilities transaction,2026-06-25T04:45:01.430392
2799,46,46,DEBIT,8767.38,Netflix,Entertainment,Ahmedabad,DEVICE_0046,,Entertainment transaction,2026-04-01T04:45:01.430392
2800,46,46,DEBIT,1330.77,Netflix,Entertainment,Ahmedabad,DEVICE_0046,,Entertainment transaction,2026-04-07T04:45:01.430392
2801,46,46,DEBIT,7860.34,Netflix,Entertainment,Ahmedabad,DEVICE_0046,,Entertainment transaction,2026-08-30T04:45:01.430392
2802,46,46,DEBIT,7128.61,BookMyShow,Entertainment,Ahmedabad,DEVICE_0046,,Entertainment transaction,2026-05-14T04:45:01.430392
2803,46,46,DEBIT,12109.88,Netflix,Entertainment,Ahmedabad,DEVICE_0046,,Entertainment transaction,2026-08-13T04:45:01.430392
2804,46,46,DEBIT,12632.0,Apollo Pharmacy,Healthcare,Ahmedabad,DEVICE_0046,,Healthcare transaction,2026-07-28T04:45:01.430392
2805,46,46,DEBIT,3851.36,Amazon,Shopping,Ahmedabad,DEVICE_0046,,Shopping transaction,2026-07-22T04:45:01.430392
2806,46,46,DEBIT,11217.85,Zomato,Food,Ahmedabad,DEVICE_0046,,Food transaction,2026-04-17T04:45:01.430392
2807,47,47,CREDIT,149346.45,Employer,Salary,Gandhinagar,DEVICE_0047,,Monthly salary credit,2026-08-29T04:45:01.430392
2808,47,47,DEBIT,9679.48,Flipkart,Shopping,Gandhinagar,DEVICE_0047,,Shopping transaction,2026-04-10T04:45:01.430392
2809,47,47,DEBIT,4920.21,Ola,Transport,Gandhinagar,DEVICE_0047,,Transport transaction,2026-09-01T04:45:01.430392
2810,47,47,DEBIT,10326.23,Reliance Fresh,Groceries,Gandhinagar,DEVICE_0047,,Groceries transaction,2026-09-07T04:45:01.430392
2811,47,47,DEBIT,5333.96,Ola,Transport,Gandhinagar,DEVICE_0047,,Transport transaction,2026-05-29T04:45:01.430392
2812,47,47,DEBIT,10298.91,Amazon,Shopping,Gandhinagar,DEVICE_0047,,Shopping transaction,2026-06-23T04:45:01.430392
2813,47,47,DEBIT,3221.25,BigBasket,Groceries,Gandhinagar,DEVICE_0047,,Groceries transaction,2026-08-14T04:45:01.430392
2814,47,47,DEBIT,6564.67,Flipkart,Shopping,Gandhinagar,DEVICE_0047,,Shopping transaction,2026-07-01T04:45:01.430392
2815,47,47,DEBIT,2345.94,Swiggy,Food,Gandhinagar,DEVICE_0047,,Food transaction,2026-08-21T04:45:01.430392
2816,47,47,DEBIT,3804.13,Swiggy,Food,Gandhinagar,DEVICE_0047,,Food transaction,2026-05-31T04:45:01.430392
2817,47,47,DEBIT,2187.61,Apollo Pharmacy,Healthcare,Gandhinagar,DEVICE_0047,,Healthcare transaction,2026-04-08T04:45:01.430392
2818,47,47,DEBIT,2331.72,Ola,Transport,Gandhinagar,DEVICE_0047,,Transport transaction,2026-08-29T04:45:01.430392
2819,47,47,DEBIT,4780.9,Uber,Transport,Gandhinagar,DEVICE_0047,,Transport transaction,2026-06-23T04:45:01.430392
2820,47,47,DEBIT,5049.73,Swiggy,Food,Gandhinagar,DEVICE_0047,,Food transaction,2026-06-22T04:45:01.430392
2821,47,47,DEBIT,4611.42,Uber,Transport,Gandhinagar,DEVICE_0047,,Transport transaction,2026-08-13T04:45:01.430392
2822,47,47,DEBIT,2579.61,Amazon,Shopping,Gandhinagar,DEVICE_0047,,Shopping transaction,2026-04-13T04:45:01.430392
2823,47,47,DEBIT,2978.23,BookMyShow,Entertainment,Gandhinagar,DEVICE_0047,,Entertainment transaction,2026-05-05T04:45:01.430392
2824,47,47,DEBIT,6125.8,Airtel,Utilities,Gandhinagar,DEVICE_0047,,Utilities transaction,2026-08-14T04:45:01.430392
2825,47,47,DEBIT,912.29,Uber,Transport,Gandhinagar,DEVICE_0047,,Transport transaction,2026-05-17T04:45:01.430392
2826,47,47,DEBIT,4982.22,Netflix,Entertainment,Gandhinagar,DEVICE_0047,,Entertainment transaction,2026-05-12T04:45:01.430392
2827,47,47,DEBIT,4987.12,Amazon,Shopping,Gandhinagar,DEVICE_0047,,Shopping transaction,2026-07-15T04:45:01.430392
2828,47,47,DEBIT,3362.01,Amazon,Shopping,Gandhinagar,DEVICE_0047,,Shopping transaction,2026-04-15T04:45:01.430392
2829,47,47,DEBIT,1392.5,Apollo Pharmacy,Healthcare,Gandhinagar,DEVICE_0047,,Healthcare transaction,2026-04-23T04:45:01.430392
2830,47,47,DEBIT,9424.47,Apollo Pharmacy,Healthcare,Gandhinagar,DEVICE_0047,,Healthcare transaction,2026-06-27T04:45:01.430392
2831,47,47,DEBIT,4978.34,BookMyShow,Entertainment,Gandhinagar,DEVICE_0047,,Entertainment transaction,2026-08-22T04:45:01.430392
2832,47,47,DEBIT,7669.19,Jio,Utilities,Gandhinagar,DEVICE_0047,,Utilities transaction,2026-07-22T04:45:01.430392
2833,47,47,DEBIT,11570.75,Airtel,Utilities,Gandhinagar,DEVICE_0047,,Utilities transaction,2026-06-09T04:45:01.430392
2834,47,47,DEBIT,11775.13,Netflix,Entertainment,Gandhinagar,DEVICE_0047,,Entertainment transaction,2026-07-12T04:45:01.430392
2835,47,47,DEBIT,11391.02,Netflix,Entertainment,Gandhinagar,DEVICE_0047,,Entertainment transaction,2026-04-23T04:45:01.430392
2836,47,47,DEBIT,690.96,Reliance Fresh,Groceries,Gandhinagar,DEVICE_0047,,Groceries transaction,2026-05-17T04:45:01.430392
2837,47,47,DEBIT,7492.16,Jio,Utilities,Gandhinagar,DEVICE_0047,,Utilities transaction,2026-03-29T04:45:01.430392
2838,47,47,DEBIT,206.38,Swiggy,Food,Gandhinagar,DEVICE_0047,,Food transaction,2026-05-12T04:45:01.430392
2839,47,47,DEBIT,7223.58,Uber,Transport,Gandhinagar,DEVICE_0047,,Transport transaction,2026-03-22T04:45:01.430392
2840,47,47,DEBIT,11938.81,BigBasket,Groceries,Gandhinagar,DEVICE_0047,,Groceries transaction,2026-04-04T04:45:01.430392
2841,47,47,DEBIT,7074.28,Zomato,Food,Gandhinagar,DEVICE_0047,,Food transaction,2026-05-05T04:45:01.430392
2842,47,47,DEBIT,734.34,Uber,Transport,Gandhinagar,DEVICE_0047,,Transport transaction,2026-04-29T04:45:01.430392
2843,47,47,DEBIT,1021.58,BookMyShow,Entertainment,Gandhinagar,DEVICE_0047,,Entertainment transaction,2026-08-21T04:45:01.430392
2844,47,47,DEBIT,8404.95,BigBasket,Groceries,Gandhinagar,DEVICE_0047,,Groceries transaction,2026-08-08T04:45:01.430392
2845,47,47,DEBIT,6737.36,Electricity Board,Utilities,Gandhinagar,DEVICE_0047,,Utilities transaction,2026-07-03T04:45:01.430392
2846,47,47,DEBIT,2677.01,BigBasket,Groceries,Gandhinagar,DEVICE_0047,,Groceries transaction,2026-05-06T04:45:01.430392
2847,47,47,DEBIT,3939.34,Airtel,Utilities,Gandhinagar,DEVICE_0047,,Utilities transaction,2026-03-22T04:45:01.430392
2848,47,47,DEBIT,7661.8,Ola,Transport,Gandhinagar,DEVICE_0047,,Transport transaction,2026-05-20T04:45:01.430392
2849,47,47,DEBIT,3089.1,Uber,Transport,Gandhinagar,DEVICE_0047,,Transport transaction,2026-06-22T04:45:01.430392
2850,47,47,DEBIT,2674.35,Ola,Transport,Gandhinagar,DEVICE_0047,,Transport transaction,2026-04-12T04:45:01.430392
2851,47,47,DEBIT,386.49,Ola,Transport,Gandhinagar,DEVICE_0047,,Transport transaction,2026-03-19T04:45:01.430392
2852,47,47,DEBIT,7794.23,Swiggy,Food,Gandhinagar,DEVICE_0047,,Food transaction,2026-09-12T04:45:01.430392
2853,47,47,DEBIT,5798.13,BookMyShow,Entertainment,Gandhinagar,DEVICE_0047,,Entertainment transaction,2026-09-10T04:45:01.430392
2854,47,47,DEBIT,2238.65,Apollo Pharmacy,Healthcare,Gandhinagar,DEVICE_0047,,Healthcare transaction,2026-04-23T04:45:01.430392
2855,47,47,DEBIT,8462.16,Electricity Board,Utilities,Gandhinagar,DEVICE_0047,,Utilities transaction,2026-06-04T04:45:01.430392
2856,47,47,DEBIT,1153.31,Netflix,Entertainment,Gandhinagar,DEVICE_0047,,Entertainment transaction,2026-03-30T04:45:01.430392
2857,47,47,DEBIT,1110.72,Apollo Pharmacy,Healthcare,Gandhinagar,DEVICE_0047,,Healthcare transaction,2026-09-05T04:45:01.430392
2858,47,47,DEBIT,9786.8,Jio,Utilities,Gandhinagar,DEVICE_0047,,Utilities transaction,2026-05-22T04:45:01.430392
2859,47,47,DEBIT,1649.85,Apollo Pharmacy,Healthcare,Gandhinagar,DEVICE_0047,,Healthcare transaction,2026-06-08T04:45:01.430392
2860,47,47,DEBIT,7264.03,Jio,Utilities,Gandhinagar,DEVICE_0047,,Utilities transaction,2026-06-05T04:45:01.430392
2861,47,47,DEBIT,10058.05,Swiggy,Food,Gandhinagar,DEVICE_0047,,Food transaction,2026-03-18T04:45:01.430392
2862,47,47,DEBIT,1665.69,Amazon,Shopping,Gandhinagar,DEVICE_0047,,Shopping transaction,2026-06-10T04:45:01.430392
2863,47,47,DEBIT,5422.77,Zomato,Food,Gandhinagar,DEVICE_0047,,Food transaction,2026-07-18T04:45:01.430392
2864,47,47,DEBIT,432.39,Electricity Board,Utilities,Gandhinagar,DEVICE_0047,,Utilities transaction,2026-07-03T04:45:01.430392
2865,47,47,DEBIT,11024.33,Apollo Pharmacy,Healthcare,Gandhinagar,DEVICE_0047,,Healthcare transaction,2026-06-13T04:45:01.430392
2866,47,47,DEBIT,1256.9,Zomato,Food,Gandhinagar,DEVICE_0047,,Food transaction,2026-04-08T04:45:01.430392
2867,47,47,DEBIT,3761.66,Apollo Pharmacy,Healthcare,Gandhinagar,DEVICE_0047,,Healthcare transaction,2026-07-18T04:45:01.430392
2868,48,48,CREDIT,59477.23,Employer,Salary,Pune,DEVICE_0048,,Monthly salary credit,2026-09-05T04:45:01.430392
2869,48,48,DEBIT,4609.11,Reliance Fresh,Groceries,Pune,DEVICE_0048,,Groceries transaction,2026-09-03T04:45:01.430392
2870,48,48,DEBIT,2446.44,Uber,Transport,Pune,DEVICE_0048,,Transport transaction,2026-03-16T04:45:01.430392
2871,48,48,DEBIT,2962.38,Electricity Board,Utilities,Pune,DEVICE_0048,,Utilities transaction,2026-09-11T04:45:01.430392
2872,48,48,DEBIT,4686.45,Zomato,Food,Pune,DEVICE_0048,,Food transaction,2026-04-02T04:45:01.430392
2873,48,48,DEBIT,705.71,BigBasket,Groceries,Pune,DEVICE_0048,,Groceries transaction,2026-07-03T04:45:01.430392
2874,48,48,DEBIT,2480.57,BookMyShow,Entertainment,Pune,DEVICE_0048,,Entertainment transaction,2026-07-31T04:45:01.430392
2875,48,48,DEBIT,1083.24,Netflix,Entertainment,Pune,DEVICE_0048,,Entertainment transaction,2026-04-21T04:45:01.430392
2876,48,48,DEBIT,3310.43,Apollo Pharmacy,Healthcare,Pune,DEVICE_0048,,Healthcare transaction,2026-04-21T04:45:01.430392
2877,48,48,DEBIT,497.93,Swiggy,Food,Pune,DEVICE_0048,,Food transaction,2026-08-11T04:45:01.430392
2878,48,48,DEBIT,496.51,Electricity Board,Utilities,Pune,DEVICE_0048,,Utilities transaction,2026-07-08T04:45:01.430392
2879,48,48,DEBIT,4099.43,BookMyShow,Entertainment,Pune,DEVICE_0048,,Entertainment transaction,2026-05-02T04:45:01.430392
2880,48,48,DEBIT,3765.65,Electricity Board,Utilities,Pune,DEVICE_0048,,Utilities transaction,2026-07-25T04:45:01.430392
2881,48,48,DEBIT,3290.35,Jio,Utilities,Pune,DEVICE_0048,,Utilities transaction,2026-03-19T04:45:01.430392
2882,48,48,DEBIT,2629.24,Apollo Pharmacy,Healthcare,Pune,DEVICE_0048,,Healthcare transaction,2026-07-10T04:45:01.430392
2883,48,48,DEBIT,2753.11,Apollo Pharmacy,Healthcare,Pune,DEVICE_0048,,Healthcare transaction,2026-05-19T04:45:01.430392
2884,48,48,DEBIT,4475.07,Amazon,Shopping,Pune,DEVICE_0048,,Shopping transaction,2026-04-01T04:45:01.430392
2885,48,48,DEBIT,4498.7,Apollo Pharmacy,Healthcare,Pune,DEVICE_0048,,Healthcare transaction,2026-08-30T04:45:01.430392
2886,48,48,DEBIT,4479.03,Jio,Utilities,Pune,DEVICE_0048,,Utilities transaction,2026-05-25T04:45:01.430392
2887,48,48,DEBIT,4735.87,Jio,Utilities,Pune,DEVICE_0048,,Utilities transaction,2026-07-04T04:45:01.430392
2888,48,48,DEBIT,3300.35,Flipkart,Shopping,Pune,DEVICE_0048,,Shopping transaction,2026-05-16T04:45:01.430392
2889,48,48,DEBIT,1847.65,Reliance Fresh,Groceries,Pune,DEVICE_0048,,Groceries transaction,2026-09-01T04:45:01.430392
2890,48,48,DEBIT,1223.53,Electricity Board,Utilities,Pune,DEVICE_0048,,Utilities transaction,2026-07-03T04:45:01.430392
2891,48,48,DEBIT,2626.82,BigBasket,Groceries,Pune,DEVICE_0048,,Groceries transaction,2026-06-24T04:45:01.430392
2892,48,48,DEBIT,1986.16,Amazon,Shopping,Pune,DEVICE_0048,,Shopping transaction,2026-06-19T04:45:01.430392
2893,48,48,DEBIT,4211.65,Flipkart,Shopping,Pune,DEVICE_0048,,Shopping transaction,2026-09-06T04:45:01.430392
2894,48,48,DEBIT,1228.45,Electricity Board,Utilities,Pune,DEVICE_0048,,Utilities transaction,2026-03-20T04:45:01.430392
2895,48,48,DEBIT,4565.71,BigBasket,Groceries,Pune,DEVICE_0048,,Groceries transaction,2026-07-11T04:45:01.430392
2896,48,48,DEBIT,949.74,Zomato,Food,Pune,DEVICE_0048,,Food transaction,2026-06-25T04:45:01.430392
2897,48,48,DEBIT,3053.4,Flipkart,Shopping,Pune,DEVICE_0048,,Shopping transaction,2026-08-19T04:45:01.430392
2898,48,48,DEBIT,2387.77,Amazon,Shopping,Pune,DEVICE_0048,,Shopping transaction,2026-09-06T04:45:01.430392
2899,48,48,DEBIT,3833.88,BookMyShow,Entertainment,Pune,DEVICE_0048,,Entertainment transaction,2026-06-19T04:45:01.430392
2900,48,48,DEBIT,1341.41,Jio,Utilities,Pune,DEVICE_0048,,Utilities transaction,2026-08-16T04:45:01.430392
2901,48,48,DEBIT,1286.48,Reliance Fresh,Groceries,Pune,DEVICE_0048,,Groceries transaction,2026-06-17T04:45:01.430392
2902,48,48,DEBIT,448.11,Jio,Utilities,Pune,DEVICE_0048,,Utilities transaction,2026-06-19T04:45:01.430392
2903,48,48,DEBIT,3819.7,Netflix,Entertainment,Pune,DEVICE_0048,,Entertainment transaction,2026-08-25T04:45:01.430392
2904,48,48,DEBIT,2934.75,Airtel,Utilities,Pune,DEVICE_0048,,Utilities transaction,2026-05-23T04:45:01.430392
2905,48,48,DEBIT,636.08,Airtel,Utilities,Pune,DEVICE_0048,,Utilities transaction,2026-05-21T04:45:01.430392
2906,48,48,DEBIT,768.98,BookMyShow,Entertainment,Pune,DEVICE_0048,,Entertainment transaction,2026-08-28T04:45:01.430392
2907,48,48,DEBIT,1920.23,Amazon,Shopping,Pune,DEVICE_0048,,Shopping transaction,2026-03-19T04:45:01.430392
2908,48,48,DEBIT,3767.44,Flipkart,Shopping,Pune,DEVICE_0048,,Shopping transaction,2026-08-28T04:45:01.430392
2909,48,48,DEBIT,2214.34,Airtel,Utilities,Pune,DEVICE_0048,,Utilities transaction,2026-06-27T04:45:01.430392
2910,48,48,DEBIT,3054.26,BookMyShow,Entertainment,Pune,DEVICE_0048,,Entertainment transaction,2026-08-27T04:45:01.430392
2911,48,48,DEBIT,3288.46,Flipkart,Shopping,Pune,DEVICE_0048,,Shopping transaction,2026-04-22T04:45:01.430392
2912,48,48,DEBIT,1544.28,Amazon,Shopping,Pune,DEVICE_0048,,Shopping transaction,2026-06-07T04:45:01.430392
2913,48,48,DEBIT,636.81,BigBasket,Groceries,Pune,DEVICE_0048,,Groceries transaction,2026-05-30T04:45:01.430392
2914,48,48,DEBIT,4140.92,Zomato,Food,Pune,DEVICE_0048,,Food transaction,2026-03-28T04:45:01.430392
2915,48,48,DEBIT,248.35,BookMyShow,Entertainment,Pune,DEVICE_0048,,Entertainment transaction,2026-06-06T04:45:01.430392
2916,48,48,DEBIT,3824.5,Reliance Fresh,Groceries,Pune,DEVICE_0048,,Groceries transaction,2026-04-07T04:45:01.430392
2917,48,48,DEBIT,661.64,BookMyShow,Entertainment,Pune,DEVICE_0048,,Entertainment transaction,2026-03-30T04:45:01.430392
2918,48,48,DEBIT,3768.73,Apollo Pharmacy,Healthcare,Pune,DEVICE_0048,,Healthcare transaction,2026-05-19T04:45:01.430392
2919,48,48,DEBIT,1695.97,Netflix,Entertainment,Pune,DEVICE_0048,,Entertainment transaction,2026-07-25T04:45:01.430392
2920,48,48,DEBIT,668.08,Flipkart,Shopping,Pune,DEVICE_0048,,Shopping transaction,2026-04-13T04:45:01.430392
2921,48,48,DEBIT,507.88,Electricity Board,Utilities,Pune,DEVICE_0048,,Utilities transaction,2026-07-25T04:45:01.430392
2922,48,48,DEBIT,774.25,BookMyShow,Entertainment,Pune,DEVICE_0048,,Entertainment transaction,2026-05-05T04:45:01.430392
2923,48,48,DEBIT,1819.94,Uber,Transport,Pune,DEVICE_0048,,Transport transaction,2026-05-12T04:45:01.430392
2924,48,48,DEBIT,3029.95,Electricity Board,Utilities,Pune,DEVICE_0048,,Utilities transaction,2026-07-27T04:45:01.430392
2925,48,48,DEBIT,827.54,Zomato,Food,Pune,DEVICE_0048,,Food transaction,2026-09-01T04:45:01.430392
2926,48,48,DEBIT,781.99,Amazon,Shopping,Pune,DEVICE_0048,,Shopping transaction,2026-04-16T04:45:01.430392
2927,48,48,DEBIT,2538.92,BigBasket,Groceries,Pune,DEVICE_0048,,Groceries transaction,2026-03-30T04:45:01.430392
2928,48,48,DEBIT,1830.66,Airtel,Utilities,Pune,DEVICE_0048,,Utilities transaction,2026-04-16T04:45:01.430392
2929,49,49,CREDIT,86762.23,Employer,Salary,Vadodara,DEVICE_0049,,Monthly salary credit,2026-08-26T04:45:01.430392
2930,49,49,DEBIT,1181.65,Airtel,Utilities,Vadodara,DEVICE_0049,,Utilities transaction,2026-05-15T04:45:01.430392
2931,49,49,DEBIT,4267.03,Uber,Transport,Vadodara,DEVICE_0049,,Transport transaction,2026-06-30T04:45:01.430392
2932,49,49,DEBIT,6740.58,Ola,Transport,Vadodara,DEVICE_0049,,Transport transaction,2026-05-03T04:45:01.430392
2933,49,49,DEBIT,4633.39,BookMyShow,Entertainment,Vadodara,DEVICE_0049,,Entertainment transaction,2026-08-06T04:45:01.430392
2934,49,49,DEBIT,1800.22,Amazon,Shopping,Vadodara,DEVICE_0049,,Shopping transaction,2026-04-22T04:45:01.430392
2935,49,49,DEBIT,568.11,Jio,Utilities,Vadodara,DEVICE_0049,,Utilities transaction,2026-06-16T04:45:01.430392
2936,49,49,DEBIT,6782.64,Zomato,Food,Vadodara,DEVICE_0049,,Food transaction,2026-04-02T04:45:01.430392
2937,49,49,DEBIT,5493.45,Zomato,Food,Vadodara,DEVICE_0049,,Food transaction,2026-06-17T04:45:01.430392
2938,49,49,DEBIT,4702.03,Zomato,Food,Vadodara,DEVICE_0049,,Food transaction,2026-03-19T04:45:01.430392
2939,49,49,DEBIT,6819.12,Electricity Board,Utilities,Vadodara,DEVICE_0049,,Utilities transaction,2026-04-12T04:45:01.430392
2940,49,49,DEBIT,2432.24,Electricity Board,Utilities,Vadodara,DEVICE_0049,,Utilities transaction,2026-04-17T04:45:01.430392
2941,49,49,DEBIT,6692.0,BookMyShow,Entertainment,Vadodara,DEVICE_0049,,Entertainment transaction,2026-04-08T04:45:01.430392
2942,49,49,DEBIT,3022.42,Uber,Transport,Vadodara,DEVICE_0049,,Transport transaction,2026-08-02T04:45:01.430392
2943,49,49,DEBIT,3262.44,Flipkart,Shopping,Vadodara,DEVICE_0049,,Shopping transaction,2026-09-02T04:45:01.430392
2944,49,49,DEBIT,1679.01,Reliance Fresh,Groceries,Vadodara,DEVICE_0049,,Groceries transaction,2026-09-12T04:45:01.430392
2945,49,49,DEBIT,1703.41,Apollo Pharmacy,Healthcare,Vadodara,DEVICE_0049,,Healthcare transaction,2026-07-16T04:45:01.430392
2946,49,49,DEBIT,4405.83,Reliance Fresh,Groceries,Vadodara,DEVICE_0049,,Groceries transaction,2026-07-13T04:45:01.430392
2947,49,49,DEBIT,5151.83,Reliance Fresh,Groceries,Vadodara,DEVICE_0049,,Groceries transaction,2026-06-20T04:45:01.430392
2948,49,49,DEBIT,5188.87,Airtel,Utilities,Vadodara,DEVICE_0049,,Utilities transaction,2026-07-22T04:45:01.430392
2949,49,49,DEBIT,1441.99,BigBasket,Groceries,Vadodara,DEVICE_0049,,Groceries transaction,2026-09-11T04:45:01.430392
2950,49,49,DEBIT,266.68,Ola,Transport,Vadodara,DEVICE_0049,,Transport transaction,2026-06-13T04:45:01.430392
2951,49,49,DEBIT,3939.16,Amazon,Shopping,Vadodara,DEVICE_0049,,Shopping transaction,2026-08-07T04:45:01.430392
2952,49,49,DEBIT,3168.78,Uber,Transport,Vadodara,DEVICE_0049,,Transport transaction,2026-04-04T04:45:01.430392
2953,49,49,DEBIT,6352.55,BookMyShow,Entertainment,Vadodara,DEVICE_0049,,Entertainment transaction,2026-06-12T04:45:01.430392
2954,49,49,DEBIT,6774.54,Amazon,Shopping,Vadodara,DEVICE_0049,,Shopping transaction,2026-07-24T04:45:01.430392
2955,49,49,DEBIT,2115.12,Zomato,Food,Vadodara,DEVICE_0049,,Food transaction,2026-07-18T04:45:01.430392
2956,49,49,DEBIT,5045.66,Uber,Transport,Vadodara,DEVICE_0049,,Transport transaction,2026-06-18T04:45:01.430392
2957,49,49,DEBIT,3937.91,Jio,Utilities,Vadodara,DEVICE_0049,,Utilities transaction,2026-07-29T04:45:01.430392
2958,49,49,DEBIT,344.88,Zomato,Food,Vadodara,DEVICE_0049,,Food transaction,2026-07-07T04:45:01.430392
2959,49,49,DEBIT,341.52,Flipkart,Shopping,Vadodara,DEVICE_0049,,Shopping transaction,2026-03-23T04:45:01.430392
2960,49,49,DEBIT,2754.31,Swiggy,Food,Vadodara,DEVICE_0049,,Food transaction,2026-08-15T04:45:01.430392
2961,49,49,DEBIT,6510.32,Ola,Transport,Vadodara,DEVICE_0049,,Transport transaction,2026-06-26T04:45:01.430392
2962,49,49,DEBIT,1818.85,Reliance Fresh,Groceries,Vadodara,DEVICE_0049,,Groceries transaction,2026-06-09T04:45:01.430392
2963,49,49,DEBIT,1355.13,Apollo Pharmacy,Healthcare,Vadodara,DEVICE_0049,,Healthcare transaction,2026-05-01T04:45:01.430392
2964,49,49,DEBIT,6925.44,Airtel,Utilities,Vadodara,DEVICE_0049,,Utilities transaction,2026-05-24T04:45:01.430392
2965,49,49,DEBIT,640.71,Electricity Board,Utilities,Vadodara,DEVICE_0049,,Utilities transaction,2026-08-07T04:45:01.430392
2966,49,49,DEBIT,5558.39,Swiggy,Food,Vadodara,DEVICE_0049,,Food transaction,2026-07-25T04:45:01.430392
2967,49,49,DEBIT,2749.41,Netflix,Entertainment,Vadodara,DEVICE_0049,,Entertainment transaction,2026-06-09T04:45:01.430392
2968,49,49,DEBIT,4241.55,Ola,Transport,Vadodara,DEVICE_0049,,Transport transaction,2026-04-03T04:45:01.430392
2969,49,49,DEBIT,6408.53,Zomato,Food,Vadodara,DEVICE_0049,,Food transaction,2026-04-08T04:45:01.430392
2970,49,49,DEBIT,1474.73,BookMyShow,Entertainment,Vadodara,DEVICE_0049,,Entertainment transaction,2026-04-28T04:45:01.430392
2971,49,49,DEBIT,5522.59,Uber,Transport,Vadodara,DEVICE_0049,,Transport transaction,2026-06-21T04:45:01.430392
2972,49,49,DEBIT,559.02,Zomato,Food,Vadodara,DEVICE_0049,,Food transaction,2026-07-03T04:45:01.430392
2973,49,49,DEBIT,1052.45,Jio,Utilities,Vadodara,DEVICE_0049,,Utilities transaction,2026-05-05T04:45:01.430392
2974,49,49,DEBIT,6171.39,BookMyShow,Entertainment,Vadodara,DEVICE_0049,,Entertainment transaction,2026-07-21T04:45:01.430392
2975,49,49,DEBIT,748.77,Electricity Board,Utilities,Vadodara,DEVICE_0049,,Utilities transaction,2026-05-15T04:45:01.430392
2976,49,49,DEBIT,4672.65,Airtel,Utilities,Vadodara,DEVICE_0049,,Utilities transaction,2026-08-27T04:45:01.430392
2977,49,49,DEBIT,3628.55,Swiggy,Food,Vadodara,DEVICE_0049,,Food transaction,2026-03-31T04:45:01.430392
2978,49,49,DEBIT,3632.23,Airtel,Utilities,Vadodara,DEVICE_0049,,Utilities transaction,2026-05-08T04:45:01.430392
2979,49,49,DEBIT,3329.62,Netflix,Entertainment,Vadodara,DEVICE_0049,,Entertainment transaction,2026-06-22T04:45:01.430392
2980,49,49,DEBIT,2720.31,Electricity Board,Utilities,Vadodara,DEVICE_0049,,Utilities transaction,2026-03-19T04:45:01.430392
2981,49,49,DEBIT,5024.18,Reliance Fresh,Groceries,Vadodara,DEVICE_0049,,Groceries transaction,2026-05-09T04:45:01.430392
2982,49,49,DEBIT,2008.84,Reliance Fresh,Groceries,Vadodara,DEVICE_0049,,Groceries transaction,2026-06-02T04:45:01.430392
2983,49,49,DEBIT,6409.69,Apollo Pharmacy,Healthcare,Vadodara,DEVICE_0049,,Healthcare transaction,2026-04-16T04:45:01.430392
2984,49,49,DEBIT,446.75,Apollo Pharmacy,Healthcare,Vadodara,DEVICE_0049,,Healthcare transaction,2026-07-18T04:45:01.430392
2985,49,49,DEBIT,3247.46,Zomato,Food,Vadodara,DEVICE_0049,,Food transaction,2026-07-14T04:45:01.430392
2986,49,49,DEBIT,1673.54,BigBasket,Groceries,Vadodara,DEVICE_0049,,Groceries transaction,2026-05-27T04:45:01.430392
2987,49,49,DEBIT,4051.6,BigBasket,Groceries,Vadodara,DEVICE_0049,,Groceries transaction,2026-06-09T04:45:01.430392
2988,49,49,DEBIT,3911.26,Uber,Transport,Vadodara,DEVICE_0049,,Transport transaction,2026-08-09T04:45:01.430392
2989,49,49,DEBIT,766.43,Airtel,Utilities,Vadodara,DEVICE_0049,,Utilities transaction,2026-05-22T04:45:01.430392
2990,50,50,CREDIT,170581.76,Employer,Salary,Bengaluru,DEVICE_0050,,Monthly salary credit,2026-08-27T04:45:01.430392
2991,50,50,DEBIT,3295.09,Ola,Transport,Bengaluru,DEVICE_0050,,Transport transaction,2026-09-02T04:45:01.430392
2992,50,50,DEBIT,7088.15,Reliance Fresh,Groceries,Bengaluru,DEVICE_0050,,Groceries transaction,2026-06-18T04:45:01.430392
2993,50,50,DEBIT,6266.42,BigBasket,Groceries,Bengaluru,DEVICE_0050,,Groceries transaction,2026-05-25T04:45:01.430392
2994,50,50,DEBIT,5141.76,BigBasket,Groceries,Bengaluru,DEVICE_0050,,Groceries transaction,2026-05-08T04:45:01.430392
2995,50,50,DEBIT,3871.17,Ola,Transport,Bengaluru,DEVICE_0050,,Transport transaction,2026-09-06T04:45:01.430392
2996,50,50,DEBIT,6139.18,Swiggy,Food,Bengaluru,DEVICE_0050,,Food transaction,2026-07-07T04:45:01.430392
2997,50,50,DEBIT,1220.44,Apollo Pharmacy,Healthcare,Bengaluru,DEVICE_0050,,Healthcare transaction,2026-08-22T04:45:01.430392
2998,50,50,DEBIT,11530.1,Uber,Transport,Bengaluru,DEVICE_0050,,Transport transaction,2026-05-04T04:45:01.430392
2999,50,50,DEBIT,8854.93,Netflix,Entertainment,Bengaluru,DEVICE_0050,,Entertainment transaction,2026-07-04T04:45:01.430392
3000,50,50,DEBIT,1523.26,Zomato,Food,Bengaluru,DEVICE_0050,,Food transaction,2026-08-25T04:45:01.430392
3001,50,50,DEBIT,714.75,Ola,Transport,Bengaluru,DEVICE_0050,,Transport transaction,2026-07-23T04:45:01.430392
3002,50,50,DEBIT,2844.21,Ola,Transport,Bengaluru,DEVICE_0050,,Transport transaction,2026-06-20T04:45:01.430392
3003,50,50,DEBIT,4270.48,Uber,Transport,Bengaluru,DEVICE_0050,,Transport transaction,2026-03-22T04:45:01.430392
3004,50,50,DEBIT,3890.6,Jio,Utilities,Bengaluru,DEVICE_0050,,Utilities transaction,2026-03-16T04:45:01.430392
3005,50,50,DEBIT,13619.59,BookMyShow,Entertainment,Bengaluru,DEVICE_0050,,Entertainment transaction,2026-04-26T04:45:01.430392
3006,50,50,DEBIT,314.75,Uber,Transport,Bengaluru,DEVICE_0050,,Transport transaction,2026-06-28T04:45:01.430392
3007,50,50,DEBIT,11257.21,Uber,Transport,Bengaluru,DEVICE_0050,,Transport transaction,2026-06-01T04:45:01.430392
3008,50,50,DEBIT,11251.19,BigBasket,Groceries,Bengaluru,DEVICE_0050,,Groceries transaction,2026-03-29T04:45:01.430392
3009,50,50,DEBIT,6546.82,Amazon,Shopping,Bengaluru,DEVICE_0050,,Shopping transaction,2026-05-04T04:45:01.430392
3010,50,50,DEBIT,12994.23,Airtel,Utilities,Bengaluru,DEVICE_0050,,Utilities transaction,2026-06-03T04:45:01.430392
3011,50,50,DEBIT,3251.37,Zomato,Food,Bengaluru,DEVICE_0050,,Food transaction,2026-07-21T04:45:01.430392
3012,50,50,DEBIT,3342.77,Reliance Fresh,Groceries,Bengaluru,DEVICE_0050,,Groceries transaction,2026-04-15T04:45:01.430392
3013,50,50,DEBIT,7630.76,Airtel,Utilities,Bengaluru,DEVICE_0050,,Utilities transaction,2026-05-16T04:45:01.430392
3014,50,50,DEBIT,11150.83,Electricity Board,Utilities,Bengaluru,DEVICE_0050,,Utilities transaction,2026-06-17T04:45:01.430392
3015,50,50,DEBIT,1354.73,Airtel,Utilities,Bengaluru,DEVICE_0050,,Utilities transaction,2026-07-26T04:45:01.430392
3016,50,50,DEBIT,10555.6,BigBasket,Groceries,Bengaluru,DEVICE_0050,,Groceries transaction,2026-03-18T04:45:01.430392
3017,50,50,DEBIT,3018.19,BigBasket,Groceries,Bengaluru,DEVICE_0050,,Groceries transaction,2026-05-20T04:45:01.430392
3018,50,50,DEBIT,7709.18,Jio,Utilities,Bengaluru,DEVICE_0050,,Utilities transaction,2026-06-09T04:45:01.430392
3019,50,50,DEBIT,7965.49,Swiggy,Food,Bengaluru,DEVICE_0050,,Food transaction,2026-08-11T04:45:01.430392
3020,50,50,DEBIT,12884.85,Uber,Transport,Bengaluru,DEVICE_0050,,Transport transaction,2026-09-10T04:45:01.430392
3021,50,50,DEBIT,11097.1,Reliance Fresh,Groceries,Bengaluru,DEVICE_0050,,Groceries transaction,2026-06-14T04:45:01.430392
3022,50,50,DEBIT,3232.07,Ola,Transport,Bengaluru,DEVICE_0050,,Transport transaction,2026-05-27T04:45:01.430392
3023,50,50,DEBIT,10320.22,Apollo Pharmacy,Healthcare,Bengaluru,DEVICE_0050,,Healthcare transaction,2026-03-20T04:45:01.430392
3024,50,50,DEBIT,4229.08,Netflix,Entertainment,Bengaluru,DEVICE_0050,,Entertainment transaction,2026-04-15T04:45:01.430392
3025,50,50,DEBIT,7831.95,Amazon,Shopping,Bengaluru,DEVICE_0050,,Shopping transaction,2026-09-04T04:45:01.430392
3026,50,50,DEBIT,2266.62,Swiggy,Food,Bengaluru,DEVICE_0050,,Food transaction,2026-06-20T04:45:01.430392
3027,50,50,DEBIT,8669.16,BookMyShow,Entertainment,Bengaluru,DEVICE_0050,,Entertainment transaction,2026-04-11T04:45:01.430392
3028,50,50,DEBIT,7916.68,BookMyShow,Entertainment,Bengaluru,DEVICE_0050,,Entertainment transaction,2026-06-04T04:45:01.430392
3029,50,50,DEBIT,2945.85,BigBasket,Groceries,Bengaluru,DEVICE_0050,,Groceries transaction,2026-06-04T04:45:01.430392
3030,50,50,DEBIT,7387.05,Flipkart,Shopping,Bengaluru,DEVICE_0050,,Shopping transaction,2026-07-26T04:45:01.430392
3031,50,50,DEBIT,1660.81,Reliance Fresh,Groceries,Bengaluru,DEVICE_0050,,Groceries transaction,2026-04-20T04:45:01.430392
3032,50,50,DEBIT,8792.38,Reliance Fresh,Groceries,Bengaluru,DEVICE_0050,,Groceries transaction,2026-06-27T04:45:01.430392
3033,50,50,DEBIT,2505.06,Flipkart,Shopping,Bengaluru,DEVICE_0050,,Shopping transaction,2026-03-24T04:45:01.430392
3034,50,50,DEBIT,2588.59,Netflix,Entertainment,Bengaluru,DEVICE_0050,,Entertainment transaction,2026-03-20T04:45:01.430392
3035,50,50,DEBIT,6770.16,BookMyShow,Entertainment,Bengaluru,DEVICE_0050,,Entertainment transaction,2026-07-27T04:45:01.430392
3036,50,50,DEBIT,1134.41,Zomato,Food,Bengaluru,DEVICE_0050,,Food transaction,2026-06-06T04:45:01.430392
3037,50,50,DEBIT,2968.54,Uber,Transport,Bengaluru,DEVICE_0050,,Transport transaction,2026-06-30T04:45:01.430392
3038,50,50,DEBIT,7251.31,Apollo Pharmacy,Healthcare,Bengaluru,DEVICE_0050,,Healthcare transaction,2026-05-19T04:45:01.430392
3039,50,50,DEBIT,5157.1,Amazon,Shopping,Bengaluru,DEVICE_0050,,Shopping transaction,2026-09-10T04:45:01.430392
3040,50,50,DEBIT,4593.95,Swiggy,Food,Bengaluru,DEVICE_0050,,Food transaction,2026-05-30T04:45:01.430392
3041,50,50,DEBIT,2311.58,BigBasket,Groceries,Bengaluru,DEVICE_0050,,Groceries transaction,2026-08-15T04:45:01.430392
3042,50,50,DEBIT,7413.44,Swiggy,Food,Bengaluru,DEVICE_0050,,Food transaction,2026-05-13T04:45:01.430392
3043,50,50,DEBIT,1124.62,Electricity Board,Utilities,Bengaluru,DEVICE_0050,,Utilities transaction,2026-07-22T04:45:01.430392
3044,50,50,DEBIT,11904.53,Swiggy,Food,Bengaluru,DEVICE_0050,,Food transaction,2026-06-25T04:45:01.430392
3045,50,50,DEBIT,11197.87,BigBasket,Groceries,Bengaluru,DEVICE_0050,,Groceries transaction,2026-03-26T04:45:01.430392
3046,50,50,DEBIT,2335.06,Reliance Fresh,Groceries,Bengaluru,DEVICE_0050,,Groceries transaction,2026-04-18T04:45:01.430392
3047,50,50,DEBIT,8099.73,Uber,Transport,Bengaluru,DEVICE_0050,,Transport transaction,2026-05-07T04:45:01.430392
3048,50,50,DEBIT,9408.67,Electricity Board,Utilities,Bengaluru,DEVICE_0050,,Utilities transaction,2026-07-04T04:45:01.430392
3049,50,50,DEBIT,300.09,Zomato,Food,Bengaluru,DEVICE_0050,,Food transaction,2026-08-07T04:45:01.430392
3050,50,50,DEBIT,1060.18,Reliance Fresh,Groceries,Bengaluru,DEVICE_0050,,Groceries transaction,2026-06-02T04:45:01.430392
3051,51,51,CREDIT,92357.38,Employer,Salary,Vadodara,DEVICE_0051,,Monthly salary credit,2026-08-24T04:45:01.430392
3052,51,51,DEBIT,1974.43,Airtel,Utilities,Vadodara,DEVICE_0051,,Utilities transaction,2026-06-20T04:45:01.430392
3053,51,51,DEBIT,6520.49,BookMyShow,Entertainment,Vadodara,DEVICE_0051,,Entertainment transaction,2026-05-18T04:45:01.430392
3054,51,51,DEBIT,4341.58,Reliance Fresh,Groceries,Vadodara,DEVICE_0051,,Groceries transaction,2026-08-20T04:45:01.430392
3055,51,51,DEBIT,4845.98,Uber,Transport,Vadodara,DEVICE_0051,,Transport transaction,2026-05-19T04:45:01.430392
3056,51,51,DEBIT,5234.29,Ola,Transport,Vadodara,DEVICE_0051,,Transport transaction,2026-06-28T04:45:01.430392
3057,51,51,DEBIT,4606.8,BigBasket,Groceries,Vadodara,DEVICE_0051,,Groceries transaction,2026-07-30T04:45:01.430392
3058,51,51,DEBIT,1990.93,BigBasket,Groceries,Vadodara,DEVICE_0051,,Groceries transaction,2026-04-07T04:45:01.430392
3059,51,51,DEBIT,3306.02,Electricity Board,Utilities,Vadodara,DEVICE_0051,,Utilities transaction,2026-06-06T04:45:01.430392
3060,51,51,DEBIT,1518.71,Apollo Pharmacy,Healthcare,Vadodara,DEVICE_0051,,Healthcare transaction,2026-04-20T04:45:01.430392
3061,51,51,DEBIT,3029.08,Flipkart,Shopping,Vadodara,DEVICE_0051,,Shopping transaction,2026-09-01T04:45:01.430392
3062,51,51,DEBIT,6565.8,Zomato,Food,Vadodara,DEVICE_0051,,Food transaction,2026-08-03T04:45:01.430392
3063,51,51,DEBIT,6544.33,Uber,Transport,Vadodara,DEVICE_0051,,Transport transaction,2026-04-28T04:45:01.430392
3064,51,51,DEBIT,4992.32,Uber,Transport,Vadodara,DEVICE_0051,,Transport transaction,2026-08-26T04:45:01.430392
3065,51,51,DEBIT,5422.78,Electricity Board,Utilities,Vadodara,DEVICE_0051,,Utilities transaction,2026-07-19T04:45:01.430392
3066,51,51,DEBIT,3156.51,Reliance Fresh,Groceries,Vadodara,DEVICE_0051,,Groceries transaction,2026-04-24T04:45:01.430392
3067,51,51,DEBIT,7354.92,Flipkart,Shopping,Vadodara,DEVICE_0051,,Shopping transaction,2026-08-24T04:45:01.430392
3068,51,51,DEBIT,956.42,Airtel,Utilities,Vadodara,DEVICE_0051,,Utilities transaction,2026-06-21T04:45:01.430392
3069,51,51,DEBIT,3441.59,BigBasket,Groceries,Vadodara,DEVICE_0051,,Groceries transaction,2026-07-10T04:45:01.430392
3070,51,51,DEBIT,3837.89,Zomato,Food,Vadodara,DEVICE_0051,,Food transaction,2026-05-17T04:45:01.430392
3071,51,51,DEBIT,726.17,Amazon,Shopping,Vadodara,DEVICE_0051,,Shopping transaction,2026-03-19T04:45:01.430392
3072,51,51,DEBIT,5589.55,Apollo Pharmacy,Healthcare,Vadodara,DEVICE_0051,,Healthcare transaction,2026-06-07T04:45:01.430392
3073,51,51,DEBIT,5562.38,Ola,Transport,Vadodara,DEVICE_0051,,Transport transaction,2026-07-25T04:45:01.430392
3074,51,51,DEBIT,471.55,BigBasket,Groceries,Vadodara,DEVICE_0051,,Groceries transaction,2026-07-10T04:45:01.430392
3075,51,51,DEBIT,5297.43,Flipkart,Shopping,Vadodara,DEVICE_0051,,Shopping transaction,2026-08-09T04:45:01.430392
3076,51,51,DEBIT,5018.48,Ola,Transport,Vadodara,DEVICE_0051,,Transport transaction,2026-05-17T04:45:01.430392
3077,51,51,DEBIT,3516.51,Reliance Fresh,Groceries,Vadodara,DEVICE_0051,,Groceries transaction,2026-08-22T04:45:01.430392
3078,51,51,DEBIT,4923.07,Netflix,Entertainment,Vadodara,DEVICE_0051,,Entertainment transaction,2026-05-23T04:45:01.430392
3079,51,51,DEBIT,3584.3,Swiggy,Food,Vadodara,DEVICE_0051,,Food transaction,2026-07-03T04:45:01.430392
3080,51,51,DEBIT,1360.0,Jio,Utilities,Vadodara,DEVICE_0051,,Utilities transaction,2026-09-08T04:45:01.430392
3081,51,51,DEBIT,922.56,BookMyShow,Entertainment,Vadodara,DEVICE_0051,,Entertainment transaction,2026-06-29T04:45:01.430392
3082,51,51,DEBIT,4043.41,Flipkart,Shopping,Vadodara,DEVICE_0051,,Shopping transaction,2026-06-04T04:45:01.430392
3083,51,51,DEBIT,757.73,Swiggy,Food,Vadodara,DEVICE_0051,,Food transaction,2026-09-10T04:45:01.430392
3084,51,51,DEBIT,2164.3,Apollo Pharmacy,Healthcare,Vadodara,DEVICE_0051,,Healthcare transaction,2026-05-23T04:45:01.430392
3085,51,51,DEBIT,1479.14,Ola,Transport,Vadodara,DEVICE_0051,,Transport transaction,2026-09-04T04:45:01.430392
3086,51,51,DEBIT,4026.48,Apollo Pharmacy,Healthcare,Vadodara,DEVICE_0051,,Healthcare transaction,2026-05-22T04:45:01.430392
3087,51,51,DEBIT,543.3,Electricity Board,Utilities,Vadodara,DEVICE_0051,,Utilities transaction,2026-04-03T04:45:01.430392
3088,51,51,DEBIT,3958.73,Airtel,Utilities,Vadodara,DEVICE_0051,,Utilities transaction,2026-03-27T04:45:01.430392
3089,51,51,DEBIT,4944.76,Electricity Board,Utilities,Vadodara,DEVICE_0051,,Utilities transaction,2026-08-17T04:45:01.430392
3090,51,51,DEBIT,5162.62,BigBasket,Groceries,Vadodara,DEVICE_0051,,Groceries transaction,2026-05-22T04:45:01.430392
3091,51,51,DEBIT,4500.25,Amazon,Shopping,Vadodara,DEVICE_0051,,Shopping transaction,2026-08-31T04:45:01.430392
3092,51,51,DEBIT,2912.94,Airtel,Utilities,Vadodara,DEVICE_0051,,Utilities transaction,2026-07-23T04:45:01.430392
3093,51,51,DEBIT,2893.17,Zomato,Food,Vadodara,DEVICE_0051,,Food transaction,2026-07-13T04:45:01.430392
3094,51,51,DEBIT,856.94,Zomato,Food,Vadodara,DEVICE_0051,,Food transaction,2026-05-28T04:45:01.430392
3095,51,51,DEBIT,7311.61,Amazon,Shopping,Vadodara,DEVICE_0051,,Shopping transaction,2026-06-18T04:45:01.430392
3096,51,51,DEBIT,1581.3,Jio,Utilities,Vadodara,DEVICE_0051,,Utilities transaction,2026-03-25T04:45:01.430392
3097,51,51,DEBIT,1785.57,Flipkart,Shopping,Vadodara,DEVICE_0051,,Shopping transaction,2026-08-19T04:45:01.430392
3098,51,51,DEBIT,6205.24,Airtel,Utilities,Vadodara,DEVICE_0051,,Utilities transaction,2026-03-26T04:45:01.430392
3099,51,51,DEBIT,5404.62,Swiggy,Food,Vadodara,DEVICE_0051,,Food transaction,2026-09-01T04:45:01.430392
3100,51,51,DEBIT,3884.15,BigBasket,Groceries,Vadodara,DEVICE_0051,,Groceries transaction,2026-06-21T04:45:01.430392
3101,51,51,DEBIT,4240.38,Ola,Transport,Vadodara,DEVICE_0051,,Transport transaction,2026-07-26T04:45:01.430392
3102,51,51,DEBIT,1688.9,BookMyShow,Entertainment,Vadodara,DEVICE_0051,,Entertainment transaction,2026-04-27T04:45:01.430392
3103,51,51,DEBIT,6949.53,BigBasket,Groceries,Vadodara,DEVICE_0051,,Groceries transaction,2026-08-13T04:45:01.430392
3104,51,51,DEBIT,1736.78,Zomato,Food,Vadodara,DEVICE_0051,,Food transaction,2026-06-13T04:45:01.430392
3105,51,51,DEBIT,1448.09,Ola,Transport,Vadodara,DEVICE_0051,,Transport transaction,2026-06-02T04:45:01.430392
3106,51,51,DEBIT,2473.32,Apollo Pharmacy,Healthcare,Vadodara,DEVICE_0051,,Healthcare transaction,2026-06-05T04:45:01.430392
3107,51,51,DEBIT,3497.95,Zomato,Food,Vadodara,DEVICE_0051,,Food transaction,2026-08-27T04:45:01.430392
3108,51,51,DEBIT,6059.31,Apollo Pharmacy,Healthcare,Vadodara,DEVICE_0051,,Healthcare transaction,2026-03-30T04:45:01.430392
3109,51,51,DEBIT,2852.45,BookMyShow,Entertainment,Vadodara,DEVICE_0051,,Entertainment transaction,2026-08-26T04:45:01.430392
3110,51,51,DEBIT,3155.21,Zomato,Food,Vadodara,DEVICE_0051,,Food transaction,2026-04-12T04:45:01.430392
3111,51,51,DEBIT,7267.12,Reliance Fresh,Groceries,Vadodara,DEVICE_0051,,Groceries transaction,2026-08-17T04:45:01.430392
3112,52,52,CREDIT,54462.21,Employer,Salary,Vadodara,DEVICE_0052,,Monthly salary credit,2026-08-21T04:45:01.430392
3113,52,52,DEBIT,3489.25,Netflix,Entertainment,Vadodara,DEVICE_0052,,Entertainment transaction,2026-04-20T04:45:01.430392
3114,52,52,DEBIT,1247.31,Swiggy,Food,Vadodara,DEVICE_0052,,Food transaction,2026-08-19T04:45:01.430392
3115,52,52,DEBIT,1548.33,BookMyShow,Entertainment,Vadodara,DEVICE_0052,,Entertainment transaction,2026-04-04T04:45:01.430392
3116,52,52,DEBIT,1815.26,Electricity Board,Utilities,Vadodara,DEVICE_0052,,Utilities transaction,2026-03-19T04:45:01.430392
3117,52,52,DEBIT,1580.31,Swiggy,Food,Vadodara,DEVICE_0052,,Food transaction,2026-04-03T04:45:01.430392
3118,52,52,DEBIT,3874.63,Airtel,Utilities,Vadodara,DEVICE_0052,,Utilities transaction,2026-06-23T04:45:01.430392
3119,52,52,DEBIT,2970.09,Jio,Utilities,Vadodara,DEVICE_0052,,Utilities transaction,2026-08-26T04:45:01.430392
3120,52,52,DEBIT,273.37,Ola,Transport,Vadodara,DEVICE_0052,,Transport transaction,2026-04-16T04:45:01.430392
3121,52,52,DEBIT,1789.51,Reliance Fresh,Groceries,Vadodara,DEVICE_0052,,Groceries transaction,2026-04-02T04:45:01.430392
3122,52,52,DEBIT,1166.19,Electricity Board,Utilities,Vadodara,DEVICE_0052,,Utilities transaction,2026-04-15T04:45:01.430392
3123,52,52,DEBIT,4308.68,Electricity Board,Utilities,Vadodara,DEVICE_0052,,Utilities transaction,2026-07-15T04:45:01.430392
3124,52,52,DEBIT,2762.15,Amazon,Shopping,Vadodara,DEVICE_0052,,Shopping transaction,2026-08-12T04:45:01.430392
3125,52,52,DEBIT,1182.69,Uber,Transport,Vadodara,DEVICE_0052,,Transport transaction,2026-05-26T04:45:01.430392
3126,52,52,DEBIT,1212.41,Airtel,Utilities,Vadodara,DEVICE_0052,,Utilities transaction,2026-08-23T04:45:01.430392
3127,52,52,DEBIT,771.81,Amazon,Shopping,Vadodara,DEVICE_0052,,Shopping transaction,2026-05-08T04:45:01.430392
3128,52,52,DEBIT,1039.76,Uber,Transport,Vadodara,DEVICE_0052,,Transport transaction,2026-06-08T04:45:01.430392
3129,52,52,DEBIT,2868.94,Zomato,Food,Vadodara,DEVICE_0052,,Food transaction,2026-07-14T04:45:01.430392
3130,52,52,DEBIT,2686.18,Electricity Board,Utilities,Vadodara,DEVICE_0052,,Utilities transaction,2026-05-22T04:45:01.430392
3131,52,52,DEBIT,3847.05,Electricity Board,Utilities,Vadodara,DEVICE_0052,,Utilities transaction,2026-08-09T04:45:01.430392
3132,52,52,DEBIT,1520.0,Uber,Transport,Vadodara,DEVICE_0052,,Transport transaction,2026-09-02T04:45:01.430392
3133,52,52,DEBIT,3491.41,Netflix,Entertainment,Vadodara,DEVICE_0052,,Entertainment transaction,2026-05-29T04:45:01.430392
3134,52,52,DEBIT,3578.42,Apollo Pharmacy,Healthcare,Vadodara,DEVICE_0052,,Healthcare transaction,2026-09-06T04:45:01.430392
3135,52,52,DEBIT,3720.69,Zomato,Food,Vadodara,DEVICE_0052,,Food transaction,2026-06-20T04:45:01.430392
3136,52,52,DEBIT,1207.02,Ola,Transport,Vadodara,DEVICE_0052,,Transport transaction,2026-04-27T04:45:01.430392
3137,52,52,DEBIT,3968.85,Amazon,Shopping,Vadodara,DEVICE_0052,,Shopping transaction,2026-03-26T04:45:01.430392
3138,52,52,DEBIT,3531.62,Zomato,Food,Vadodara,DEVICE_0052,,Food transaction,2026-03-18T04:45:01.430392
3139,52,52,DEBIT,1124.69,Electricity Board,Utilities,Vadodara,DEVICE_0052,,Utilities transaction,2026-06-07T04:45:01.430392
3140,52,52,DEBIT,1537.04,Netflix,Entertainment,Vadodara,DEVICE_0052,,Entertainment transaction,2026-05-22T04:45:01.430392
3141,52,52,DEBIT,225.12,Apollo Pharmacy,Healthcare,Vadodara,DEVICE_0052,,Healthcare transaction,2026-05-10T04:45:01.430392
3142,52,52,DEBIT,4164.35,Flipkart,Shopping,Vadodara,DEVICE_0052,,Shopping transaction,2026-08-30T04:45:01.430392
3143,52,52,DEBIT,4323.77,Apollo Pharmacy,Healthcare,Vadodara,DEVICE_0052,,Healthcare transaction,2026-07-22T04:45:01.430392
3144,52,52,DEBIT,581.44,Swiggy,Food,Vadodara,DEVICE_0052,,Food transaction,2026-04-14T04:45:01.430392
3145,52,52,DEBIT,3655.37,Netflix,Entertainment,Vadodara,DEVICE_0052,,Entertainment transaction,2026-07-22T04:45:01.430392
3146,52,52,DEBIT,2309.35,Zomato,Food,Vadodara,DEVICE_0052,,Food transaction,2026-05-26T04:45:01.430392
3147,52,52,DEBIT,2141.62,Electricity Board,Utilities,Vadodara,DEVICE_0052,,Utilities transaction,2026-08-01T04:45:01.430392
3148,52,52,DEBIT,1021.15,Electricity Board,Utilities,Vadodara,DEVICE_0052,,Utilities transaction,2026-05-27T04:45:01.430392
3149,52,52,DEBIT,2718.51,Swiggy,Food,Vadodara,DEVICE_0052,,Food transaction,2026-06-27T04:45:01.430392
3150,52,52,DEBIT,2596.17,Uber,Transport,Vadodara,DEVICE_0052,,Transport transaction,2026-04-03T04:45:01.430392
3151,52,52,DEBIT,1330.12,Zomato,Food,Vadodara,DEVICE_0052,,Food transaction,2026-05-12T04:45:01.430392
3152,52,52,DEBIT,4153.34,Flipkart,Shopping,Vadodara,DEVICE_0052,,Shopping transaction,2026-06-12T04:45:01.430392
3153,52,52,DEBIT,1770.16,BigBasket,Groceries,Vadodara,DEVICE_0052,,Groceries transaction,2026-05-15T04:45:01.430392
3154,52,52,DEBIT,1957.14,Reliance Fresh,Groceries,Vadodara,DEVICE_0052,,Groceries transaction,2026-04-09T04:45:01.430392
3155,52,52,DEBIT,2001.76,Electricity Board,Utilities,Vadodara,DEVICE_0052,,Utilities transaction,2026-08-04T04:45:01.430392
3156,52,52,DEBIT,4164.75,Jio,Utilities,Vadodara,DEVICE_0052,,Utilities transaction,2026-05-12T04:45:01.430392
3157,52,52,DEBIT,3367.32,Amazon,Shopping,Vadodara,DEVICE_0052,,Shopping transaction,2026-05-26T04:45:01.430392
3158,52,52,DEBIT,546.0,Jio,Utilities,Vadodara,DEVICE_0052,,Utilities transaction,2026-06-28T04:45:01.430392
3159,52,52,DEBIT,2433.12,BookMyShow,Entertainment,Vadodara,DEVICE_0052,,Entertainment transaction,2026-04-24T04:45:01.430392
3160,52,52,DEBIT,930.38,Electricity Board,Utilities,Vadodara,DEVICE_0052,,Utilities transaction,2026-06-07T04:45:01.430392
3161,52,52,DEBIT,1471.4,Reliance Fresh,Groceries,Vadodara,DEVICE_0052,,Groceries transaction,2026-07-02T04:45:01.430392
3162,52,52,DEBIT,2536.81,BigBasket,Groceries,Vadodara,DEVICE_0052,,Groceries transaction,2026-05-12T04:45:01.430392
3163,52,52,DEBIT,1585.25,Flipkart,Shopping,Vadodara,DEVICE_0052,,Shopping transaction,2026-05-15T04:45:01.430392
3164,52,52,DEBIT,843.19,Zomato,Food,Vadodara,DEVICE_0052,,Food transaction,2026-07-26T04:45:01.430392
3165,52,52,DEBIT,253.35,Amazon,Shopping,Vadodara,DEVICE_0052,,Shopping transaction,2026-05-07T04:45:01.430392
3166,52,52,DEBIT,3215.24,Electricity Board,Utilities,Vadodara,DEVICE_0052,,Utilities transaction,2026-05-10T04:45:01.430392
3167,52,52,DEBIT,4048.08,BigBasket,Groceries,Vadodara,DEVICE_0052,,Groceries transaction,2026-06-03T04:45:01.430392
3168,52,52,DEBIT,1751.15,Electricity Board,Utilities,Vadodara,DEVICE_0052,,Utilities transaction,2026-05-10T04:45:01.430392
3169,52,52,DEBIT,2864.82,Uber,Transport,Vadodara,DEVICE_0052,,Transport transaction,2026-04-15T04:45:01.430392
3170,52,52,DEBIT,1899.32,Flipkart,Shopping,Vadodara,DEVICE_0052,,Shopping transaction,2026-09-03T04:45:01.430392
3171,52,52,DEBIT,1799.71,Flipkart,Shopping,Vadodara,DEVICE_0052,,Shopping transaction,2026-04-21T04:45:01.430392
3172,52,52,DEBIT,1007.4,Swiggy,Food,Vadodara,DEVICE_0052,,Food transaction,2026-05-24T04:45:01.430392
3173,53,53,CREDIT,35845.94,Employer,Salary,Gandhinagar,DEVICE_0053,,Monthly salary credit,2026-09-04T04:45:01.430392
3174,53,53,DEBIT,2635.82,Airtel,Utilities,Gandhinagar,DEVICE_0053,,Utilities transaction,2026-06-15T04:45:01.430392
3175,53,53,DEBIT,2091.72,Netflix,Entertainment,Gandhinagar,DEVICE_0053,,Entertainment transaction,2026-04-03T04:45:01.430392
3176,53,53,DEBIT,1182.19,Electricity Board,Utilities,Gandhinagar,DEVICE_0053,,Utilities transaction,2026-08-29T04:45:01.430392
3177,53,53,DEBIT,1227.94,Apollo Pharmacy,Healthcare,Gandhinagar,DEVICE_0053,,Healthcare transaction,2026-05-27T04:45:01.430392
3178,53,53,DEBIT,858.36,Electricity Board,Utilities,Gandhinagar,DEVICE_0053,,Utilities transaction,2026-05-13T04:45:01.430392
3179,53,53,DEBIT,2658.18,Amazon,Shopping,Gandhinagar,DEVICE_0053,,Shopping transaction,2026-06-12T04:45:01.430392
3180,53,53,DEBIT,2084.87,Apollo Pharmacy,Healthcare,Gandhinagar,DEVICE_0053,,Healthcare transaction,2026-09-05T04:45:01.430392
3181,53,53,DEBIT,1975.81,Electricity Board,Utilities,Gandhinagar,DEVICE_0053,,Utilities transaction,2026-08-06T04:45:01.430392
3182,53,53,DEBIT,1815.11,Uber,Transport,Gandhinagar,DEVICE_0053,,Transport transaction,2026-03-22T04:45:01.430392
3183,53,53,DEBIT,878.36,Swiggy,Food,Gandhinagar,DEVICE_0053,,Food transaction,2026-04-11T04:45:01.430392
3184,53,53,DEBIT,2739.04,BookMyShow,Entertainment,Gandhinagar,DEVICE_0053,,Entertainment transaction,2026-08-02T04:45:01.430392
3185,53,53,DEBIT,511.4,Amazon,Shopping,Gandhinagar,DEVICE_0053,,Shopping transaction,2026-08-20T04:45:01.430392
3186,53,53,DEBIT,2098.34,Apollo Pharmacy,Healthcare,Gandhinagar,DEVICE_0053,,Healthcare transaction,2026-06-06T04:45:01.430392
3187,53,53,DEBIT,2083.56,BigBasket,Groceries,Gandhinagar,DEVICE_0053,,Groceries transaction,2026-08-23T04:45:01.430392
3188,53,53,DEBIT,2627.45,Netflix,Entertainment,Gandhinagar,DEVICE_0053,,Entertainment transaction,2026-05-27T04:45:01.430392
3189,53,53,DEBIT,2413.5,Swiggy,Food,Gandhinagar,DEVICE_0053,,Food transaction,2026-07-10T04:45:01.430392
3190,53,53,DEBIT,1006.22,Electricity Board,Utilities,Gandhinagar,DEVICE_0053,,Utilities transaction,2026-04-29T04:45:01.430392
3191,53,53,DEBIT,2565.3,Apollo Pharmacy,Healthcare,Gandhinagar,DEVICE_0053,,Healthcare transaction,2026-04-15T04:45:01.430392
3192,53,53,DEBIT,2157.9,Uber,Transport,Gandhinagar,DEVICE_0053,,Transport transaction,2026-08-21T04:45:01.430392
3193,53,53,DEBIT,1897.12,Flipkart,Shopping,Gandhinagar,DEVICE_0053,,Shopping transaction,2026-06-16T04:45:01.430392
3194,53,53,DEBIT,580.71,Jio,Utilities,Gandhinagar,DEVICE_0053,,Utilities transaction,2026-07-21T04:45:01.430392
3195,53,53,DEBIT,1261.66,Electricity Board,Utilities,Gandhinagar,DEVICE_0053,,Utilities transaction,2026-06-26T04:45:01.430392
3196,53,53,DEBIT,2833.06,Amazon,Shopping,Gandhinagar,DEVICE_0053,,Shopping transaction,2026-05-10T04:45:01.430392
3197,53,53,DEBIT,458.42,Amazon,Shopping,Gandhinagar,DEVICE_0053,,Shopping transaction,2026-03-18T04:45:01.430392
3198,53,53,DEBIT,1600.43,BigBasket,Groceries,Gandhinagar,DEVICE_0053,,Groceries transaction,2026-03-29T04:45:01.430392
3199,53,53,DEBIT,2155.52,Uber,Transport,Gandhinagar,DEVICE_0053,,Transport transaction,2026-07-31T04:45:01.430392
3200,53,53,DEBIT,1199.45,Swiggy,Food,Gandhinagar,DEVICE_0053,,Food transaction,2026-03-16T04:45:01.430392
3201,53,53,DEBIT,728.25,Swiggy,Food,Gandhinagar,DEVICE_0053,,Food transaction,2026-07-28T04:45:01.430392
3202,53,53,DEBIT,2730.25,Netflix,Entertainment,Gandhinagar,DEVICE_0053,,Entertainment transaction,2026-05-20T04:45:01.430392
3203,53,53,DEBIT,2372.48,BookMyShow,Entertainment,Gandhinagar,DEVICE_0053,,Entertainment transaction,2026-07-27T04:45:01.430392
3204,53,53,DEBIT,357.34,Zomato,Food,Gandhinagar,DEVICE_0053,,Food transaction,2026-07-28T04:45:01.430392
3205,53,53,DEBIT,2225.2,Airtel,Utilities,Gandhinagar,DEVICE_0053,,Utilities transaction,2026-07-08T04:45:01.430392
3206,53,53,DEBIT,1290.53,Jio,Utilities,Gandhinagar,DEVICE_0053,,Utilities transaction,2026-04-05T04:45:01.430392
3207,53,53,DEBIT,491.3,BookMyShow,Entertainment,Gandhinagar,DEVICE_0053,,Entertainment transaction,2026-04-03T04:45:01.430392
3208,53,53,DEBIT,412.91,Swiggy,Food,Gandhinagar,DEVICE_0053,,Food transaction,2026-08-22T04:45:01.430392
3209,53,53,DEBIT,532.61,BigBasket,Groceries,Gandhinagar,DEVICE_0053,,Groceries transaction,2026-08-27T04:45:01.430392
3210,53,53,DEBIT,279.14,Ola,Transport,Gandhinagar,DEVICE_0053,,Transport transaction,2026-07-14T04:45:01.430392
3211,53,53,DEBIT,1494.34,Reliance Fresh,Groceries,Gandhinagar,DEVICE_0053,,Groceries transaction,2026-08-18T04:45:01.430392
3212,53,53,DEBIT,362.88,Amazon,Shopping,Gandhinagar,DEVICE_0053,,Shopping transaction,2026-09-11T04:45:01.430392
3213,53,53,DEBIT,1753.78,Apollo Pharmacy,Healthcare,Gandhinagar,DEVICE_0053,,Healthcare transaction,2026-09-02T04:45:01.430392
3214,53,53,DEBIT,763.06,Flipkart,Shopping,Gandhinagar,DEVICE_0053,,Shopping transaction,2026-09-11T04:45:01.430392
3215,53,53,DEBIT,1808.57,BigBasket,Groceries,Gandhinagar,DEVICE_0053,,Groceries transaction,2026-07-06T04:45:01.430392
3216,53,53,DEBIT,1462.43,Reliance Fresh,Groceries,Gandhinagar,DEVICE_0053,,Groceries transaction,2026-06-18T04:45:01.430392
3217,53,53,DEBIT,1345.64,BookMyShow,Entertainment,Gandhinagar,DEVICE_0053,,Entertainment transaction,2026-06-10T04:45:01.430392
3218,53,53,DEBIT,2574.64,Apollo Pharmacy,Healthcare,Gandhinagar,DEVICE_0053,,Healthcare transaction,2026-06-24T04:45:01.430392
3219,53,53,DEBIT,839.17,Jio,Utilities,Gandhinagar,DEVICE_0053,,Utilities transaction,2026-06-12T04:45:01.430392
3220,53,53,DEBIT,1262.99,Apollo Pharmacy,Healthcare,Gandhinagar,DEVICE_0053,,Healthcare transaction,2026-04-09T04:45:01.430392
3221,53,53,DEBIT,2801.8,Amazon,Shopping,Gandhinagar,DEVICE_0053,,Shopping transaction,2026-06-20T04:45:01.430392
3222,53,53,DEBIT,467.24,Airtel,Utilities,Gandhinagar,DEVICE_0053,,Utilities transaction,2026-05-19T04:45:01.430392
3223,53,53,DEBIT,2062.86,Jio,Utilities,Gandhinagar,DEVICE_0053,,Utilities transaction,2026-08-08T04:45:01.430392
3224,53,53,DEBIT,1805.7,Amazon,Shopping,Gandhinagar,DEVICE_0053,,Shopping transaction,2026-04-30T04:45:01.430392
3225,53,53,DEBIT,2737.12,Uber,Transport,Gandhinagar,DEVICE_0053,,Transport transaction,2026-07-11T04:45:01.430392
3226,53,53,DEBIT,1405.57,Ola,Transport,Gandhinagar,DEVICE_0053,,Transport transaction,2026-03-21T04:45:01.430392
3227,53,53,DEBIT,2520.49,Apollo Pharmacy,Healthcare,Gandhinagar,DEVICE_0053,,Healthcare transaction,2026-05-04T04:45:01.430392
3228,53,53,DEBIT,1961.27,BigBasket,Groceries,Gandhinagar,DEVICE_0053,,Groceries transaction,2026-09-12T04:45:01.430392
3229,53,53,DEBIT,2754.42,Apollo Pharmacy,Healthcare,Gandhinagar,DEVICE_0053,,Healthcare transaction,2026-06-22T04:45:01.430392
3230,53,53,DEBIT,1890.71,Amazon,Shopping,Gandhinagar,DEVICE_0053,,Shopping transaction,2026-09-01T04:45:01.430392
3231,53,53,DEBIT,2162.91,Airtel,Utilities,Gandhinagar,DEVICE_0053,,Utilities transaction,2026-03-23T04:45:01.430392
3232,53,53,DEBIT,823.06,Reliance Fresh,Groceries,Gandhinagar,DEVICE_0053,,Groceries transaction,2026-05-11T04:45:01.430392
3233,53,53,DEBIT,2171.96,BigBasket,Groceries,Gandhinagar,DEVICE_0053,,Groceries transaction,2026-08-23T04:45:01.430392
3234,54,54,CREDIT,128368.4,Employer,Salary,Vadodara,DEVICE_0054,,Monthly salary credit,2026-09-01T04:45:01.430392
3235,54,54,DEBIT,9656.09,BigBasket,Groceries,Vadodara,DEVICE_0054,,Groceries transaction,2026-05-14T04:45:01.430392
3236,54,54,DEBIT,8830.54,Apollo Pharmacy,Healthcare,Vadodara,DEVICE_0054,,Healthcare transaction,2026-08-18T04:45:01.430392
3237,54,54,DEBIT,4075.32,Electricity Board,Utilities,Vadodara,DEVICE_0054,,Utilities transaction,2026-04-10T04:45:01.430392
3238,54,54,DEBIT,7368.88,Zomato,Food,Vadodara,DEVICE_0054,,Food transaction,2026-05-02T04:45:01.430392
3239,54,54,DEBIT,8103.15,BookMyShow,Entertainment,Vadodara,DEVICE_0054,,Entertainment transaction,2026-05-06T04:45:01.430392
3240,54,54,DEBIT,1487.5,Amazon,Shopping,Vadodara,DEVICE_0054,,Shopping transaction,2026-08-21T04:45:01.430392
3241,54,54,DEBIT,8581.37,Uber,Transport,Vadodara,DEVICE_0054,,Transport transaction,2026-04-25T04:45:01.430392
3242,54,54,DEBIT,4900.46,Jio,Utilities,Vadodara,DEVICE_0054,,Utilities transaction,2026-05-21T04:45:01.430392
3243,54,54,DEBIT,5055.18,Flipkart,Shopping,Vadodara,DEVICE_0054,,Shopping transaction,2026-04-27T04:45:01.430392
3244,54,54,DEBIT,2650.47,Zomato,Food,Vadodara,DEVICE_0054,,Food transaction,2026-07-31T04:45:01.430392
3245,54,54,DEBIT,9707.69,Airtel,Utilities,Vadodara,DEVICE_0054,,Utilities transaction,2026-03-17T04:45:01.430392
3246,54,54,DEBIT,1262.02,Flipkart,Shopping,Vadodara,DEVICE_0054,,Shopping transaction,2026-09-05T04:45:01.430392
3247,54,54,DEBIT,9554.57,Swiggy,Food,Vadodara,DEVICE_0054,,Food transaction,2026-06-21T04:45:01.430392
3248,54,54,DEBIT,7916.33,BigBasket,Groceries,Vadodara,DEVICE_0054,,Groceries transaction,2026-07-18T04:45:01.430392
3249,54,54,DEBIT,2794.18,Electricity Board,Utilities,Vadodara,DEVICE_0054,,Utilities transaction,2026-05-14T04:45:01.430392
3250,54,54,DEBIT,1439.53,Apollo Pharmacy,Healthcare,Vadodara,DEVICE_0054,,Healthcare transaction,2026-08-09T04:45:01.430392
3251,54,54,DEBIT,6579.5,Netflix,Entertainment,Vadodara,DEVICE_0054,,Entertainment transaction,2026-05-10T04:45:01.430392
3252,54,54,DEBIT,8210.67,Flipkart,Shopping,Vadodara,DEVICE_0054,,Shopping transaction,2026-06-19T04:45:01.430392
3253,54,54,DEBIT,2453.61,Jio,Utilities,Vadodara,DEVICE_0054,,Utilities transaction,2026-04-18T04:45:01.430392
3254,54,54,DEBIT,9502.66,Airtel,Utilities,Vadodara,DEVICE_0054,,Utilities transaction,2026-08-27T04:45:01.430392
3255,54,54,DEBIT,3656.1,Apollo Pharmacy,Healthcare,Vadodara,DEVICE_0054,,Healthcare transaction,2026-06-07T04:45:01.430392
3256,54,54,DEBIT,6665.63,Apollo Pharmacy,Healthcare,Vadodara,DEVICE_0054,,Healthcare transaction,2026-04-22T04:45:01.430392
3257,54,54,DEBIT,4599.98,Jio,Utilities,Vadodara,DEVICE_0054,,Utilities transaction,2026-07-15T04:45:01.430392
3258,54,54,DEBIT,2808.94,Zomato,Food,Vadodara,DEVICE_0054,,Food transaction,2026-06-30T04:45:01.430392
3259,54,54,DEBIT,1321.56,Flipkart,Shopping,Vadodara,DEVICE_0054,,Shopping transaction,2026-06-17T04:45:01.430392
3260,54,54,DEBIT,6163.15,Electricity Board,Utilities,Vadodara,DEVICE_0054,,Utilities transaction,2026-07-26T04:45:01.430392
3261,54,54,DEBIT,9685.52,Electricity Board,Utilities,Vadodara,DEVICE_0054,,Utilities transaction,2026-04-19T04:45:01.430392
3262,54,54,DEBIT,1483.03,Ola,Transport,Vadodara,DEVICE_0054,,Transport transaction,2026-06-24T04:45:01.430392
3263,54,54,DEBIT,6009.25,BigBasket,Groceries,Vadodara,DEVICE_0054,,Groceries transaction,2026-09-12T04:45:01.430392
3264,54,54,DEBIT,823.15,Uber,Transport,Vadodara,DEVICE_0054,,Transport transaction,2026-04-28T04:45:01.430392
3265,54,54,DEBIT,8730.04,Zomato,Food,Vadodara,DEVICE_0054,,Food transaction,2026-05-27T04:45:01.430392
3266,54,54,DEBIT,7966.39,Ola,Transport,Vadodara,DEVICE_0054,,Transport transaction,2026-03-23T04:45:01.430392
3267,54,54,DEBIT,1471.85,Airtel,Utilities,Vadodara,DEVICE_0054,,Utilities transaction,2026-03-27T04:45:01.430392
3268,54,54,DEBIT,6148.8,BookMyShow,Entertainment,Vadodara,DEVICE_0054,,Entertainment transaction,2026-08-16T04:45:01.430392
3269,54,54,DEBIT,292.52,BigBasket,Groceries,Vadodara,DEVICE_0054,,Groceries transaction,2026-05-18T04:45:01.430392
3270,54,54,DEBIT,1657.06,Ola,Transport,Vadodara,DEVICE_0054,,Transport transaction,2026-06-29T04:45:01.430392
3271,54,54,DEBIT,2404.25,Jio,Utilities,Vadodara,DEVICE_0054,,Utilities transaction,2026-03-22T04:45:01.430392
3272,54,54,DEBIT,1684.5,Reliance Fresh,Groceries,Vadodara,DEVICE_0054,,Groceries transaction,2026-07-02T04:45:01.430392
3273,54,54,DEBIT,7722.5,Swiggy,Food,Vadodara,DEVICE_0054,,Food transaction,2026-03-17T04:45:01.430392
3274,54,54,DEBIT,6230.41,Amazon,Shopping,Vadodara,DEVICE_0054,,Shopping transaction,2026-06-25T04:45:01.430392
3275,54,54,DEBIT,10172.15,Netflix,Entertainment,Vadodara,DEVICE_0054,,Entertainment transaction,2026-08-12T04:45:01.430392
3276,54,54,DEBIT,10237.74,Uber,Transport,Vadodara,DEVICE_0054,,Transport transaction,2026-03-16T04:45:01.430392
3277,54,54,DEBIT,5016.05,BookMyShow,Entertainment,Vadodara,DEVICE_0054,,Entertainment transaction,2026-07-19T04:45:01.430392
3278,54,54,DEBIT,3135.2,Reliance Fresh,Groceries,Vadodara,DEVICE_0054,,Groceries transaction,2026-06-08T04:45:01.430392
3279,54,54,DEBIT,10079.59,Amazon,Shopping,Vadodara,DEVICE_0054,,Shopping transaction,2026-06-19T04:45:01.430392
3280,54,54,DEBIT,8536.36,Swiggy,Food,Vadodara,DEVICE_0054,,Food transaction,2026-07-21T04:45:01.430392
3281,54,54,DEBIT,7577.48,Jio,Utilities,Vadodara,DEVICE_0054,,Utilities transaction,2026-07-17T04:45:01.430392
3282,54,54,DEBIT,7608.37,Electricity Board,Utilities,Vadodara,DEVICE_0054,,Utilities transaction,2026-07-29T04:45:01.430392
3283,54,54,DEBIT,5108.91,Jio,Utilities,Vadodara,DEVICE_0054,,Utilities transaction,2026-06-04T04:45:01.430392
3284,54,54,DEBIT,10112.28,Uber,Transport,Vadodara,DEVICE_0054,,Transport transaction,2026-03-28T04:45:01.430392
3285,54,54,DEBIT,1802.99,Jio,Utilities,Vadodara,DEVICE_0054,,Utilities transaction,2026-09-07T04:45:01.430392
3286,54,54,DEBIT,4150.11,Netflix,Entertainment,Vadodara,DEVICE_0054,,Entertainment transaction,2026-05-27T04:45:01.430392
3287,54,54,DEBIT,4967.11,Apollo Pharmacy,Healthcare,Vadodara,DEVICE_0054,,Healthcare transaction,2026-06-15T04:45:01.430392
3288,54,54,DEBIT,4140.82,Airtel,Utilities,Vadodara,DEVICE_0054,,Utilities transaction,2026-08-25T04:45:01.430392
3289,54,54,DEBIT,7518.04,Netflix,Entertainment,Vadodara,DEVICE_0054,,Entertainment transaction,2026-07-02T04:45:01.430392
3290,54,54,DEBIT,9494.76,Electricity Board,Utilities,Vadodara,DEVICE_0054,,Utilities transaction,2026-03-17T04:45:01.430392
3291,54,54,DEBIT,5718.17,Jio,Utilities,Vadodara,DEVICE_0054,,Utilities transaction,2026-08-19T04:45:01.430392
3292,54,54,DEBIT,3456.65,Swiggy,Food,Vadodara,DEVICE_0054,,Food transaction,2026-04-17T04:45:01.430392
3293,54,54,DEBIT,8306.65,Jio,Utilities,Vadodara,DEVICE_0054,,Utilities transaction,2026-06-27T04:45:01.430392
3294,54,54,DEBIT,6791.82,Reliance Fresh,Groceries,Vadodara,DEVICE_0054,,Groceries transaction,2026-04-18T04:45:01.430392
3295,55,55,CREDIT,128064.06,Employer,Salary,Bengaluru,DEVICE_0055,,Monthly salary credit,2026-09-08T04:45:01.430392
3296,55,55,DEBIT,7190.96,Reliance Fresh,Groceries,Bengaluru,DEVICE_0055,,Groceries transaction,2026-06-30T04:45:01.430392
3297,55,55,DEBIT,2307.13,Swiggy,Food,Bengaluru,DEVICE_0055,,Food transaction,2026-07-24T04:45:01.430392
3298,55,55,DEBIT,6741.77,Electricity Board,Utilities,Bengaluru,DEVICE_0055,,Utilities transaction,2026-06-12T04:45:01.430392
3299,55,55,DEBIT,8800.05,Electricity Board,Utilities,Bengaluru,DEVICE_0055,,Utilities transaction,2026-08-17T04:45:01.430392
3300,55,55,DEBIT,8090.44,Apollo Pharmacy,Healthcare,Bengaluru,DEVICE_0055,,Healthcare transaction,2026-08-06T04:45:01.430392
3301,55,55,DEBIT,9746.87,BigBasket,Groceries,Bengaluru,DEVICE_0055,,Groceries transaction,2026-05-26T04:45:01.430392
3302,55,55,DEBIT,8654.58,Apollo Pharmacy,Healthcare,Bengaluru,DEVICE_0055,,Healthcare transaction,2026-08-29T04:45:01.430392
3303,55,55,DEBIT,3771.88,Flipkart,Shopping,Bengaluru,DEVICE_0055,,Shopping transaction,2026-05-14T04:45:01.430392
3304,55,55,DEBIT,9693.28,Swiggy,Food,Bengaluru,DEVICE_0055,,Food transaction,2026-08-13T04:45:01.430392
3305,55,55,DEBIT,6730.31,Netflix,Entertainment,Bengaluru,DEVICE_0055,,Entertainment transaction,2026-04-14T04:45:01.430392
3306,55,55,DEBIT,9941.03,BigBasket,Groceries,Bengaluru,DEVICE_0055,,Groceries transaction,2026-04-05T04:45:01.430392
3307,55,55,DEBIT,4258.17,Electricity Board,Utilities,Bengaluru,DEVICE_0055,,Utilities transaction,2026-09-04T04:45:01.430392
3308,55,55,DEBIT,2619.42,Flipkart,Shopping,Bengaluru,DEVICE_0055,,Shopping transaction,2026-05-10T04:45:01.430392
3309,55,55,DEBIT,7110.89,Uber,Transport,Bengaluru,DEVICE_0055,,Transport transaction,2026-07-30T04:45:01.430392
3310,55,55,DEBIT,7685.63,Apollo Pharmacy,Healthcare,Bengaluru,DEVICE_0055,,Healthcare transaction,2026-03-19T04:45:01.430392
3311,55,55,DEBIT,6937.63,Airtel,Utilities,Bengaluru,DEVICE_0055,,Utilities transaction,2026-08-21T04:45:01.430392
3312,55,55,DEBIT,4857.66,Airtel,Utilities,Bengaluru,DEVICE_0055,,Utilities transaction,2026-03-30T04:45:01.430392
3313,55,55,DEBIT,2964.58,BigBasket,Groceries,Bengaluru,DEVICE_0055,,Groceries transaction,2026-03-29T04:45:01.430392
3314,55,55,DEBIT,3889.81,Reliance Fresh,Groceries,Bengaluru,DEVICE_0055,,Groceries transaction,2026-08-13T04:45:01.430392
3315,55,55,DEBIT,1030.1,Flipkart,Shopping,Bengaluru,DEVICE_0055,,Shopping transaction,2026-05-10T04:45:01.430392
3316,55,55,DEBIT,6918.1,Apollo Pharmacy,Healthcare,Bengaluru,DEVICE_0055,,Healthcare transaction,2026-05-05T04:45:01.430392
3317,55,55,DEBIT,431.31,Zomato,Food,Bengaluru,DEVICE_0055,,Food transaction,2026-04-19T04:45:01.430392
3318,55,55,DEBIT,5016.62,BookMyShow,Entertainment,Bengaluru,DEVICE_0055,,Entertainment transaction,2026-03-19T04:45:01.430392
3319,55,55,DEBIT,1149.8,Electricity Board,Utilities,Bengaluru,DEVICE_0055,,Utilities transaction,2026-04-14T04:45:01.430392
3320,55,55,DEBIT,4056.92,Swiggy,Food,Bengaluru,DEVICE_0055,,Food transaction,2026-03-31T04:45:01.430392
3321,55,55,DEBIT,4556.13,Electricity Board,Utilities,Bengaluru,DEVICE_0055,,Utilities transaction,2026-04-19T04:45:01.430392
3322,55,55,DEBIT,1198.9,Swiggy,Food,Bengaluru,DEVICE_0055,,Food transaction,2026-08-27T04:45:01.430392
3323,55,55,DEBIT,9329.82,Electricity Board,Utilities,Bengaluru,DEVICE_0055,,Utilities transaction,2026-04-28T04:45:01.430392
3324,55,55,DEBIT,4271.6,Swiggy,Food,Bengaluru,DEVICE_0055,,Food transaction,2026-03-17T04:45:01.430392
3325,55,55,DEBIT,4155.74,Amazon,Shopping,Bengaluru,DEVICE_0055,,Shopping transaction,2026-04-28T04:45:01.430392
3326,55,55,DEBIT,8358.61,Airtel,Utilities,Bengaluru,DEVICE_0055,,Utilities transaction,2026-05-10T04:45:01.430392
3327,55,55,DEBIT,5412.43,Flipkart,Shopping,Bengaluru,DEVICE_0055,,Shopping transaction,2026-04-16T04:45:01.430392
3328,55,55,DEBIT,7369.7,Netflix,Entertainment,Bengaluru,DEVICE_0055,,Entertainment transaction,2026-03-30T04:45:01.430392
3329,55,55,DEBIT,7769.08,Flipkart,Shopping,Bengaluru,DEVICE_0055,,Shopping transaction,2026-07-21T04:45:01.430392
3330,55,55,DEBIT,9216.53,Apollo Pharmacy,Healthcare,Bengaluru,DEVICE_0055,,Healthcare transaction,2026-07-28T04:45:01.430392
3331,55,55,DEBIT,6218.06,Jio,Utilities,Bengaluru,DEVICE_0055,,Utilities transaction,2026-07-28T04:45:01.430392
3332,55,55,DEBIT,5772.25,Amazon,Shopping,Bengaluru,DEVICE_0055,,Shopping transaction,2026-06-24T04:45:01.430392
3333,55,55,DEBIT,593.2,Flipkart,Shopping,Bengaluru,DEVICE_0055,,Shopping transaction,2026-04-18T04:45:01.430392
3334,55,55,DEBIT,6755.86,Zomato,Food,Bengaluru,DEVICE_0055,,Food transaction,2026-08-21T04:45:01.430392
3335,55,55,DEBIT,2779.19,Netflix,Entertainment,Bengaluru,DEVICE_0055,,Entertainment transaction,2026-09-04T04:45:01.430392
3336,55,55,DEBIT,10043.5,Flipkart,Shopping,Bengaluru,DEVICE_0055,,Shopping transaction,2026-05-06T04:45:01.430392
3337,55,55,DEBIT,3852.0,Uber,Transport,Bengaluru,DEVICE_0055,,Transport transaction,2026-04-26T04:45:01.430392
3338,55,55,DEBIT,4449.6,Swiggy,Food,Bengaluru,DEVICE_0055,,Food transaction,2026-03-28T04:45:01.430392
3339,55,55,DEBIT,2694.58,Amazon,Shopping,Bengaluru,DEVICE_0055,,Shopping transaction,2026-09-01T04:45:01.430392
3340,55,55,DEBIT,9287.02,Netflix,Entertainment,Bengaluru,DEVICE_0055,,Entertainment transaction,2026-06-29T04:45:01.430392
3341,55,55,DEBIT,5565.13,Apollo Pharmacy,Healthcare,Bengaluru,DEVICE_0055,,Healthcare transaction,2026-08-08T04:45:01.430392
3342,55,55,DEBIT,5126.56,BookMyShow,Entertainment,Bengaluru,DEVICE_0055,,Entertainment transaction,2026-06-24T04:45:01.430392
3343,55,55,DEBIT,9348.93,Netflix,Entertainment,Bengaluru,DEVICE_0055,,Entertainment transaction,2026-06-14T04:45:01.430392
3344,55,55,DEBIT,5606.38,BookMyShow,Entertainment,Bengaluru,DEVICE_0055,,Entertainment transaction,2026-07-21T04:45:01.430392
3345,55,55,DEBIT,1194.56,Electricity Board,Utilities,Bengaluru,DEVICE_0055,,Utilities transaction,2026-09-01T04:45:01.430392
3346,55,55,DEBIT,569.0,Zomato,Food,Bengaluru,DEVICE_0055,,Food transaction,2026-08-07T04:45:01.430392
3347,55,55,DEBIT,8799.48,Uber,Transport,Bengaluru,DEVICE_0055,,Transport transaction,2026-07-19T04:45:01.430392
3348,55,55,DEBIT,6248.62,Swiggy,Food,Bengaluru,DEVICE_0055,,Food transaction,2026-07-19T04:45:01.430392
3349,55,55,DEBIT,3806.85,BookMyShow,Entertainment,Bengaluru,DEVICE_0055,,Entertainment transaction,2026-08-11T04:45:01.430392
3350,55,55,DEBIT,6451.21,Electricity Board,Utilities,Bengaluru,DEVICE_0055,,Utilities transaction,2026-08-24T04:45:01.430392
3351,55,55,DEBIT,2761.18,Netflix,Entertainment,Bengaluru,DEVICE_0055,,Entertainment transaction,2026-06-07T04:45:01.430392
3352,55,55,DEBIT,9277.38,Apollo Pharmacy,Healthcare,Bengaluru,DEVICE_0055,,Healthcare transaction,2026-06-02T04:45:01.430392
3353,55,55,DEBIT,1036.3,Reliance Fresh,Groceries,Bengaluru,DEVICE_0055,,Groceries transaction,2026-07-09T04:45:01.430392
3354,55,55,DEBIT,4472.63,Apollo Pharmacy,Healthcare,Bengaluru,DEVICE_0055,,Healthcare transaction,2026-03-19T04:45:01.430392
3355,55,55,DEBIT,5583.23,Swiggy,Food,Bengaluru,DEVICE_0055,,Food transaction,2026-08-25T04:45:01.430392
3356,56,56,CREDIT,72100.62,Employer,Salary,Delhi,DEVICE_0056,,Monthly salary credit,2026-08-23T04:45:01.430392
3357,56,56,DEBIT,1700.03,Electricity Board,Utilities,Delhi,DEVICE_0056,,Utilities transaction,2026-04-03T04:45:01.430392
3358,56,56,DEBIT,3794.57,Electricity Board,Utilities,Delhi,DEVICE_0056,,Utilities transaction,2026-06-09T04:45:01.430392
3359,56,56,DEBIT,3859.98,BookMyShow,Entertainment,Delhi,DEVICE_0056,,Entertainment transaction,2026-05-05T04:45:01.430392
3360,56,56,DEBIT,1113.4,BookMyShow,Entertainment,Delhi,DEVICE_0056,,Entertainment transaction,2026-08-04T04:45:01.430392
3361,56,56,DEBIT,5726.01,Ola,Transport,Delhi,DEVICE_0056,,Transport transaction,2026-05-24T04:45:01.430392
3362,56,56,DEBIT,344.27,BigBasket,Groceries,Delhi,DEVICE_0056,,Groceries transaction,2026-04-11T04:45:01.430392
3363,56,56,DEBIT,631.66,Zomato,Food,Delhi,DEVICE_0056,,Food transaction,2026-08-12T04:45:01.430392
3364,56,56,DEBIT,812.43,Netflix,Entertainment,Delhi,DEVICE_0056,,Entertainment transaction,2026-04-25T04:45:01.430392
3365,56,56,DEBIT,567.26,BigBasket,Groceries,Delhi,DEVICE_0056,,Groceries transaction,2026-04-02T04:45:01.430392
3366,56,56,DEBIT,2220.2,Flipkart,Shopping,Delhi,DEVICE_0056,,Shopping transaction,2026-06-19T04:45:01.430392
3367,56,56,DEBIT,1721.49,Airtel,Utilities,Delhi,DEVICE_0056,,Utilities transaction,2026-07-17T04:45:01.430392
3368,56,56,DEBIT,254.92,Uber,Transport,Delhi,DEVICE_0056,,Transport transaction,2026-06-08T04:45:01.430392
3369,56,56,DEBIT,2308.24,Zomato,Food,Delhi,DEVICE_0056,,Food transaction,2026-08-17T04:45:01.430392
3370,56,56,DEBIT,5353.99,Airtel,Utilities,Delhi,DEVICE_0056,,Utilities transaction,2026-07-30T04:45:01.430392
3371,56,56,DEBIT,4255.36,Netflix,Entertainment,Delhi,DEVICE_0056,,Entertainment transaction,2026-06-26T04:45:01.430392
3372,56,56,DEBIT,4773.28,BookMyShow,Entertainment,Delhi,DEVICE_0056,,Entertainment transaction,2026-05-10T04:45:01.430392
3373,56,56,DEBIT,3145.28,Flipkart,Shopping,Delhi,DEVICE_0056,,Shopping transaction,2026-03-17T04:45:01.430392
3374,56,56,DEBIT,5018.58,BookMyShow,Entertainment,Delhi,DEVICE_0056,,Entertainment transaction,2026-04-24T04:45:01.430392
3375,56,56,DEBIT,3582.41,Uber,Transport,Delhi,DEVICE_0056,,Transport transaction,2026-08-31T04:45:01.430392
3376,56,56,DEBIT,1970.62,Swiggy,Food,Delhi,DEVICE_0056,,Food transaction,2026-06-05T04:45:01.430392
3377,56,56,DEBIT,2121.94,Swiggy,Food,Delhi,DEVICE_0056,,Food transaction,2026-03-23T04:45:01.430392
3378,56,56,DEBIT,3160.43,Airtel,Utilities,Delhi,DEVICE_0056,,Utilities transaction,2026-04-13T04:45:01.430392
3379,56,56,DEBIT,2441.98,Jio,Utilities,Delhi,DEVICE_0056,,Utilities transaction,2026-04-14T04:45:01.430392
3380,56,56,DEBIT,1642.46,Swiggy,Food,Delhi,DEVICE_0056,,Food transaction,2026-03-21T04:45:01.430392
3381,56,56,DEBIT,4171.26,Netflix,Entertainment,Delhi,DEVICE_0056,,Entertainment transaction,2026-03-28T04:45:01.430392
3382,56,56,DEBIT,994.39,Swiggy,Food,Delhi,DEVICE_0056,,Food transaction,2026-04-20T04:45:01.430392
3383,56,56,DEBIT,1688.73,Electricity Board,Utilities,Delhi,DEVICE_0056,,Utilities transaction,2026-04-02T04:45:01.430392
3384,56,56,DEBIT,4139.41,Ola,Transport,Delhi,DEVICE_0056,,Transport transaction,2026-07-11T04:45:01.430392
3385,56,56,DEBIT,3589.29,Apollo Pharmacy,Healthcare,Delhi,DEVICE_0056,,Healthcare transaction,2026-03-16T04:45:01.430392
3386,56,56,DEBIT,1219.54,Reliance Fresh,Groceries,Delhi,DEVICE_0056,,Groceries transaction,2026-06-14T04:45:01.430392
3387,56,56,DEBIT,2809.55,Airtel,Utilities,Delhi,DEVICE_0056,,Utilities transaction,2026-07-01T04:45:01.430392
3388,56,56,DEBIT,5504.21,Uber,Transport,Delhi,DEVICE_0056,,Transport transaction,2026-05-02T04:45:01.430392
3389,56,56,DEBIT,5107.61,Electricity Board,Utilities,Delhi,DEVICE_0056,,Utilities transaction,2026-07-16T04:45:01.430392
3390,56,56,DEBIT,3739.25,Uber,Transport,Delhi,DEVICE_0056,,Transport transaction,2026-08-21T04:45:01.430392
3391,56,56,DEBIT,2463.49,Uber,Transport,Delhi,DEVICE_0056,,Transport transaction,2026-06-24T04:45:01.430392
3392,56,56,DEBIT,701.91,Jio,Utilities,Delhi,DEVICE_0056,,Utilities transaction,2026-08-23T04:45:01.430392
3393,56,56,DEBIT,4264.41,Flipkart,Shopping,Delhi,DEVICE_0056,,Shopping transaction,2026-08-20T04:45:01.430392
3394,56,56,DEBIT,3403.39,Swiggy,Food,Delhi,DEVICE_0056,,Food transaction,2026-08-22T04:45:01.430392
3395,56,56,DEBIT,1791.63,Electricity Board,Utilities,Delhi,DEVICE_0056,,Utilities transaction,2026-05-09T04:45:01.430392
3396,56,56,DEBIT,5068.44,Airtel,Utilities,Delhi,DEVICE_0056,,Utilities transaction,2026-05-27T04:45:01.430392
3397,56,56,DEBIT,3032.37,Apollo Pharmacy,Healthcare,Delhi,DEVICE_0056,,Healthcare transaction,2026-08-09T04:45:01.430392
3398,56,56,DEBIT,2971.8,Reliance Fresh,Groceries,Delhi,DEVICE_0056,,Groceries transaction,2026-03-21T04:45:01.430392
3399,56,56,DEBIT,5144.88,Apollo Pharmacy,Healthcare,Delhi,DEVICE_0056,,Healthcare transaction,2026-03-18T04:45:01.430392
3400,56,56,DEBIT,2457.69,Flipkart,Shopping,Delhi,DEVICE_0056,,Shopping transaction,2026-04-08T04:45:01.430392
3401,56,56,DEBIT,5271.86,Zomato,Food,Delhi,DEVICE_0056,,Food transaction,2026-09-11T04:45:01.430392
3402,56,56,DEBIT,2566.3,Electricity Board,Utilities,Delhi,DEVICE_0056,,Utilities transaction,2026-04-29T04:45:01.430392
3403,56,56,DEBIT,2121.31,Electricity Board,Utilities,Delhi,DEVICE_0056,,Utilities transaction,2026-03-27T04:45:01.430392
3404,56,56,DEBIT,5763.42,Jio,Utilities,Delhi,DEVICE_0056,,Utilities transaction,2026-04-30T04:45:01.430392
3405,56,56,DEBIT,3592.02,Apollo Pharmacy,Healthcare,Delhi,DEVICE_0056,,Healthcare transaction,2026-04-10T04:45:01.430392
3406,56,56,DEBIT,5571.2,Reliance Fresh,Groceries,Delhi,DEVICE_0056,,Groceries transaction,2026-03-24T04:45:01.430392
3407,56,56,DEBIT,3114.97,Airtel,Utilities,Delhi,DEVICE_0056,,Utilities transaction,2026-07-17T04:45:01.430392
3408,56,56,DEBIT,618.29,Swiggy,Food,Delhi,DEVICE_0056,,Food transaction,2026-08-09T04:45:01.430392
3409,56,56,DEBIT,2167.14,Netflix,Entertainment,Delhi,DEVICE_0056,,Entertainment transaction,2026-08-30T04:45:01.430392
3410,56,56,DEBIT,2959.01,BigBasket,Groceries,Delhi,DEVICE_0056,,Groceries transaction,2026-07-31T04:45:01.430392
3411,56,56,DEBIT,5599.5,Ola,Transport,Delhi,DEVICE_0056,,Transport transaction,2026-06-18T04:45:01.430392
3412,56,56,DEBIT,1590.71,Apollo Pharmacy,Healthcare,Delhi,DEVICE_0056,,Healthcare transaction,2026-04-27T04:45:01.430392
3413,56,56,DEBIT,4467.43,Jio,Utilities,Delhi,DEVICE_0056,,Utilities transaction,2026-08-13T04:45:01.430392
3414,56,56,DEBIT,1865.84,Uber,Transport,Delhi,DEVICE_0056,,Transport transaction,2026-06-29T04:45:01.430392
3415,56,56,DEBIT,1386.36,Uber,Transport,Delhi,DEVICE_0056,,Transport transaction,2026-04-04T04:45:01.430392
3416,56,56,DEBIT,2391.7,BookMyShow,Entertainment,Delhi,DEVICE_0056,,Entertainment transaction,2026-06-26T04:45:01.430392
3417,57,57,CREDIT,129722.22,Employer,Salary,Gandhinagar,DEVICE_0057,,Monthly salary credit,2026-08-23T04:45:01.430392
3418,57,57,DEBIT,8604.07,Netflix,Entertainment,Gandhinagar,DEVICE_0057,,Entertainment transaction,2026-09-03T04:45:01.430392
3419,57,57,DEBIT,9283.6,Reliance Fresh,Groceries,Gandhinagar,DEVICE_0057,,Groceries transaction,2026-05-11T04:45:01.430392
3420,57,57,DEBIT,3820.68,Amazon,Shopping,Gandhinagar,DEVICE_0057,,Shopping transaction,2026-04-08T04:45:01.430392
3421,57,57,DEBIT,3543.93,Reliance Fresh,Groceries,Gandhinagar,DEVICE_0057,,Groceries transaction,2026-06-14T04:45:01.430392
3422,57,57,DEBIT,252.46,Flipkart,Shopping,Gandhinagar,DEVICE_0057,,Shopping transaction,2026-07-27T04:45:01.430392
3423,57,57,DEBIT,3808.35,BigBasket,Groceries,Gandhinagar,DEVICE_0057,,Groceries transaction,2026-08-18T04:45:01.430392
3424,57,57,DEBIT,5207.94,BigBasket,Groceries,Gandhinagar,DEVICE_0057,,Groceries transaction,2026-08-22T04:45:01.430392
3425,57,57,DEBIT,5434.62,Netflix,Entertainment,Gandhinagar,DEVICE_0057,,Entertainment transaction,2026-08-04T04:45:01.430392
3426,57,57,DEBIT,1460.44,BigBasket,Groceries,Gandhinagar,DEVICE_0057,,Groceries transaction,2026-05-11T04:45:01.430392
3427,57,57,DEBIT,1783.97,Amazon,Shopping,Gandhinagar,DEVICE_0057,,Shopping transaction,2026-03-28T04:45:01.430392
3428,57,57,DEBIT,2501.15,Uber,Transport,Gandhinagar,DEVICE_0057,,Transport transaction,2026-06-03T04:45:01.430392
3429,57,57,DEBIT,3246.06,Ola,Transport,Gandhinagar,DEVICE_0057,,Transport transaction,2026-05-26T04:45:01.430392
3430,57,57,DEBIT,5659.64,Swiggy,Food,Gandhinagar,DEVICE_0057,,Food transaction,2026-07-06T04:45:01.430392
3431,57,57,DEBIT,10269.58,Flipkart,Shopping,Gandhinagar,DEVICE_0057,,Shopping transaction,2026-03-28T04:45:01.430392
3432,57,57,DEBIT,4671.67,Jio,Utilities,Gandhinagar,DEVICE_0057,,Utilities transaction,2026-08-08T04:45:01.430392
3433,57,57,DEBIT,7803.73,Ola,Transport,Gandhinagar,DEVICE_0057,,Transport transaction,2026-09-11T04:45:01.430392
3434,57,57,DEBIT,9192.84,Ola,Transport,Gandhinagar,DEVICE_0057,,Transport transaction,2026-07-24T04:45:01.430392
3435,57,57,DEBIT,2129.37,Flipkart,Shopping,Gandhinagar,DEVICE_0057,,Shopping transaction,2026-09-02T04:45:01.430392
3436,57,57,DEBIT,4215.6,Swiggy,Food,Gandhinagar,DEVICE_0057,,Food transaction,2026-06-20T04:45:01.430392
3437,57,57,DEBIT,1831.62,Amazon,Shopping,Gandhinagar,DEVICE_0057,,Shopping transaction,2026-07-24T04:45:01.430392
3438,57,57,DEBIT,9967.6,Reliance Fresh,Groceries,Gandhinagar,DEVICE_0057,,Groceries transaction,2026-07-06T04:45:01.430392
3439,57,57,DEBIT,4485.81,Flipkart,Shopping,Gandhinagar,DEVICE_0057,,Shopping transaction,2026-04-25T04:45:01.430392
3440,57,57,DEBIT,8340.39,Reliance Fresh,Groceries,Gandhinagar,DEVICE_0057,,Groceries transaction,2026-08-11T04:45:01.430392
3441,57,57,DEBIT,7844.43,Ola,Transport,Gandhinagar,DEVICE_0057,,Transport transaction,2026-06-02T04:45:01.430392
3442,57,57,DEBIT,7589.01,Netflix,Entertainment,Gandhinagar,DEVICE_0057,,Entertainment transaction,2026-06-05T04:45:01.430392
3443,57,57,DEBIT,1316.84,Swiggy,Food,Gandhinagar,DEVICE_0057,,Food transaction,2026-08-16T04:45:01.430392
3444,57,57,DEBIT,415.28,Airtel,Utilities,Gandhinagar,DEVICE_0057,,Utilities transaction,2026-08-04T04:45:01.430392
3445,57,57,DEBIT,5288.9,Ola,Transport,Gandhinagar,DEVICE_0057,,Transport transaction,2026-03-21T04:45:01.430392
3446,57,57,DEBIT,729.65,Zomato,Food,Gandhinagar,DEVICE_0057,,Food transaction,2026-06-17T04:45:01.430392
3447,57,57,DEBIT,10137.97,BigBasket,Groceries,Gandhinagar,DEVICE_0057,,Groceries transaction,2026-09-10T04:45:01.430392
3448,57,57,DEBIT,5087.3,BigBasket,Groceries,Gandhinagar,DEVICE_0057,,Groceries transaction,2026-07-02T04:45:01.430392
3449,57,57,DEBIT,1040.84,Reliance Fresh,Groceries,Gandhinagar,DEVICE_0057,,Groceries transaction,2026-05-26T04:45:01.430392
3450,57,57,DEBIT,6485.93,Zomato,Food,Gandhinagar,DEVICE_0057,,Food transaction,2026-05-05T04:45:01.430392
3451,57,57,DEBIT,2739.02,Swiggy,Food,Gandhinagar,DEVICE_0057,,Food transaction,2026-08-14T04:45:01.430392
3452,57,57,DEBIT,2882.16,Jio,Utilities,Gandhinagar,DEVICE_0057,,Utilities transaction,2026-03-17T04:45:01.430392
3453,57,57,DEBIT,6981.76,Zomato,Food,Gandhinagar,DEVICE_0057,,Food transaction,2026-05-26T04:45:01.430392
3454,57,57,DEBIT,5023.18,Zomato,Food,Gandhinagar,DEVICE_0057,,Food transaction,2026-08-17T04:45:01.430392
3455,57,57,DEBIT,7634.43,Electricity Board,Utilities,Gandhinagar,DEVICE_0057,,Utilities transaction,2026-04-09T04:45:01.430392
3456,57,57,DEBIT,2120.23,Swiggy,Food,Gandhinagar,DEVICE_0057,,Food transaction,2026-04-14T04:45:01.430392
3457,57,57,DEBIT,6657.57,Apollo Pharmacy,Healthcare,Gandhinagar,DEVICE_0057,,Healthcare transaction,2026-07-16T04:45:01.430392
3458,57,57,DEBIT,1546.48,Flipkart,Shopping,Gandhinagar,DEVICE_0057,,Shopping transaction,2026-09-03T04:45:01.430392
3459,57,57,DEBIT,10280.06,Uber,Transport,Gandhinagar,DEVICE_0057,,Transport transaction,2026-08-06T04:45:01.430392
3460,57,57,DEBIT,379.75,BigBasket,Groceries,Gandhinagar,DEVICE_0057,,Groceries transaction,2026-07-23T04:45:01.430392
3461,57,57,DEBIT,8997.16,Flipkart,Shopping,Gandhinagar,DEVICE_0057,,Shopping transaction,2026-06-07T04:45:01.430392
3462,57,57,DEBIT,5543.04,BigBasket,Groceries,Gandhinagar,DEVICE_0057,,Groceries transaction,2026-03-17T04:45:01.430392
3463,57,57,DEBIT,10175.49,Apollo Pharmacy,Healthcare,Gandhinagar,DEVICE_0057,,Healthcare transaction,2026-07-18T04:45:01.430392
3464,57,57,DEBIT,4536.51,Ola,Transport,Gandhinagar,DEVICE_0057,,Transport transaction,2026-08-28T04:45:01.430392
3465,57,57,DEBIT,4546.65,Netflix,Entertainment,Gandhinagar,DEVICE_0057,,Entertainment transaction,2026-08-30T04:45:01.430392
3466,57,57,DEBIT,1320.11,Uber,Transport,Gandhinagar,DEVICE_0057,,Transport transaction,2026-06-11T04:45:01.430392
3467,57,57,DEBIT,9797.63,Uber,Transport,Gandhinagar,DEVICE_0057,,Transport transaction,2026-05-28T04:45:01.430392
3468,57,57,DEBIT,3455.27,Zomato,Food,Gandhinagar,DEVICE_0057,,Food transaction,2026-08-31T04:45:01.430392
3469,57,57,DEBIT,616.16,Swiggy,Food,Gandhinagar,DEVICE_0057,,Food transaction,2026-08-30T04:45:01.430392
3470,57,57,DEBIT,7779.95,Apollo Pharmacy,Healthcare,Gandhinagar,DEVICE_0057,,Healthcare transaction,2026-07-20T04:45:01.430392
3471,57,57,DEBIT,5004.5,Uber,Transport,Gandhinagar,DEVICE_0057,,Transport transaction,2026-04-10T04:45:01.430392
3472,57,57,DEBIT,4585.68,Flipkart,Shopping,Gandhinagar,DEVICE_0057,,Shopping transaction,2026-07-10T04:45:01.430392
3473,57,57,DEBIT,3900.45,Reliance Fresh,Groceries,Gandhinagar,DEVICE_0057,,Groceries transaction,2026-06-27T04:45:01.430392
3474,57,57,DEBIT,1186.1,Flipkart,Shopping,Gandhinagar,DEVICE_0057,,Shopping transaction,2026-09-09T04:45:01.430392
3475,57,57,DEBIT,5815.77,Apollo Pharmacy,Healthcare,Gandhinagar,DEVICE_0057,,Healthcare transaction,2026-08-10T04:45:01.430392
3476,57,57,DEBIT,3869.79,Ola,Transport,Gandhinagar,DEVICE_0057,,Transport transaction,2026-06-12T04:45:01.430392
3477,57,57,DEBIT,8126.54,Electricity Board,Utilities,Gandhinagar,DEVICE_0057,,Utilities transaction,2026-04-30T04:45:01.430392
3478,58,58,CREDIT,76954.18,Employer,Salary,Pune,DEVICE_0058,,Monthly salary credit,2026-08-24T04:45:01.430392
3479,58,58,DEBIT,1619.11,Ola,Transport,Pune,DEVICE_0058,,Transport transaction,2026-07-04T04:45:01.430392
3480,58,58,DEBIT,3680.45,Zomato,Food,Pune,DEVICE_0058,,Food transaction,2026-08-21T04:45:01.430392
3481,58,58,DEBIT,977.21,Flipkart,Shopping,Pune,DEVICE_0058,,Shopping transaction,2026-04-11T04:45:01.430392
3482,58,58,DEBIT,444.44,Flipkart,Shopping,Pune,DEVICE_0058,,Shopping transaction,2026-03-29T04:45:01.430392
3483,58,58,DEBIT,1334.29,Jio,Utilities,Pune,DEVICE_0058,,Utilities transaction,2026-03-16T04:45:01.430392
3484,58,58,DEBIT,5712.59,Reliance Fresh,Groceries,Pune,DEVICE_0058,,Groceries transaction,2026-08-24T04:45:01.430392
3485,58,58,DEBIT,3887.03,Netflix,Entertainment,Pune,DEVICE_0058,,Entertainment transaction,2026-06-27T04:45:01.430392
3486,58,58,DEBIT,3024.48,Electricity Board,Utilities,Pune,DEVICE_0058,,Utilities transaction,2026-07-23T04:45:01.430392
3487,58,58,DEBIT,4493.14,Netflix,Entertainment,Pune,DEVICE_0058,,Entertainment transaction,2026-09-01T04:45:01.430392
3488,58,58,DEBIT,1341.87,Swiggy,Food,Pune,DEVICE_0058,,Food transaction,2026-04-25T04:45:01.430392
3489,58,58,DEBIT,1704.13,Electricity Board,Utilities,Pune,DEVICE_0058,,Utilities transaction,2026-04-22T04:45:01.430392
3490,58,58,DEBIT,5530.4,Ola,Transport,Pune,DEVICE_0058,,Transport transaction,2026-05-21T04:45:01.430392
3491,58,58,DEBIT,4472.63,Apollo Pharmacy,Healthcare,Pune,DEVICE_0058,,Healthcare transaction,2026-05-24T04:45:01.430392
3492,58,58,DEBIT,3075.84,Flipkart,Shopping,Pune,DEVICE_0058,,Shopping transaction,2026-05-01T04:45:01.430392
3493,58,58,DEBIT,4910.78,Netflix,Entertainment,Pune,DEVICE_0058,,Entertainment transaction,2026-08-01T04:45:01.430392
3494,58,58,DEBIT,1832.92,BookMyShow,Entertainment,Pune,DEVICE_0058,,Entertainment transaction,2026-08-10T04:45:01.430392
3495,58,58,DEBIT,470.69,Uber,Transport,Pune,DEVICE_0058,,Transport transaction,2026-04-21T04:45:01.430392
3496,58,58,DEBIT,4931.65,Amazon,Shopping,Pune,DEVICE_0058,,Shopping transaction,2026-03-19T04:45:01.430392
3497,58,58,DEBIT,4611.95,Zomato,Food,Pune,DEVICE_0058,,Food transaction,2026-06-03T04:45:01.430392
3498,58,58,DEBIT,4278.27,Reliance Fresh,Groceries,Pune,DEVICE_0058,,Groceries transaction,2026-05-04T04:45:01.430392
3499,58,58,DEBIT,1185.88,Flipkart,Shopping,Pune,DEVICE_0058,,Shopping transaction,2026-05-05T04:45:01.430392
3500,58,58,DEBIT,3550.43,BigBasket,Groceries,Pune,DEVICE_0058,,Groceries transaction,2026-06-05T04:45:01.430392
3501,58,58,DEBIT,3816.8,BigBasket,Groceries,Pune,DEVICE_0058,,Groceries transaction,2026-07-22T04:45:01.430392
3502,58,58,DEBIT,221.45,Swiggy,Food,Pune,DEVICE_0058,,Food transaction,2026-04-19T04:45:01.430392
3503,58,58,DEBIT,3726.82,Zomato,Food,Pune,DEVICE_0058,,Food transaction,2026-09-10T04:45:01.430392
3504,58,58,DEBIT,3254.38,Airtel,Utilities,Pune,DEVICE_0058,,Utilities transaction,2026-05-07T04:45:01.430392
3505,58,58,DEBIT,4492.01,Electricity Board,Utilities,Pune,DEVICE_0058,,Utilities transaction,2026-07-08T04:45:01.430392
3506,58,58,DEBIT,5277.63,Uber,Transport,Pune,DEVICE_0058,,Transport transaction,2026-06-29T04:45:01.430392
3507,58,58,DEBIT,1799.36,Electricity Board,Utilities,Pune,DEVICE_0058,,Utilities transaction,2026-08-13T04:45:01.430392
3508,58,58,DEBIT,1533.8,Swiggy,Food,Pune,DEVICE_0058,,Food transaction,2026-04-29T04:45:01.430392
3509,58,58,DEBIT,1938.32,Zomato,Food,Pune,DEVICE_0058,,Food transaction,2026-04-02T04:45:01.430392
3510,58,58,DEBIT,5811.14,Swiggy,Food,Pune,DEVICE_0058,,Food transaction,2026-07-03T04:45:01.430392
3511,58,58,DEBIT,1810.8,Swiggy,Food,Pune,DEVICE_0058,,Food transaction,2026-08-30T04:45:01.430392
3512,58,58,DEBIT,6037.35,Apollo Pharmacy,Healthcare,Pune,DEVICE_0058,,Healthcare transaction,2026-07-21T04:45:01.430392
3513,58,58,DEBIT,892.04,Netflix,Entertainment,Pune,DEVICE_0058,,Entertainment transaction,2026-03-30T04:45:01.430392
3514,58,58,DEBIT,3968.47,Ola,Transport,Pune,DEVICE_0058,,Transport transaction,2026-06-10T04:45:01.430392
3515,58,58,DEBIT,695.84,Ola,Transport,Pune,DEVICE_0058,,Transport transaction,2026-03-16T04:45:01.430392
3516,58,58,DEBIT,1772.7,Netflix,Entertainment,Pune,DEVICE_0058,,Entertainment transaction,2026-08-09T04:45:01.430392
3517,58,58,DEBIT,5550.79,BigBasket,Groceries,Pune,DEVICE_0058,,Groceries transaction,2026-06-29T04:45:01.430392
3518,58,58,DEBIT,6068.55,Ola,Transport,Pune,DEVICE_0058,,Transport transaction,2026-04-05T04:45:01.430392
3519,58,58,DEBIT,261.99,Jio,Utilities,Pune,DEVICE_0058,,Utilities transaction,2026-06-13T04:45:01.430392
3520,58,58,DEBIT,4550.96,Zomato,Food,Pune,DEVICE_0058,,Food transaction,2026-07-03T04:45:01.430392
3521,58,58,DEBIT,1724.75,Swiggy,Food,Pune,DEVICE_0058,,Food transaction,2026-09-08T04:45:01.430392
3522,58,58,DEBIT,4115.2,Netflix,Entertainment,Pune,DEVICE_0058,,Entertainment transaction,2026-04-16T04:45:01.430392
3523,58,58,DEBIT,4504.06,Flipkart,Shopping,Pune,DEVICE_0058,,Shopping transaction,2026-03-20T04:45:01.430392
3524,58,58,DEBIT,5832.65,BigBasket,Groceries,Pune,DEVICE_0058,,Groceries transaction,2026-07-09T04:45:01.430392
3525,58,58,DEBIT,3930.03,Jio,Utilities,Pune,DEVICE_0058,,Utilities transaction,2026-04-11T04:45:01.430392
3526,58,58,DEBIT,1427.95,Netflix,Entertainment,Pune,DEVICE_0058,,Entertainment transaction,2026-05-22T04:45:01.430392
3527,58,58,DEBIT,2131.42,Zomato,Food,Pune,DEVICE_0058,,Food transaction,2026-07-22T04:45:01.430392
3528,58,58,DEBIT,3951.3,BookMyShow,Entertainment,Pune,DEVICE_0058,,Entertainment transaction,2026-06-03T04:45:01.430392
3529,58,58,DEBIT,2856.86,Swiggy,Food,Pune,DEVICE_0058,,Food transaction,2026-05-24T04:45:01.430392
3530,58,58,DEBIT,1083.53,Ola,Transport,Pune,DEVICE_0058,,Transport transaction,2026-05-13T04:45:01.430392
3531,58,58,DEBIT,3154.11,Flipkart,Shopping,Pune,DEVICE_0058,,Shopping transaction,2026-05-18T04:45:01.430392
3532,58,58,DEBIT,5057.97,Swiggy,Food,Pune,DEVICE_0058,,Food transaction,2026-07-29T04:45:01.430392
3533,58,58,DEBIT,3593.07,Zomato,Food,Pune,DEVICE_0058,,Food transaction,2026-07-28T04:45:01.430392
3534,58,58,DEBIT,1879.95,Apollo Pharmacy,Healthcare,Pune,DEVICE_0058,,Healthcare transaction,2026-06-25T04:45:01.430392
3535,58,58,DEBIT,5472.86,Swiggy,Food,Pune,DEVICE_0058,,Food transaction,2026-06-04T04:45:01.430392
3536,58,58,DEBIT,3820.39,Apollo Pharmacy,Healthcare,Pune,DEVICE_0058,,Healthcare transaction,2026-08-26T04:45:01.430392
3537,58,58,DEBIT,629.15,Swiggy,Food,Pune,DEVICE_0058,,Food transaction,2026-07-12T04:45:01.430392
3538,58,58,DEBIT,5615.09,Reliance Fresh,Groceries,Pune,DEVICE_0058,,Groceries transaction,2026-06-01T04:45:01.430392
3539,59,59,CREDIT,32163.13,Employer,Salary,Hyderabad,DEVICE_0059,,Monthly salary credit,2026-09-09T04:45:01.430392
3540,59,59,DEBIT,1450.07,Electricity Board,Utilities,Hyderabad,DEVICE_0059,,Utilities transaction,2026-09-09T04:45:01.430392
3541,59,59,DEBIT,436.66,BookMyShow,Entertainment,Hyderabad,DEVICE_0059,,Entertainment transaction,2026-06-06T04:45:01.430392
3542,59,59,DEBIT,461.12,Amazon,Shopping,Hyderabad,DEVICE_0059,,Shopping transaction,2026-09-09T04:45:01.430392
3543,59,59,DEBIT,2170.86,Airtel,Utilities,Hyderabad,DEVICE_0059,,Utilities transaction,2026-09-01T04:45:01.430392
3544,59,59,DEBIT,789.33,Swiggy,Food,Hyderabad,DEVICE_0059,,Food transaction,2026-08-22T04:45:01.430392
3545,59,59,DEBIT,538.48,Uber,Transport,Hyderabad,DEVICE_0059,,Transport transaction,2026-04-05T04:45:01.430392
3546,59,59,DEBIT,232.03,BookMyShow,Entertainment,Hyderabad,DEVICE_0059,,Entertainment transaction,2026-09-10T04:45:01.430392
3547,59,59,DEBIT,452.35,Airtel,Utilities,Hyderabad,DEVICE_0059,,Utilities transaction,2026-06-18T04:45:01.430392
3548,59,59,DEBIT,1878.83,Jio,Utilities,Hyderabad,DEVICE_0059,,Utilities transaction,2026-07-23T04:45:01.430392
3549,59,59,DEBIT,1340.07,Swiggy,Food,Hyderabad,DEVICE_0059,,Food transaction,2026-04-21T04:45:01.430392
3550,59,59,DEBIT,2135.14,Reliance Fresh,Groceries,Hyderabad,DEVICE_0059,,Groceries transaction,2026-06-26T04:45:01.430392
3551,59,59,DEBIT,1336.47,Ola,Transport,Hyderabad,DEVICE_0059,,Transport transaction,2026-07-12T04:45:01.430392
3552,59,59,DEBIT,1489.82,Amazon,Shopping,Hyderabad,DEVICE_0059,,Shopping transaction,2026-07-06T04:45:01.430392
3553,59,59,DEBIT,1490.02,Apollo Pharmacy,Healthcare,Hyderabad,DEVICE_0059,,Healthcare transaction,2026-09-07T04:45:01.430392
3554,59,59,DEBIT,305.66,Jio,Utilities,Hyderabad,DEVICE_0059,,Utilities transaction,2026-04-26T04:45:01.430392
3555,59,59,DEBIT,443.39,Uber,Transport,Hyderabad,DEVICE_0059,,Transport transaction,2026-05-29T04:45:01.430392
3556,59,59,DEBIT,202.87,Swiggy,Food,Hyderabad,DEVICE_0059,,Food transaction,2026-07-17T04:45:01.430392
3557,59,59,DEBIT,737.91,Amazon,Shopping,Hyderabad,DEVICE_0059,,Shopping transaction,2026-06-06T04:45:01.430392
3558,59,59,DEBIT,1038.42,Swiggy,Food,Hyderabad,DEVICE_0059,,Food transaction,2026-07-01T04:45:01.430392
3559,59,59,DEBIT,2387.22,Zomato,Food,Hyderabad,DEVICE_0059,,Food transaction,2026-03-21T04:45:01.430392
3560,59,59,DEBIT,1829.73,BigBasket,Groceries,Hyderabad,DEVICE_0059,,Groceries transaction,2026-08-15T04:45:01.430392
3561,59,59,DEBIT,602.37,Reliance Fresh,Groceries,Hyderabad,DEVICE_0059,,Groceries transaction,2026-08-15T04:45:01.430392
3562,59,59,DEBIT,441.43,Zomato,Food,Hyderabad,DEVICE_0059,,Food transaction,2026-07-02T04:45:01.430392
3563,59,59,DEBIT,381.04,Ola,Transport,Hyderabad,DEVICE_0059,,Transport transaction,2026-06-19T04:45:01.430392
3564,59,59,DEBIT,1055.47,Flipkart,Shopping,Hyderabad,DEVICE_0059,,Shopping transaction,2026-08-22T04:45:01.430392
3565,59,59,DEBIT,1634.52,Amazon,Shopping,Hyderabad,DEVICE_0059,,Shopping transaction,2026-07-29T04:45:01.430392
3566,59,59,DEBIT,1458.86,BigBasket,Groceries,Hyderabad,DEVICE_0059,,Groceries transaction,2026-04-12T04:45:01.430392
3567,59,59,DEBIT,1812.33,Swiggy,Food,Hyderabad,DEVICE_0059,,Food transaction,2026-08-05T04:45:01.430392
3568,59,59,DEBIT,1830.67,Apollo Pharmacy,Healthcare,Hyderabad,DEVICE_0059,,Healthcare transaction,2026-04-06T04:45:01.430392
3569,59,59,DEBIT,881.08,Jio,Utilities,Hyderabad,DEVICE_0059,,Utilities transaction,2026-08-17T04:45:01.430392
3570,59,59,DEBIT,2374.27,Uber,Transport,Hyderabad,DEVICE_0059,,Transport transaction,2026-03-27T04:45:01.430392
3571,59,59,DEBIT,2413.78,Ola,Transport,Hyderabad,DEVICE_0059,,Transport transaction,2026-08-24T04:45:01.430392
3572,59,59,DEBIT,205.17,Airtel,Utilities,Hyderabad,DEVICE_0059,,Utilities transaction,2026-08-05T04:45:01.430392
3573,59,59,DEBIT,1756.37,Airtel,Utilities,Hyderabad,DEVICE_0059,,Utilities transaction,2026-06-23T04:45:01.430392
3574,59,59,DEBIT,1126.91,Swiggy,Food,Hyderabad,DEVICE_0059,,Food transaction,2026-05-13T04:45:01.430392
3575,59,59,DEBIT,359.74,Jio,Utilities,Hyderabad,DEVICE_0059,,Utilities transaction,2026-04-18T04:45:01.430392
3576,59,59,DEBIT,2477.14,BigBasket,Groceries,Hyderabad,DEVICE_0059,,Groceries transaction,2026-07-03T04:45:01.430392
3577,59,59,DEBIT,414.64,Swiggy,Food,Hyderabad,DEVICE_0059,,Food transaction,2026-08-11T04:45:01.430392
3578,59,59,DEBIT,2021.4,Swiggy,Food,Hyderabad,DEVICE_0059,,Food transaction,2026-06-14T04:45:01.430392
3579,59,59,DEBIT,1372.78,Ola,Transport,Hyderabad,DEVICE_0059,,Transport transaction,2026-05-12T04:45:01.430392
3580,59,59,DEBIT,2508.62,Electricity Board,Utilities,Hyderabad,DEVICE_0059,,Utilities transaction,2026-04-11T04:45:01.430392
3581,59,59,DEBIT,1710.69,Airtel,Utilities,Hyderabad,DEVICE_0059,,Utilities transaction,2026-08-08T04:45:01.430392
3582,59,59,DEBIT,2440.23,Airtel,Utilities,Hyderabad,DEVICE_0059,,Utilities transaction,2026-07-12T04:45:01.430392
3583,59,59,DEBIT,1193.5,BigBasket,Groceries,Hyderabad,DEVICE_0059,,Groceries transaction,2026-05-08T04:45:01.430392
3584,59,59,DEBIT,1466.66,Netflix,Entertainment,Hyderabad,DEVICE_0059,,Entertainment transaction,2026-04-29T04:45:01.430392
3585,59,59,DEBIT,2149.23,Netflix,Entertainment,Hyderabad,DEVICE_0059,,Entertainment transaction,2026-06-06T04:45:01.430392
3586,59,59,DEBIT,1578.66,Flipkart,Shopping,Hyderabad,DEVICE_0059,,Shopping transaction,2026-05-28T04:45:01.430392
3587,59,59,DEBIT,1571.33,Netflix,Entertainment,Hyderabad,DEVICE_0059,,Entertainment transaction,2026-03-19T04:45:01.430392
3588,59,59,DEBIT,1975.71,Airtel,Utilities,Hyderabad,DEVICE_0059,,Utilities transaction,2026-03-17T04:45:01.430392
3589,59,59,DEBIT,758.13,Flipkart,Shopping,Hyderabad,DEVICE_0059,,Shopping transaction,2026-09-12T04:45:01.430392
3590,59,59,DEBIT,2558.59,Zomato,Food,Hyderabad,DEVICE_0059,,Food transaction,2026-09-08T04:45:01.430392
3591,59,59,DEBIT,1525.05,Ola,Transport,Hyderabad,DEVICE_0059,,Transport transaction,2026-08-09T04:45:01.430392
3592,59,59,DEBIT,341.38,Flipkart,Shopping,Hyderabad,DEVICE_0059,,Shopping transaction,2026-06-15T04:45:01.430392
3593,59,59,DEBIT,2214.13,Ola,Transport,Hyderabad,DEVICE_0059,,Transport transaction,2026-08-08T04:45:01.430392
3594,59,59,DEBIT,1292.52,Uber,Transport,Hyderabad,DEVICE_0059,,Transport transaction,2026-04-24T04:45:01.430392
3595,59,59,DEBIT,775.46,BigBasket,Groceries,Hyderabad,DEVICE_0059,,Groceries transaction,2026-07-17T04:45:01.430392
3596,59,59,DEBIT,1972.66,Amazon,Shopping,Hyderabad,DEVICE_0059,,Shopping transaction,2026-08-13T04:45:01.430392
3597,59,59,DEBIT,1870.54,Electricity Board,Utilities,Hyderabad,DEVICE_0059,,Utilities transaction,2026-06-08T04:45:01.430392
3598,59,59,DEBIT,262.52,Electricity Board,Utilities,Hyderabad,DEVICE_0059,,Utilities transaction,2026-05-27T04:45:01.430392
3599,59,59,DEBIT,328.34,Ola,Transport,Hyderabad,DEVICE_0059,,Transport transaction,2026-08-16T04:45:01.430392
3600,60,60,CREDIT,86946.19,Employer,Salary,Jaipur,DEVICE_0060,,Monthly salary credit,2026-08-22T04:45:01.430392
3601,60,60,DEBIT,698.37,BookMyShow,Entertainment,Jaipur,DEVICE_0060,,Entertainment transaction,2026-04-13T04:45:01.430392
3602,60,60,DEBIT,1268.57,Jio,Utilities,Jaipur,DEVICE_0060,,Utilities transaction,2026-08-06T04:45:01.430392
3603,60,60,DEBIT,1154.43,Ola,Transport,Jaipur,DEVICE_0060,,Transport transaction,2026-07-12T04:45:01.430392
3604,60,60,DEBIT,284.3,Flipkart,Shopping,Jaipur,DEVICE_0060,,Shopping transaction,2026-05-29T04:45:01.430392
3605,60,60,DEBIT,5370.93,Swiggy,Food,Jaipur,DEVICE_0060,,Food transaction,2026-05-15T04:45:01.430392
3606,60,60,DEBIT,1146.56,Electricity Board,Utilities,Jaipur,DEVICE_0060,,Utilities transaction,2026-04-30T04:45:01.430392
3607,60,60,DEBIT,6609.57,Electricity Board,Utilities,Jaipur,DEVICE_0060,,Utilities transaction,2026-05-15T04:45:01.430392
3608,60,60,DEBIT,5081.38,BigBasket,Groceries,Jaipur,DEVICE_0060,,Groceries transaction,2026-05-22T04:45:01.430392
3609,60,60,DEBIT,4556.39,Airtel,Utilities,Jaipur,DEVICE_0060,,Utilities transaction,2026-09-09T04:45:01.430392
3610,60,60,DEBIT,951.68,Uber,Transport,Jaipur,DEVICE_0060,,Transport transaction,2026-08-28T04:45:01.430392
3611,60,60,DEBIT,416.99,Apollo Pharmacy,Healthcare,Jaipur,DEVICE_0060,,Healthcare transaction,2026-07-30T04:45:01.430392
3612,60,60,DEBIT,1283.27,Netflix,Entertainment,Jaipur,DEVICE_0060,,Entertainment transaction,2026-06-03T04:45:01.430392
3613,60,60,DEBIT,3061.85,Jio,Utilities,Jaipur,DEVICE_0060,,Utilities transaction,2026-05-19T04:45:01.430392
3614,60,60,DEBIT,5006.05,Netflix,Entertainment,Jaipur,DEVICE_0060,,Entertainment transaction,2026-07-08T04:45:01.430392
3615,60,60,DEBIT,3590.5,BookMyShow,Entertainment,Jaipur,DEVICE_0060,,Entertainment transaction,2026-07-16T04:45:01.430392
3616,60,60,DEBIT,6492.59,BigBasket,Groceries,Jaipur,DEVICE_0060,,Groceries transaction,2026-07-05T04:45:01.430392
3617,60,60,DEBIT,3723.1,Flipkart,Shopping,Jaipur,DEVICE_0060,,Shopping transaction,2026-08-11T04:45:01.430392
3618,60,60,DEBIT,1631.29,Electricity Board,Utilities,Jaipur,DEVICE_0060,,Utilities transaction,2026-04-07T04:45:01.430392
3619,60,60,DEBIT,1678.87,Amazon,Shopping,Jaipur,DEVICE_0060,,Shopping transaction,2026-07-27T04:45:01.430392
3620,60,60,DEBIT,5239.72,Jio,Utilities,Jaipur,DEVICE_0060,,Utilities transaction,2026-04-22T04:45:01.430392
3621,60,60,DEBIT,5886.36,BookMyShow,Entertainment,Jaipur,DEVICE_0060,,Entertainment transaction,2026-03-19T04:45:01.430392
3622,60,60,DEBIT,3425.28,Reliance Fresh,Groceries,Jaipur,DEVICE_0060,,Groceries transaction,2026-03-29T04:45:01.430392
3623,60,60,DEBIT,2936.73,Apollo Pharmacy,Healthcare,Jaipur,DEVICE_0060,,Healthcare transaction,2026-06-07T04:45:01.430392
3624,60,60,DEBIT,569.35,Swiggy,Food,Jaipur,DEVICE_0060,,Food transaction,2026-06-09T04:45:01.430392
3625,60,60,DEBIT,3065.91,Apollo Pharmacy,Healthcare,Jaipur,DEVICE_0060,,Healthcare transaction,2026-07-05T04:45:01.430392
3626,60,60,DEBIT,905.29,Flipkart,Shopping,Jaipur,DEVICE_0060,,Shopping transaction,2026-06-12T04:45:01.430392
3627,60,60,DEBIT,5461.32,BookMyShow,Entertainment,Jaipur,DEVICE_0060,,Entertainment transaction,2026-06-19T04:45:01.430392
3628,60,60,DEBIT,1818.19,Amazon,Shopping,Jaipur,DEVICE_0060,,Shopping transaction,2026-08-02T04:45:01.430392
3629,60,60,DEBIT,919.24,Netflix,Entertainment,Jaipur,DEVICE_0060,,Entertainment transaction,2026-07-20T04:45:01.430392
3630,60,60,DEBIT,274.16,BookMyShow,Entertainment,Jaipur,DEVICE_0060,,Entertainment transaction,2026-06-25T04:45:01.430392
3631,60,60,DEBIT,3927.06,Zomato,Food,Jaipur,DEVICE_0060,,Food transaction,2026-04-02T04:45:01.430392
3632,60,60,DEBIT,1823.63,Amazon,Shopping,Jaipur,DEVICE_0060,,Shopping transaction,2026-08-22T04:45:01.430392
3633,60,60,DEBIT,4015.6,BookMyShow,Entertainment,Jaipur,DEVICE_0060,,Entertainment transaction,2026-04-21T04:45:01.430392
3634,60,60,DEBIT,3468.45,Airtel,Utilities,Jaipur,DEVICE_0060,,Utilities transaction,2026-08-31T04:45:01.430392
3635,60,60,DEBIT,829.7,Ola,Transport,Jaipur,DEVICE_0060,,Transport transaction,2026-06-25T04:45:01.430392
3636,60,60,DEBIT,6824.24,Amazon,Shopping,Jaipur,DEVICE_0060,,Shopping transaction,2026-07-02T04:45:01.430392
3637,60,60,DEBIT,3579.31,BigBasket,Groceries,Jaipur,DEVICE_0060,,Groceries transaction,2026-06-24T04:45:01.430392
3638,60,60,DEBIT,2839.05,Airtel,Utilities,Jaipur,DEVICE_0060,,Utilities transaction,2026-06-13T04:45:01.430392
3639,60,60,DEBIT,4946.94,Swiggy,Food,Jaipur,DEVICE_0060,,Food transaction,2026-08-19T04:45:01.430392
3640,60,60,DEBIT,2951.5,Ola,Transport,Jaipur,DEVICE_0060,,Transport transaction,2026-05-07T04:45:01.430392
3641,60,60,DEBIT,3592.56,Flipkart,Shopping,Jaipur,DEVICE_0060,,Shopping transaction,2026-08-05T04:45:01.430392
3642,60,60,DEBIT,4166.78,Amazon,Shopping,Jaipur,DEVICE_0060,,Shopping transaction,2026-06-07T04:45:01.430392
3643,60,60,DEBIT,4161.26,Reliance Fresh,Groceries,Jaipur,DEVICE_0060,,Groceries transaction,2026-09-03T04:45:01.430392
3644,60,60,DEBIT,1289.17,Uber,Transport,Jaipur,DEVICE_0060,,Transport transaction,2026-03-22T04:45:01.430392
3645,60,60,DEBIT,732.03,Reliance Fresh,Groceries,Jaipur,DEVICE_0060,,Groceries transaction,2026-04-05T04:45:01.430392
3646,60,60,DEBIT,6636.95,Flipkart,Shopping,Jaipur,DEVICE_0060,,Shopping transaction,2026-07-15T04:45:01.430392
3647,60,60,DEBIT,5655.06,Zomato,Food,Jaipur,DEVICE_0060,,Food transaction,2026-03-29T04:45:01.430392
3648,60,60,DEBIT,5393.95,Swiggy,Food,Jaipur,DEVICE_0060,,Food transaction,2026-08-02T04:45:01.430392
3649,60,60,DEBIT,3687.97,Netflix,Entertainment,Jaipur,DEVICE_0060,,Entertainment transaction,2026-04-10T04:45:01.430392
3650,60,60,DEBIT,3735.17,Apollo Pharmacy,Healthcare,Jaipur,DEVICE_0060,,Healthcare transaction,2026-06-17T04:45:01.430392
3651,60,60,DEBIT,5505.6,Reliance Fresh,Groceries,Jaipur,DEVICE_0060,,Groceries transaction,2026-06-18T04:45:01.430392
3652,60,60,DEBIT,2634.19,Uber,Transport,Jaipur,DEVICE_0060,,Transport transaction,2026-05-25T04:45:01.430392
3653,60,60,DEBIT,6217.16,Amazon,Shopping,Jaipur,DEVICE_0060,,Shopping transaction,2026-03-22T04:45:01.430392
3654,60,60,DEBIT,1815.36,BigBasket,Groceries,Jaipur,DEVICE_0060,,Groceries transaction,2026-04-09T04:45:01.430392
3655,60,60,DEBIT,706.67,BookMyShow,Entertainment,Jaipur,DEVICE_0060,,Entertainment transaction,2026-08-04T04:45:01.430392
3656,60,60,DEBIT,4441.16,BookMyShow,Entertainment,Jaipur,DEVICE_0060,,Entertainment transaction,2026-05-08T04:45:01.430392
3657,60,60,DEBIT,5636.49,Flipkart,Shopping,Jaipur,DEVICE_0060,,Shopping transaction,2026-08-07T04:45:01.430392
3658,60,60,DEBIT,6080.55,Airtel,Utilities,Jaipur,DEVICE_0060,,Utilities transaction,2026-04-25T04:45:01.430392
3659,60,60,DEBIT,6745.91,Jio,Utilities,Jaipur,DEVICE_0060,,Utilities transaction,2026-08-21T04:45:01.430392
3660,60,60,DEBIT,835.81,Reliance Fresh,Groceries,Jaipur,DEVICE_0060,,Groceries transaction,2026-06-24T04:45:01.430392
3661,61,61,CREDIT,97005.23,Employer,Salary,Mumbai,DEVICE_0061,,Monthly salary credit,2026-09-07T04:45:01.430392
3662,61,61,DEBIT,1420.8,Uber,Transport,Mumbai,DEVICE_0061,,Transport transaction,2026-07-03T04:45:01.430392
3663,61,61,DEBIT,2946.91,BookMyShow,Entertainment,Mumbai,DEVICE_0061,,Entertainment transaction,2026-08-21T04:45:01.430392
3664,61,61,DEBIT,1554.72,Flipkart,Shopping,Mumbai,DEVICE_0061,,Shopping transaction,2026-05-18T04:45:01.430392
3665,61,61,DEBIT,7655.66,Uber,Transport,Mumbai,DEVICE_0061,,Transport transaction,2026-07-09T04:45:01.430392
3666,61,61,DEBIT,6827.9,Airtel,Utilities,Mumbai,DEVICE_0061,,Utilities transaction,2026-03-30T04:45:01.430392
3667,61,61,DEBIT,7305.5,Swiggy,Food,Mumbai,DEVICE_0061,,Food transaction,2026-04-20T04:45:01.430392
3668,61,61,DEBIT,499.34,Reliance Fresh,Groceries,Mumbai,DEVICE_0061,,Groceries transaction,2026-07-01T04:45:01.430392
3669,61,61,DEBIT,3292.46,BigBasket,Groceries,Mumbai,DEVICE_0061,,Groceries transaction,2026-04-07T04:45:01.430392
3670,61,61,DEBIT,1175.17,Apollo Pharmacy,Healthcare,Mumbai,DEVICE_0061,,Healthcare transaction,2026-06-11T04:45:01.430392
3671,61,61,DEBIT,6587.31,Netflix,Entertainment,Mumbai,DEVICE_0061,,Entertainment transaction,2026-06-24T04:45:01.430392
3672,61,61,DEBIT,831.22,Ola,Transport,Mumbai,DEVICE_0061,,Transport transaction,2026-05-30T04:45:01.430392
3673,61,61,DEBIT,3602.89,Netflix,Entertainment,Mumbai,DEVICE_0061,,Entertainment transaction,2026-03-22T04:45:01.430392
3674,61,61,DEBIT,4892.1,Amazon,Shopping,Mumbai,DEVICE_0061,,Shopping transaction,2026-04-01T04:45:01.430392
3675,61,61,DEBIT,5802.59,Amazon,Shopping,Mumbai,DEVICE_0061,,Shopping transaction,2026-07-12T04:45:01.430392
3676,61,61,DEBIT,6408.88,Electricity Board,Utilities,Mumbai,DEVICE_0061,,Utilities transaction,2026-09-10T04:45:01.430392
3677,61,61,DEBIT,6649.49,Swiggy,Food,Mumbai,DEVICE_0061,,Food transaction,2026-06-30T04:45:01.430392
3678,61,61,DEBIT,1396.1,BigBasket,Groceries,Mumbai,DEVICE_0061,,Groceries transaction,2026-06-02T04:45:01.430392
3679,61,61,DEBIT,751.75,Jio,Utilities,Mumbai,DEVICE_0061,,Utilities transaction,2026-06-05T04:45:01.430392
3680,61,61,DEBIT,3695.02,Jio,Utilities,Mumbai,DEVICE_0061,,Utilities transaction,2026-08-20T04:45:01.430392
3681,61,61,DEBIT,3722.23,Ola,Transport,Mumbai,DEVICE_0061,,Transport transaction,2026-04-01T04:45:01.430392
3682,61,61,DEBIT,7005.33,Netflix,Entertainment,Mumbai,DEVICE_0061,,Entertainment transaction,2026-05-16T04:45:01.430392
3683,61,61,DEBIT,848.85,Flipkart,Shopping,Mumbai,DEVICE_0061,,Shopping transaction,2026-08-16T04:45:01.430392
3684,61,61,DEBIT,6008.04,BigBasket,Groceries,Mumbai,DEVICE_0061,,Groceries transaction,2026-07-23T04:45:01.430392
3685,61,61,DEBIT,2685.27,BigBasket,Groceries,Mumbai,DEVICE_0061,,Groceries transaction,2026-06-23T04:45:01.430392
3686,61,61,DEBIT,7733.49,Ola,Transport,Mumbai,DEVICE_0061,,Transport transaction,2026-05-11T04:45:01.430392
3687,61,61,DEBIT,5509.61,Zomato,Food,Mumbai,DEVICE_0061,,Food transaction,2026-05-14T04:45:01.430392
3688,61,61,DEBIT,2304.63,Flipkart,Shopping,Mumbai,DEVICE_0061,,Shopping transaction,2026-09-03T04:45:01.430392
3689,61,61,DEBIT,1377.47,Netflix,Entertainment,Mumbai,DEVICE_0061,,Entertainment transaction,2026-05-15T04:45:01.430392
3690,61,61,DEBIT,5040.3,Swiggy,Food,Mumbai,DEVICE_0061,,Food transaction,2026-06-23T04:45:01.430392
3691,61,61,DEBIT,436.82,BookMyShow,Entertainment,Mumbai,DEVICE_0061,,Entertainment transaction,2026-04-12T04:45:01.430392
3692,61,61,DEBIT,3075.11,Airtel,Utilities,Mumbai,DEVICE_0061,,Utilities transaction,2026-06-12T04:45:01.430392
3693,61,61,DEBIT,3451.81,Airtel,Utilities,Mumbai,DEVICE_0061,,Utilities transaction,2026-05-14T04:45:01.430392
3694,61,61,DEBIT,608.85,Zomato,Food,Mumbai,DEVICE_0061,,Food transaction,2026-09-07T04:45:01.430392
3695,61,61,DEBIT,5368.84,Airtel,Utilities,Mumbai,DEVICE_0061,,Utilities transaction,2026-07-05T04:45:01.430392
3696,61,61,DEBIT,5006.06,Uber,Transport,Mumbai,DEVICE_0061,,Transport transaction,2026-08-22T04:45:01.430392
3697,61,61,DEBIT,723.63,Swiggy,Food,Mumbai,DEVICE_0061,,Food transaction,2026-06-01T04:45:01.430392
3698,61,61,DEBIT,2455.55,Flipkart,Shopping,Mumbai,DEVICE_0061,,Shopping transaction,2026-05-20T04:45:01.430392
3699,61,61,DEBIT,3373.27,Jio,Utilities,Mumbai,DEVICE_0061,,Utilities transaction,2026-07-20T04:45:01.430392
3700,61,61,DEBIT,6952.01,Apollo Pharmacy,Healthcare,Mumbai,DEVICE_0061,,Healthcare transaction,2026-07-27T04:45:01.430392
3701,61,61,DEBIT,606.31,Jio,Utilities,Mumbai,DEVICE_0061,,Utilities transaction,2026-05-26T04:45:01.430392
3702,61,61,DEBIT,7483.45,Ola,Transport,Mumbai,DEVICE_0061,,Transport transaction,2026-06-28T04:45:01.430392
3703,61,61,DEBIT,1701.54,Swiggy,Food,Mumbai,DEVICE_0061,,Food transaction,2026-05-28T04:45:01.430392
3704,61,61,DEBIT,3794.97,Reliance Fresh,Groceries,Mumbai,DEVICE_0061,,Groceries transaction,2026-03-20T04:45:01.430392
3705,61,61,DEBIT,1414.88,Airtel,Utilities,Mumbai,DEVICE_0061,,Utilities transaction,2026-03-18T04:45:01.430392
3706,61,61,DEBIT,2881.62,BigBasket,Groceries,Mumbai,DEVICE_0061,,Groceries transaction,2026-03-19T04:45:01.430392
3707,61,61,DEBIT,3142.05,BookMyShow,Entertainment,Mumbai,DEVICE_0061,,Entertainment transaction,2026-09-10T04:45:01.430392
3708,61,61,DEBIT,6120.35,Netflix,Entertainment,Mumbai,DEVICE_0061,,Entertainment transaction,2026-04-13T04:45:01.430392
3709,61,61,DEBIT,788.27,Zomato,Food,Mumbai,DEVICE_0061,,Food transaction,2026-03-26T04:45:01.430392
3710,61,61,DEBIT,4861.09,BookMyShow,Entertainment,Mumbai,DEVICE_0061,,Entertainment transaction,2026-06-22T04:45:01.430392
3711,61,61,DEBIT,7657.35,Apollo Pharmacy,Healthcare,Mumbai,DEVICE_0061,,Healthcare transaction,2026-06-23T04:45:01.430392
3712,61,61,DEBIT,1337.89,Amazon,Shopping,Mumbai,DEVICE_0061,,Shopping transaction,2026-05-18T04:45:01.430392
3713,61,61,DEBIT,3976.02,Swiggy,Food,Mumbai,DEVICE_0061,,Food transaction,2026-06-23T04:45:01.430392
3714,61,61,DEBIT,6187.98,Flipkart,Shopping,Mumbai,DEVICE_0061,,Shopping transaction,2026-03-24T04:45:01.430392
3715,61,61,DEBIT,2186.9,BigBasket,Groceries,Mumbai,DEVICE_0061,,Groceries transaction,2026-09-12T04:45:01.430392
3716,61,61,DEBIT,7331.92,Reliance Fresh,Groceries,Mumbai,DEVICE_0061,,Groceries transaction,2026-08-11T04:45:01.430392
3717,61,61,DEBIT,3597.11,Apollo Pharmacy,Healthcare,Mumbai,DEVICE_0061,,Healthcare transaction,2026-04-17T04:45:01.430392
3718,61,61,DEBIT,475.85,Flipkart,Shopping,Mumbai,DEVICE_0061,,Shopping transaction,2026-07-26T04:45:01.430392
3719,61,61,DEBIT,5465.42,BigBasket,Groceries,Mumbai,DEVICE_0061,,Groceries transaction,2026-08-01T04:45:01.430392
3720,61,61,DEBIT,3054.49,BookMyShow,Entertainment,Mumbai,DEVICE_0061,,Entertainment transaction,2026-06-15T04:45:01.430392
3721,61,61,DEBIT,7400.37,Zomato,Food,Mumbai,DEVICE_0061,,Food transaction,2026-03-23T04:45:01.430392
3722,62,62,CREDIT,117295.11,Employer,Salary,Vadodara,DEVICE_0062,,Monthly salary credit,2026-08-25T04:45:01.430392
3723,62,62,DEBIT,3600.29,Amazon,Shopping,Vadodara,DEVICE_0062,,Shopping transaction,2026-06-11T04:45:01.430392
3724,62,62,DEBIT,2972.94,Amazon,Shopping,Vadodara,DEVICE_0062,,Shopping transaction,2026-06-26T04:45:01.430392
3725,62,62,DEBIT,7721.85,Netflix,Entertainment,Vadodara,DEVICE_0062,,Entertainment transaction,2026-08-12T04:45:01.430392
3726,62,62,DEBIT,4783.82,Electricity Board,Utilities,Vadodara,DEVICE_0062,,Utilities transaction,2026-05-19T04:45:01.430392
3727,62,62,DEBIT,3968.83,BigBasket,Groceries,Vadodara,DEVICE_0062,,Groceries transaction,2026-06-14T04:45:01.430392
3728,62,62,DEBIT,5181.8,Jio,Utilities,Vadodara,DEVICE_0062,,Utilities transaction,2026-05-02T04:45:01.430392
3729,62,62,DEBIT,3284.1,Airtel,Utilities,Vadodara,DEVICE_0062,,Utilities transaction,2026-07-29T04:45:01.430392
3730,62,62,DEBIT,4134.11,Reliance Fresh,Groceries,Vadodara,DEVICE_0062,,Groceries transaction,2026-07-29T04:45:01.430392
3731,62,62,DEBIT,5663.25,Netflix,Entertainment,Vadodara,DEVICE_0062,,Entertainment transaction,2026-04-27T04:45:01.430392
3732,62,62,DEBIT,3704.13,BigBasket,Groceries,Vadodara,DEVICE_0062,,Groceries transaction,2026-03-28T04:45:01.430392
3733,62,62,DEBIT,6447.44,Electricity Board,Utilities,Vadodara,DEVICE_0062,,Utilities transaction,2026-04-03T04:45:01.430392
3734,62,62,DEBIT,6647.74,Uber,Transport,Vadodara,DEVICE_0062,,Transport transaction,2026-08-18T04:45:01.430392
3735,62,62,DEBIT,7601.44,Flipkart,Shopping,Vadodara,DEVICE_0062,,Shopping transaction,2026-08-17T04:45:01.430392
3736,62,62,DEBIT,6165.9,Flipkart,Shopping,Vadodara,DEVICE_0062,,Shopping transaction,2026-04-08T04:45:01.430392
3737,62,62,DEBIT,1152.11,BigBasket,Groceries,Vadodara,DEVICE_0062,,Groceries transaction,2026-04-06T04:45:01.430392
3738,62,62,DEBIT,1115.62,Netflix,Entertainment,Vadodara,DEVICE_0062,,Entertainment transaction,2026-05-22T04:45:01.430392
3739,62,62,DEBIT,5537.82,Netflix,Entertainment,Vadodara,DEVICE_0062,,Entertainment transaction,2026-09-04T04:45:01.430392
3740,62,62,DEBIT,2862.37,Apollo Pharmacy,Healthcare,Vadodara,DEVICE_0062,,Healthcare transaction,2026-05-28T04:45:01.430392
3741,62,62,DEBIT,2246.84,Zomato,Food,Vadodara,DEVICE_0062,,Food transaction,2026-05-19T04:45:01.430392
3742,62,62,DEBIT,3699.69,Netflix,Entertainment,Vadodara,DEVICE_0062,,Entertainment transaction,2026-07-24T04:45:01.430392
3743,62,62,DEBIT,4512.39,Jio,Utilities,Vadodara,DEVICE_0062,,Utilities transaction,2026-08-12T04:45:01.430392
3744,62,62,DEBIT,9086.21,Ola,Transport,Vadodara,DEVICE_0062,,Transport transaction,2026-05-17T04:45:01.430392
3745,62,62,DEBIT,8538.66,BigBasket,Groceries,Vadodara,DEVICE_0062,,Groceries transaction,2026-03-31T04:45:01.430392
3746,62,62,DEBIT,7405.78,Electricity Board,Utilities,Vadodara,DEVICE_0062,,Utilities transaction,2026-06-03T04:45:01.430392
3747,62,62,DEBIT,8829.07,Amazon,Shopping,Vadodara,DEVICE_0062,,Shopping transaction,2026-07-17T04:45:01.430392
3748,62,62,DEBIT,2804.51,Netflix,Entertainment,Vadodara,DEVICE_0062,,Entertainment transaction,2026-03-28T04:45:01.430392
3749,62,62,DEBIT,3023.01,Uber,Transport,Vadodara,DEVICE_0062,,Transport transaction,2026-05-29T04:45:01.430392
3750,62,62,DEBIT,2418.34,Apollo Pharmacy,Healthcare,Vadodara,DEVICE_0062,,Healthcare transaction,2026-05-29T04:45:01.430392
3751,62,62,DEBIT,342.62,Amazon,Shopping,Vadodara,DEVICE_0062,,Shopping transaction,2026-08-04T04:45:01.430392
3752,62,62,DEBIT,3638.4,Airtel,Utilities,Vadodara,DEVICE_0062,,Utilities transaction,2026-05-03T04:45:01.430392
3753,62,62,DEBIT,7007.31,Jio,Utilities,Vadodara,DEVICE_0062,,Utilities transaction,2026-06-23T04:45:01.430392
3754,62,62,DEBIT,1764.99,Ola,Transport,Vadodara,DEVICE_0062,,Transport transaction,2026-04-19T04:45:01.430392
3755,62,62,DEBIT,2420.88,BigBasket,Groceries,Vadodara,DEVICE_0062,,Groceries transaction,2026-06-04T04:45:01.430392
3756,62,62,DEBIT,5859.56,Zomato,Food,Vadodara,DEVICE_0062,,Food transaction,2026-06-04T04:45:01.430392
3757,62,62,DEBIT,673.7,Jio,Utilities,Vadodara,DEVICE_0062,,Utilities transaction,2026-04-18T04:45:01.430392
3758,62,62,DEBIT,1383.5,BigBasket,Groceries,Vadodara,DEVICE_0062,,Groceries transaction,2026-04-03T04:45:01.430392
3759,62,62,DEBIT,9175.65,BigBasket,Groceries,Vadodara,DEVICE_0062,,Groceries transaction,2026-07-30T04:45:01.430392
3760,62,62,DEBIT,8503.56,BigBasket,Groceries,Vadodara,DEVICE_0062,,Groceries transaction,2026-05-03T04:45:01.430392
3761,62,62,DEBIT,4216.93,Swiggy,Food,Vadodara,DEVICE_0062,,Food transaction,2026-08-18T04:45:01.430392
3762,62,62,DEBIT,7557.65,Electricity Board,Utilities,Vadodara,DEVICE_0062,,Utilities transaction,2026-05-06T04:45:01.430392
3763,62,62,DEBIT,5998.91,Flipkart,Shopping,Vadodara,DEVICE_0062,,Shopping transaction,2026-06-04T04:45:01.430392
3764,62,62,DEBIT,7199.49,Jio,Utilities,Vadodara,DEVICE_0062,,Utilities transaction,2026-07-08T04:45:01.430392
3765,62,62,DEBIT,5277.67,Jio,Utilities,Vadodara,DEVICE_0062,,Utilities transaction,2026-06-22T04:45:01.430392
3766,62,62,DEBIT,1056.41,Zomato,Food,Vadodara,DEVICE_0062,,Food transaction,2026-09-06T04:45:01.430392
3767,62,62,DEBIT,305.96,BigBasket,Groceries,Vadodara,DEVICE_0062,,Groceries transaction,2026-04-14T04:45:01.430392
3768,62,62,DEBIT,455.47,Swiggy,Food,Vadodara,DEVICE_0062,,Food transaction,2026-04-26T04:45:01.430392
3769,62,62,DEBIT,5451.13,Flipkart,Shopping,Vadodara,DEVICE_0062,,Shopping transaction,2026-09-06T04:45:01.430392
3770,62,62,DEBIT,6942.32,Electricity Board,Utilities,Vadodara,DEVICE_0062,,Utilities transaction,2026-05-19T04:45:01.430392
3771,62,62,DEBIT,5999.47,Apollo Pharmacy,Healthcare,Vadodara,DEVICE_0062,,Healthcare transaction,2026-06-13T04:45:01.430392
3772,62,62,DEBIT,2401.51,Swiggy,Food,Vadodara,DEVICE_0062,,Food transaction,2026-07-18T04:45:01.430392
3773,62,62,DEBIT,1980.05,Uber,Transport,Vadodara,DEVICE_0062,,Transport transaction,2026-07-12T04:45:01.430392
3774,62,62,DEBIT,7363.48,Electricity Board,Utilities,Vadodara,DEVICE_0062,,Utilities transaction,2026-06-08T04:45:01.430392
3775,62,62,DEBIT,2592.14,Airtel,Utilities,Vadodara,DEVICE_0062,,Utilities transaction,2026-08-30T04:45:01.430392
3776,62,62,DEBIT,961.9,Uber,Transport,Vadodara,DEVICE_0062,,Transport transaction,2026-08-07T04:45:01.430392
3777,62,62,DEBIT,412.52,Apollo Pharmacy,Healthcare,Vadodara,DEVICE_0062,,Healthcare transaction,2026-04-17T04:45:01.430392
3778,62,62,DEBIT,1149.76,Jio,Utilities,Vadodara,DEVICE_0062,,Utilities transaction,2026-05-18T04:45:01.430392
3779,62,62,DEBIT,1326.68,BookMyShow,Entertainment,Vadodara,DEVICE_0062,,Entertainment transaction,2026-08-07T04:45:01.430392
3780,62,62,DEBIT,2606.06,Uber,Transport,Vadodara,DEVICE_0062,,Transport transaction,2026-07-28T04:45:01.430392
3781,62,62,DEBIT,910.64,Flipkart,Shopping,Vadodara,DEVICE_0062,,Shopping transaction,2026-06-12T04:45:01.430392
3782,62,62,DEBIT,2109.94,Jio,Utilities,Vadodara,DEVICE_0062,,Utilities transaction,2026-08-18T04:45:01.430392
3783,63,63,CREDIT,164067.26,Employer,Salary,Pune,DEVICE_0063,,Monthly salary credit,2026-08-28T04:45:01.430392
3784,63,63,DEBIT,483.8,Airtel,Utilities,Pune,DEVICE_0063,,Utilities transaction,2026-08-25T04:45:01.430392
3785,63,63,DEBIT,12598.25,Reliance Fresh,Groceries,Pune,DEVICE_0063,,Groceries transaction,2026-08-24T04:45:01.430392
3786,63,63,DEBIT,9084.08,Zomato,Food,Pune,DEVICE_0063,,Food transaction,2026-06-08T04:45:01.430392
3787,63,63,DEBIT,8388.9,Ola,Transport,Pune,DEVICE_0063,,Transport transaction,2026-05-20T04:45:01.430392
3788,63,63,DEBIT,2282.33,Airtel,Utilities,Pune,DEVICE_0063,,Utilities transaction,2026-06-28T04:45:01.430392
3789,63,63,DEBIT,11879.87,Amazon,Shopping,Pune,DEVICE_0063,,Shopping transaction,2026-03-28T04:45:01.430392
3790,63,63,DEBIT,8358.67,BookMyShow,Entertainment,Pune,DEVICE_0063,,Entertainment transaction,2026-09-04T04:45:01.430392
3791,63,63,DEBIT,12814.08,Flipkart,Shopping,Pune,DEVICE_0063,,Shopping transaction,2026-06-16T04:45:01.430392
3792,63,63,DEBIT,13059.67,Reliance Fresh,Groceries,Pune,DEVICE_0063,,Groceries transaction,2026-04-12T04:45:01.430392
3793,63,63,DEBIT,264.82,Netflix,Entertainment,Pune,DEVICE_0063,,Entertainment transaction,2026-05-02T04:45:01.430392
3794,63,63,DEBIT,3489.52,Electricity Board,Utilities,Pune,DEVICE_0063,,Utilities transaction,2026-08-12T04:45:01.430392
3795,63,63,DEBIT,8034.21,Zomato,Food,Pune,DEVICE_0063,,Food transaction,2026-04-28T04:45:01.430392
3796,63,63,DEBIT,6895.28,Amazon,Shopping,Pune,DEVICE_0063,,Shopping transaction,2026-08-04T04:45:01.430392
3797,63,63,DEBIT,11404.68,Zomato,Food,Pune,DEVICE_0063,,Food transaction,2026-08-14T04:45:01.430392
3798,63,63,DEBIT,581.27,Zomato,Food,Pune,DEVICE_0063,,Food transaction,2026-08-08T04:45:01.430392
3799,63,63,DEBIT,1278.53,Zomato,Food,Pune,DEVICE_0063,,Food transaction,2026-03-19T04:45:01.430392
3800,63,63,DEBIT,3658.71,Swiggy,Food,Pune,DEVICE_0063,,Food transaction,2026-05-12T04:45:01.430392
3801,63,63,DEBIT,12520.85,Zomato,Food,Pune,DEVICE_0063,,Food transaction,2026-06-15T04:45:01.430392
3802,63,63,DEBIT,7328.31,Electricity Board,Utilities,Pune,DEVICE_0063,,Utilities transaction,2026-06-29T04:45:01.430392
3803,63,63,DEBIT,9831.92,Reliance Fresh,Groceries,Pune,DEVICE_0063,,Groceries transaction,2026-05-09T04:45:01.430392
3804,63,63,DEBIT,6826.28,BigBasket,Groceries,Pune,DEVICE_0063,,Groceries transaction,2026-06-02T04:45:01.430392
3805,63,63,DEBIT,3432.55,Zomato,Food,Pune,DEVICE_0063,,Food transaction,2026-07-24T04:45:01.430392
3806,63,63,DEBIT,11135.33,Apollo Pharmacy,Healthcare,Pune,DEVICE_0063,,Healthcare transaction,2026-07-03T04:45:01.430392
3807,63,63,DEBIT,1529.95,BigBasket,Groceries,Pune,DEVICE_0063,,Groceries transaction,2026-04-15T04:45:01.430392
3808,63,63,DEBIT,2341.13,Uber,Transport,Pune,DEVICE_0063,,Transport transaction,2026-07-22T04:45:01.430392
3809,63,63,DEBIT,6505.41,Electricity Board,Utilities,Pune,DEVICE_0063,,Utilities transaction,2026-05-21T04:45:01.430392
3810,63,63,DEBIT,7907.79,BigBasket,Groceries,Pune,DEVICE_0063,,Groceries transaction,2026-07-05T04:45:01.430392
3811,63,63,DEBIT,4319.95,Jio,Utilities,Pune,DEVICE_0063,,Utilities transaction,2026-08-16T04:45:01.430392
3812,63,63,DEBIT,5151.01,BookMyShow,Entertainment,Pune,DEVICE_0063,,Entertainment transaction,2026-07-23T04:45:01.430392
3813,63,63,DEBIT,4761.57,BookMyShow,Entertainment,Pune,DEVICE_0063,,Entertainment transaction,2026-04-04T04:45:01.430392
3814,63,63,DEBIT,1030.67,Jio,Utilities,Pune,DEVICE_0063,,Utilities transaction,2026-08-01T04:45:01.430392
3815,63,63,DEBIT,12583.77,Amazon,Shopping,Pune,DEVICE_0063,,Shopping transaction,2026-07-10T04:45:01.430392
3816,63,63,DEBIT,5496.93,BookMyShow,Entertainment,Pune,DEVICE_0063,,Entertainment transaction,2026-04-11T04:45:01.430392
3817,63,63,DEBIT,11538.82,Jio,Utilities,Pune,DEVICE_0063,,Utilities transaction,2026-04-30T04:45:01.430392
3818,63,63,DEBIT,5348.27,Ola,Transport,Pune,DEVICE_0063,,Transport transaction,2026-08-14T04:45:01.430392
3819,63,63,DEBIT,10657.16,Swiggy,Food,Pune,DEVICE_0063,,Food transaction,2026-05-26T04:45:01.430392
3820,63,63,DEBIT,2603.02,Airtel,Utilities,Pune,DEVICE_0063,,Utilities transaction,2026-07-12T04:45:01.430392
3821,63,63,DEBIT,2981.34,Flipkart,Shopping,Pune,DEVICE_0063,,Shopping transaction,2026-06-09T04:45:01.430392
3822,63,63,DEBIT,2074.69,Ola,Transport,Pune,DEVICE_0063,,Transport transaction,2026-06-24T04:45:01.430392
3823,63,63,DEBIT,324.51,Flipkart,Shopping,Pune,DEVICE_0063,,Shopping transaction,2026-03-20T04:45:01.430392
3824,63,63,DEBIT,9464.95,Amazon,Shopping,Pune,DEVICE_0063,,Shopping transaction,2026-07-20T04:45:01.430392
3825,63,63,DEBIT,7534.76,Reliance Fresh,Groceries,Pune,DEVICE_0063,,Groceries transaction,2026-06-22T04:45:01.430392
3826,63,63,DEBIT,7459.42,Zomato,Food,Pune,DEVICE_0063,,Food transaction,2026-06-06T04:45:01.430392
3827,63,63,DEBIT,7978.52,Uber,Transport,Pune,DEVICE_0063,,Transport transaction,2026-05-01T04:45:01.430392
3828,63,63,DEBIT,1530.28,Zomato,Food,Pune,DEVICE_0063,,Food transaction,2026-07-03T04:45:01.430392
3829,63,63,DEBIT,8057.4,Electricity Board,Utilities,Pune,DEVICE_0063,,Utilities transaction,2026-03-25T04:45:01.430392
3830,63,63,DEBIT,7618.5,Flipkart,Shopping,Pune,DEVICE_0063,,Shopping transaction,2026-03-31T04:45:01.430392
3831,63,63,DEBIT,9016.81,BigBasket,Groceries,Pune,DEVICE_0063,,Groceries transaction,2026-05-24T04:45:01.430392
3832,63,63,DEBIT,10713.43,Ola,Transport,Pune,DEVICE_0063,,Transport transaction,2026-07-24T04:45:01.430392
3833,63,63,DEBIT,841.87,Zomato,Food,Pune,DEVICE_0063,,Food transaction,2026-05-09T04:45:01.430392
3834,63,63,DEBIT,804.8,Reliance Fresh,Groceries,Pune,DEVICE_0063,,Groceries transaction,2026-07-04T04:45:01.430392
3835,63,63,DEBIT,1741.47,BigBasket,Groceries,Pune,DEVICE_0063,,Groceries transaction,2026-05-20T04:45:01.430392
3836,63,63,DEBIT,7973.72,Swiggy,Food,Pune,DEVICE_0063,,Food transaction,2026-04-14T04:45:01.430392
3837,63,63,DEBIT,3255.84,BigBasket,Groceries,Pune,DEVICE_0063,,Groceries transaction,2026-09-07T04:45:01.430392
3838,63,63,DEBIT,430.54,Uber,Transport,Pune,DEVICE_0063,,Transport transaction,2026-04-18T04:45:01.430392
3839,63,63,DEBIT,11983.33,Amazon,Shopping,Pune,DEVICE_0063,,Shopping transaction,2026-07-02T04:45:01.430392
3840,63,63,DEBIT,11078.55,Swiggy,Food,Pune,DEVICE_0063,,Food transaction,2026-06-01T04:45:01.430392
3841,63,63,DEBIT,11778.94,Amazon,Shopping,Pune,DEVICE_0063,,Shopping transaction,2026-04-30T04:45:01.430392
3842,63,63,DEBIT,4560.89,Amazon,Shopping,Pune,DEVICE_0063,,Shopping transaction,2026-09-08T04:45:01.430392
3843,63,63,DEBIT,6273.55,Flipkart,Shopping,Pune,DEVICE_0063,,Shopping transaction,2026-05-29T04:45:01.430392
3844,64,64,CREDIT,122146.01,Employer,Salary,Bengaluru,DEVICE_0064,,Monthly salary credit,2026-08-20T04:45:01.430392
3845,64,64,DEBIT,2829.09,Uber,Transport,Bengaluru,DEVICE_0064,,Transport transaction,2026-06-16T04:45:01.430392
3846,64,64,DEBIT,963.51,BigBasket,Groceries,Bengaluru,DEVICE_0064,,Groceries transaction,2026-06-24T04:45:01.430392
3847,64,64,DEBIT,6060.94,Reliance Fresh,Groceries,Bengaluru,DEVICE_0064,,Groceries transaction,2026-06-04T04:45:01.430392
3848,64,64,DEBIT,6866.26,Uber,Transport,Bengaluru,DEVICE_0064,,Transport transaction,2026-05-19T04:45:01.430392
3849,64,64,DEBIT,8323.22,Reliance Fresh,Groceries,Bengaluru,DEVICE_0064,,Groceries transaction,2026-08-12T04:45:01.430392
3850,64,64,DEBIT,3778.91,Jio,Utilities,Bengaluru,DEVICE_0064,,Utilities transaction,2026-04-07T04:45:01.430392
3851,64,64,DEBIT,480.34,Flipkart,Shopping,Bengaluru,DEVICE_0064,,Shopping transaction,2026-08-31T04:45:01.430392
3852,64,64,DEBIT,299.51,Jio,Utilities,Bengaluru,DEVICE_0064,,Utilities transaction,2026-08-17T04:45:01.430392
3853,64,64,DEBIT,8444.94,Ola,Transport,Bengaluru,DEVICE_0064,,Transport transaction,2026-05-24T04:45:01.430392
3854,64,64,DEBIT,1829.02,Zomato,Food,Bengaluru,DEVICE_0064,,Food transaction,2026-07-26T04:45:01.430392
3855,64,64,DEBIT,8836.3,Electricity Board,Utilities,Bengaluru,DEVICE_0064,,Utilities transaction,2026-06-10T04:45:01.430392
3856,64,64,DEBIT,8842.08,Jio,Utilities,Bengaluru,DEVICE_0064,,Utilities transaction,2026-09-11T04:45:01.430392
3857,64,64,DEBIT,8508.36,Electricity Board,Utilities,Bengaluru,DEVICE_0064,,Utilities transaction,2026-07-08T04:45:01.430392
3858,64,64,DEBIT,612.31,Airtel,Utilities,Bengaluru,DEVICE_0064,,Utilities transaction,2026-08-31T04:45:01.430392
3859,64,64,DEBIT,918.28,Uber,Transport,Bengaluru,DEVICE_0064,,Transport transaction,2026-06-20T04:45:01.430392
3860,64,64,DEBIT,6065.05,Electricity Board,Utilities,Bengaluru,DEVICE_0064,,Utilities transaction,2026-06-07T04:45:01.430392
3861,64,64,DEBIT,6887.4,Uber,Transport,Bengaluru,DEVICE_0064,,Transport transaction,2026-08-08T04:45:01.430392
3862,64,64,DEBIT,4609.61,BookMyShow,Entertainment,Bengaluru,DEVICE_0064,,Entertainment transaction,2026-08-11T04:45:01.430392
3863,64,64,DEBIT,8449.78,Ola,Transport,Bengaluru,DEVICE_0064,,Transport transaction,2026-04-16T04:45:01.430392
3864,64,64,DEBIT,9444.68,Jio,Utilities,Bengaluru,DEVICE_0064,,Utilities transaction,2026-05-30T04:45:01.430392
3865,64,64,DEBIT,4476.43,Apollo Pharmacy,Healthcare,Bengaluru,DEVICE_0064,,Healthcare transaction,2026-08-12T04:45:01.430392
3866,64,64,DEBIT,5249.91,Netflix,Entertainment,Bengaluru,DEVICE_0064,,Entertainment transaction,2026-04-18T04:45:01.430392
3867,64,64,DEBIT,6529.46,Reliance Fresh,Groceries,Bengaluru,DEVICE_0064,,Groceries transaction,2026-07-03T04:45:01.430392
3868,64,64,DEBIT,7595.5,Ola,Transport,Bengaluru,DEVICE_0064,,Transport transaction,2026-05-12T04:45:01.430392
3869,64,64,DEBIT,1078.67,Zomato,Food,Bengaluru,DEVICE_0064,,Food transaction,2026-06-29T04:45:01.430392
3870,64,64,DEBIT,992.48,Electricity Board,Utilities,Bengaluru,DEVICE_0064,,Utilities transaction,2026-04-23T04:45:01.430392
3871,64,64,DEBIT,8554.86,Jio,Utilities,Bengaluru,DEVICE_0064,,Utilities transaction,2026-03-28T04:45:01.430392
3872,64,64,DEBIT,7237.75,Apollo Pharmacy,Healthcare,Bengaluru,DEVICE_0064,,Healthcare transaction,2026-07-22T04:45:01.430392
3873,64,64,DEBIT,946.75,Electricity Board,Utilities,Bengaluru,DEVICE_0064,,Utilities transaction,2026-05-09T04:45:01.430392
3874,64,64,DEBIT,2233.75,Amazon,Shopping,Bengaluru,DEVICE_0064,,Shopping transaction,2026-03-25T04:45:01.430392
3875,64,64,DEBIT,4680.99,Zomato,Food,Bengaluru,DEVICE_0064,,Food transaction,2026-06-06T04:45:01.430392
3876,64,64,DEBIT,4867.59,Zomato,Food,Bengaluru,DEVICE_0064,,Food transaction,2026-06-17T04:45:01.430392
3877,64,64,DEBIT,7991.3,Zomato,Food,Bengaluru,DEVICE_0064,,Food transaction,2026-04-30T04:45:01.430392
3878,64,64,DEBIT,8416.89,Netflix,Entertainment,Bengaluru,DEVICE_0064,,Entertainment transaction,2026-06-25T04:45:01.430392
3879,64,64,DEBIT,4545.75,Electricity Board,Utilities,Bengaluru,DEVICE_0064,,Utilities transaction,2026-08-04T04:45:01.430392
3880,64,64,DEBIT,5029.02,Jio,Utilities,Bengaluru,DEVICE_0064,,Utilities transaction,2026-08-10T04:45:01.430392
3881,64,64,DEBIT,8974.33,Zomato,Food,Bengaluru,DEVICE_0064,,Food transaction,2026-06-06T04:45:01.430392
3882,64,64,DEBIT,8506.87,Reliance Fresh,Groceries,Bengaluru,DEVICE_0064,,Groceries transaction,2026-05-04T04:45:01.430392
3883,64,64,DEBIT,7666.11,Zomato,Food,Bengaluru,DEVICE_0064,,Food transaction,2026-07-26T04:45:01.430392
3884,64,64,DEBIT,2859.38,Flipkart,Shopping,Bengaluru,DEVICE_0064,,Shopping transaction,2026-08-01T04:45:01.430392
3885,64,64,DEBIT,3139.91,Apollo Pharmacy,Healthcare,Bengaluru,DEVICE_0064,,Healthcare transaction,2026-04-18T04:45:01.430392
3886,64,64,DEBIT,1176.93,Apollo Pharmacy,Healthcare,Bengaluru,DEVICE_0064,,Healthcare transaction,2026-05-17T04:45:01.430392
3887,64,64,DEBIT,7331.15,Flipkart,Shopping,Bengaluru,DEVICE_0064,,Shopping transaction,2026-07-13T04:45:01.430392
3888,64,64,DEBIT,8758.02,Amazon,Shopping,Bengaluru,DEVICE_0064,,Shopping transaction,2026-07-27T04:45:01.430392
3889,64,64,DEBIT,473.62,Uber,Transport,Bengaluru,DEVICE_0064,,Transport transaction,2026-03-27T04:45:01.430392
3890,64,64,DEBIT,4532.53,Netflix,Entertainment,Bengaluru,DEVICE_0064,,Entertainment transaction,2026-07-07T04:45:01.430392
3891,64,64,DEBIT,9072.26,Flipkart,Shopping,Bengaluru,DEVICE_0064,,Shopping transaction,2026-08-22T04:45:01.430392
3892,64,64,DEBIT,4329.93,Ola,Transport,Bengaluru,DEVICE_0064,,Transport transaction,2026-08-05T04:45:01.430392
3893,64,64,DEBIT,5006.81,BigBasket,Groceries,Bengaluru,DEVICE_0064,,Groceries transaction,2026-05-05T04:45:01.430392
3894,64,64,DEBIT,708.8,Ola,Transport,Bengaluru,DEVICE_0064,,Transport transaction,2026-07-05T04:45:01.430392
3895,64,64,DEBIT,1136.23,Ola,Transport,Bengaluru,DEVICE_0064,,Transport transaction,2026-03-30T04:45:01.430392
3896,64,64,DEBIT,7206.49,BigBasket,Groceries,Bengaluru,DEVICE_0064,,Groceries transaction,2026-05-27T04:45:01.430392
3897,64,64,DEBIT,3014.13,Zomato,Food,Bengaluru,DEVICE_0064,,Food transaction,2026-06-01T04:45:01.430392
3898,64,64,DEBIT,5886.05,Swiggy,Food,Bengaluru,DEVICE_0064,,Food transaction,2026-04-30T04:45:01.430392
3899,64,64,DEBIT,4924.74,BookMyShow,Entertainment,Bengaluru,DEVICE_0064,,Entertainment transaction,2026-05-25T04:45:01.430392
3900,64,64,DEBIT,6719.85,Flipkart,Shopping,Bengaluru,DEVICE_0064,,Shopping transaction,2026-03-31T04:45:01.430392
3901,64,64,DEBIT,9378.97,Zomato,Food,Bengaluru,DEVICE_0064,,Food transaction,2026-07-18T04:45:01.430392
3902,64,64,DEBIT,708.62,Flipkart,Shopping,Bengaluru,DEVICE_0064,,Shopping transaction,2026-09-03T04:45:01.430392
3903,64,64,DEBIT,2747.77,BookMyShow,Entertainment,Bengaluru,DEVICE_0064,,Entertainment transaction,2026-08-27T04:45:01.430392
3904,64,64,DEBIT,1167.05,Netflix,Entertainment,Bengaluru,DEVICE_0064,,Entertainment transaction,2026-07-17T04:45:01.430392
3905,65,65,CREDIT,74554.98,Employer,Salary,Pune,DEVICE_0065,,Monthly salary credit,2026-08-24T04:45:01.430392
3906,65,65,DEBIT,4326.29,Electricity Board,Utilities,Pune,DEVICE_0065,,Utilities transaction,2026-06-04T04:45:01.430392
3907,65,65,DEBIT,783.96,BigBasket,Groceries,Pune,DEVICE_0065,,Groceries transaction,2026-03-19T04:45:01.430392
3908,65,65,DEBIT,3054.37,Uber,Transport,Pune,DEVICE_0065,,Transport transaction,2026-07-31T04:45:01.430392
3909,65,65,DEBIT,1373.49,Airtel,Utilities,Pune,DEVICE_0065,,Utilities transaction,2026-04-02T04:45:01.430392
3910,65,65,DEBIT,4268.82,Uber,Transport,Pune,DEVICE_0065,,Transport transaction,2026-07-01T04:45:01.430392
3911,65,65,DEBIT,217.91,Electricity Board,Utilities,Pune,DEVICE_0065,,Utilities transaction,2026-07-27T04:45:01.430392
3912,65,65,DEBIT,5432.82,Netflix,Entertainment,Pune,DEVICE_0065,,Entertainment transaction,2026-04-06T04:45:01.430392
3913,65,65,DEBIT,4460.41,Reliance Fresh,Groceries,Pune,DEVICE_0065,,Groceries transaction,2026-03-20T04:45:01.430392
3914,65,65,DEBIT,1181.29,Zomato,Food,Pune,DEVICE_0065,,Food transaction,2026-03-22T04:45:01.430392
3915,65,65,DEBIT,1160.61,Flipkart,Shopping,Pune,DEVICE_0065,,Shopping transaction,2026-06-19T04:45:01.430392
3916,65,65,DEBIT,1017.59,Reliance Fresh,Groceries,Pune,DEVICE_0065,,Groceries transaction,2026-09-09T04:45:01.430392
3917,65,65,DEBIT,2935.79,Apollo Pharmacy,Healthcare,Pune,DEVICE_0065,,Healthcare transaction,2026-06-19T04:45:01.430392
3918,65,65,DEBIT,1223.27,Amazon,Shopping,Pune,DEVICE_0065,,Shopping transaction,2026-07-07T04:45:01.430392
3919,65,65,DEBIT,1184.13,Flipkart,Shopping,Pune,DEVICE_0065,,Shopping transaction,2026-09-10T04:45:01.430392
3920,65,65,DEBIT,2229.9,BookMyShow,Entertainment,Pune,DEVICE_0065,,Entertainment transaction,2026-05-14T04:45:01.430392
3921,65,65,DEBIT,205.8,BookMyShow,Entertainment,Pune,DEVICE_0065,,Entertainment transaction,2026-07-11T04:45:01.430392
3922,65,65,DEBIT,830.54,Reliance Fresh,Groceries,Pune,DEVICE_0065,,Groceries transaction,2026-09-08T04:45:01.430392
3923,65,65,DEBIT,4120.06,BookMyShow,Entertainment,Pune,DEVICE_0065,,Entertainment transaction,2026-06-30T04:45:01.430392
3924,65,65,DEBIT,1515.94,Jio,Utilities,Pune,DEVICE_0065,,Utilities transaction,2026-05-07T04:45:01.430392
3925,65,65,DEBIT,4552.08,Swiggy,Food,Pune,DEVICE_0065,,Food transaction,2026-08-19T04:45:01.430392
3926,65,65,DEBIT,1955.85,Flipkart,Shopping,Pune,DEVICE_0065,,Shopping transaction,2026-06-19T04:45:01.430392
3927,65,65,DEBIT,3028.37,Reliance Fresh,Groceries,Pune,DEVICE_0065,,Groceries transaction,2026-06-15T04:45:01.430392
3928,65,65,DEBIT,1683.41,Netflix,Entertainment,Pune,DEVICE_0065,,Entertainment transaction,2026-05-11T04:45:01.430392
3929,65,65,DEBIT,2299.91,Uber,Transport,Pune,DEVICE_0065,,Transport transaction,2026-09-09T04:45:01.430392
3930,65,65,DEBIT,2232.68,Jio,Utilities,Pune,DEVICE_0065,,Utilities transaction,2026-06-19T04:45:01.430392
3931,65,65,DEBIT,4664.68,Netflix,Entertainment,Pune,DEVICE_0065,,Entertainment transaction,2026-04-13T04:45:01.430392
3932,65,65,DEBIT,850.0,Reliance Fresh,Groceries,Pune,DEVICE_0065,,Groceries transaction,2026-03-21T04:45:01.430392
3933,65,65,DEBIT,4397.72,Netflix,Entertainment,Pune,DEVICE_0065,,Entertainment transaction,2026-09-07T04:45:01.430392
3934,65,65,DEBIT,5841.26,Swiggy,Food,Pune,DEVICE_0065,,Food transaction,2026-07-18T04:45:01.430392
3935,65,65,DEBIT,5930.31,Apollo Pharmacy,Healthcare,Pune,DEVICE_0065,,Healthcare transaction,2026-06-13T04:45:01.430392
3936,65,65,DEBIT,378.15,Reliance Fresh,Groceries,Pune,DEVICE_0065,,Groceries transaction,2026-04-18T04:45:01.430392
3937,65,65,DEBIT,4210.9,Electricity Board,Utilities,Pune,DEVICE_0065,,Utilities transaction,2026-05-25T04:45:01.430392
3938,65,65,DEBIT,1389.24,Ola,Transport,Pune,DEVICE_0065,,Transport transaction,2026-08-21T04:45:01.430392
3939,65,65,DEBIT,5506.98,Zomato,Food,Pune,DEVICE_0065,,Food transaction,2026-06-08T04:45:01.430392
3940,65,65,DEBIT,822.16,Apollo Pharmacy,Healthcare,Pune,DEVICE_0065,,Healthcare transaction,2026-07-04T04:45:01.430392
3941,65,65,DEBIT,4112.88,Apollo Pharmacy,Healthcare,Pune,DEVICE_0065,,Healthcare transaction,2026-05-20T04:45:01.430392
3942,65,65,DEBIT,1208.49,Netflix,Entertainment,Pune,DEVICE_0065,,Entertainment transaction,2026-03-23T04:45:01.430392
3943,65,65,DEBIT,5318.76,Ola,Transport,Pune,DEVICE_0065,,Transport transaction,2026-06-04T04:45:01.430392
3944,65,65,DEBIT,2605.45,BookMyShow,Entertainment,Pune,DEVICE_0065,,Entertainment transaction,2026-07-04T04:45:01.430392
3945,65,65,DEBIT,1298.54,Uber,Transport,Pune,DEVICE_0065,,Transport transaction,2026-04-17T04:45:01.430392
3946,65,65,DEBIT,4245.66,Netflix,Entertainment,Pune,DEVICE_0065,,Entertainment transaction,2026-04-09T04:45:01.430392
3947,65,65,DEBIT,2698.63,Flipkart,Shopping,Pune,DEVICE_0065,,Shopping transaction,2026-05-19T04:45:01.430392
3948,65,65,DEBIT,5780.82,BookMyShow,Entertainment,Pune,DEVICE_0065,,Entertainment transaction,2026-06-16T04:45:01.430392
3949,65,65,DEBIT,835.18,Uber,Transport,Pune,DEVICE_0065,,Transport transaction,2026-09-10T04:45:01.430392
3950,65,65,DEBIT,5544.94,Reliance Fresh,Groceries,Pune,DEVICE_0065,,Groceries transaction,2026-08-06T04:45:01.430392
3951,65,65,DEBIT,4125.11,Reliance Fresh,Groceries,Pune,DEVICE_0065,,Groceries transaction,2026-05-02T04:45:01.430392
3952,65,65,DEBIT,3795.8,Uber,Transport,Pune,DEVICE_0065,,Transport transaction,2026-03-26T04:45:01.430392
3953,65,65,DEBIT,1950.33,Swiggy,Food,Pune,DEVICE_0065,,Food transaction,2026-07-01T04:45:01.430392
3954,65,65,DEBIT,4810.28,Flipkart,Shopping,Pune,DEVICE_0065,,Shopping transaction,2026-09-09T04:45:01.430392
3955,65,65,DEBIT,436.07,Reliance Fresh,Groceries,Pune,DEVICE_0065,,Groceries transaction,2026-07-02T04:45:01.430392
3956,65,65,DEBIT,3618.7,Jio,Utilities,Pune,DEVICE_0065,,Utilities transaction,2026-08-30T04:45:01.430392
3957,65,65,DEBIT,1962.88,Reliance Fresh,Groceries,Pune,DEVICE_0065,,Groceries transaction,2026-05-25T04:45:01.430392
3958,65,65,DEBIT,4005.96,Ola,Transport,Pune,DEVICE_0065,,Transport transaction,2026-09-12T04:45:01.430392
3959,65,65,DEBIT,1649.36,Amazon,Shopping,Pune,DEVICE_0065,,Shopping transaction,2026-06-15T04:45:01.430392
3960,65,65,DEBIT,4726.57,Uber,Transport,Pune,DEVICE_0065,,Transport transaction,2026-05-07T04:45:01.430392
3961,65,65,DEBIT,5725.32,Apollo Pharmacy,Healthcare,Pune,DEVICE_0065,,Healthcare transaction,2026-04-22T04:45:01.430392
3962,65,65,DEBIT,5697.42,Swiggy,Food,Pune,DEVICE_0065,,Food transaction,2026-07-05T04:45:01.430392
3963,65,65,DEBIT,5940.85,Swiggy,Food,Pune,DEVICE_0065,,Food transaction,2026-07-24T04:45:01.430392
3964,65,65,DEBIT,3573.47,BigBasket,Groceries,Pune,DEVICE_0065,,Groceries transaction,2026-08-23T04:45:01.430392
3965,65,65,DEBIT,1461.58,Uber,Transport,Pune,DEVICE_0065,,Transport transaction,2026-05-14T04:45:01.430392
3966,66,66,CREDIT,34955.47,Employer,Salary,Jaipur,DEVICE_0066,,Monthly salary credit,2026-09-01T04:45:01.430392
3967,66,66,DEBIT,2307.55,Zomato,Food,Jaipur,DEVICE_0066,,Food transaction,2026-04-02T04:45:01.430392
3968,66,66,DEBIT,1297.16,BigBasket,Groceries,Jaipur,DEVICE_0066,,Groceries transaction,2026-08-18T04:45:01.430392
3969,66,66,DEBIT,2589.23,Uber,Transport,Jaipur,DEVICE_0066,,Transport transaction,2026-04-13T04:45:01.430392
3970,66,66,DEBIT,649.97,Uber,Transport,Jaipur,DEVICE_0066,,Transport transaction,2026-05-24T04:45:01.430392
3971,66,66,DEBIT,2474.3,Apollo Pharmacy,Healthcare,Jaipur,DEVICE_0066,,Healthcare transaction,2026-04-17T04:45:01.430392
3972,66,66,DEBIT,1974.2,Swiggy,Food,Jaipur,DEVICE_0066,,Food transaction,2026-07-23T04:45:01.430392
3973,66,66,DEBIT,552.31,Uber,Transport,Jaipur,DEVICE_0066,,Transport transaction,2026-04-24T04:45:01.430392
3974,66,66,DEBIT,981.69,Zomato,Food,Jaipur,DEVICE_0066,,Food transaction,2026-08-22T04:45:01.430392
3975,66,66,DEBIT,1671.31,Uber,Transport,Jaipur,DEVICE_0066,,Transport transaction,2026-04-05T04:45:01.430392
3976,66,66,DEBIT,1617.22,Reliance Fresh,Groceries,Jaipur,DEVICE_0066,,Groceries transaction,2026-06-08T04:45:01.430392
3977,66,66,DEBIT,2474.28,Airtel,Utilities,Jaipur,DEVICE_0066,,Utilities transaction,2026-05-24T04:45:01.430392
3978,66,66,DEBIT,559.89,Flipkart,Shopping,Jaipur,DEVICE_0066,,Shopping transaction,2026-05-22T04:45:01.430392
3979,66,66,DEBIT,1013.36,Electricity Board,Utilities,Jaipur,DEVICE_0066,,Utilities transaction,2026-03-21T04:45:01.430392
3980,66,66,DEBIT,1128.38,Electricity Board,Utilities,Jaipur,DEVICE_0066,,Utilities transaction,2026-06-14T04:45:01.430392
3981,66,66,DEBIT,1411.37,BigBasket,Groceries,Jaipur,DEVICE_0066,,Groceries transaction,2026-05-30T04:45:01.430392
3982,66,66,DEBIT,271.85,Reliance Fresh,Groceries,Jaipur,DEVICE_0066,,Groceries transaction,2026-04-22T04:45:01.430392
3983,66,66,DEBIT,2686.07,Amazon,Shopping,Jaipur,DEVICE_0066,,Shopping transaction,2026-05-28T04:45:01.430392
3984,66,66,DEBIT,2162.53,Flipkart,Shopping,Jaipur,DEVICE_0066,,Shopping transaction,2026-04-08T04:45:01.430392
3985,66,66,DEBIT,2242.44,Uber,Transport,Jaipur,DEVICE_0066,,Transport transaction,2026-04-17T04:45:01.430392
3986,66,66,DEBIT,1168.76,Netflix,Entertainment,Jaipur,DEVICE_0066,,Entertainment transaction,2026-04-07T04:45:01.430392
3987,66,66,DEBIT,2536.57,Netflix,Entertainment,Jaipur,DEVICE_0066,,Entertainment transaction,2026-06-29T04:45:01.430392
3988,66,66,DEBIT,2161.18,Amazon,Shopping,Jaipur,DEVICE_0066,,Shopping transaction,2026-06-04T04:45:01.430392
3989,66,66,DEBIT,1246.21,Swiggy,Food,Jaipur,DEVICE_0066,,Food transaction,2026-09-11T04:45:01.430392
3990,66,66,DEBIT,2296.57,Reliance Fresh,Groceries,Jaipur,DEVICE_0066,,Groceries transaction,2026-05-03T04:45:01.430392
3991,66,66,DEBIT,2378.93,Reliance Fresh,Groceries,Jaipur,DEVICE_0066,,Groceries transaction,2026-08-22T04:45:01.430392
3992,66,66,DEBIT,901.49,Amazon,Shopping,Jaipur,DEVICE_0066,,Shopping transaction,2026-03-30T04:45:01.430392
3993,66,66,DEBIT,1065.87,Flipkart,Shopping,Jaipur,DEVICE_0066,,Shopping transaction,2026-08-19T04:45:01.430392
3994,66,66,DEBIT,954.46,Jio,Utilities,Jaipur,DEVICE_0066,,Utilities transaction,2026-05-12T04:45:01.430392
3995,66,66,DEBIT,1060.22,Electricity Board,Utilities,Jaipur,DEVICE_0066,,Utilities transaction,2026-08-28T04:45:01.430392
3996,66,66,DEBIT,2122.59,Flipkart,Shopping,Jaipur,DEVICE_0066,,Shopping transaction,2026-03-24T04:45:01.430392
3997,66,66,DEBIT,2119.71,Netflix,Entertainment,Jaipur,DEVICE_0066,,Entertainment transaction,2026-08-30T04:45:01.430392
3998,66,66,DEBIT,732.44,Electricity Board,Utilities,Jaipur,DEVICE_0066,,Utilities transaction,2026-08-07T04:45:01.430392
3999,66,66,DEBIT,2122.47,Netflix,Entertainment,Jaipur,DEVICE_0066,,Entertainment transaction,2026-05-09T04:45:01.430392
4000,66,66,DEBIT,780.42,Swiggy,Food,Jaipur,DEVICE_0066,,Food transaction,2026-03-24T04:45:01.430392
4001,66,66,DEBIT,2412.83,Apollo Pharmacy,Healthcare,Jaipur,DEVICE_0066,,Healthcare transaction,2026-06-27T04:45:01.430392
4002,66,66,DEBIT,1007.21,Apollo Pharmacy,Healthcare,Jaipur,DEVICE_0066,,Healthcare transaction,2026-09-11T04:45:01.430392
4003,66,66,DEBIT,1459.16,Airtel,Utilities,Jaipur,DEVICE_0066,,Utilities transaction,2026-03-20T04:45:01.430392
4004,66,66,DEBIT,497.83,Zomato,Food,Jaipur,DEVICE_0066,,Food transaction,2026-09-12T04:45:01.430392
4005,66,66,DEBIT,1767.7,Swiggy,Food,Jaipur,DEVICE_0066,,Food transaction,2026-08-13T04:45:01.430392
4006,66,66,DEBIT,451.5,Netflix,Entertainment,Jaipur,DEVICE_0066,,Entertainment transaction,2026-07-22T04:45:01.430392
4007,66,66,DEBIT,1430.04,Flipkart,Shopping,Jaipur,DEVICE_0066,,Shopping transaction,2026-05-06T04:45:01.430392
4008,66,66,DEBIT,1214.46,Reliance Fresh,Groceries,Jaipur,DEVICE_0066,,Groceries transaction,2026-08-12T04:45:01.430392
4009,66,66,DEBIT,1250.41,Uber,Transport,Jaipur,DEVICE_0066,,Transport transaction,2026-07-27T04:45:01.430392
4010,66,66,DEBIT,809.98,Jio,Utilities,Jaipur,DEVICE_0066,,Utilities transaction,2026-04-26T04:45:01.430392
4011,66,66,DEBIT,2333.46,Uber,Transport,Jaipur,DEVICE_0066,,Transport transaction,2026-03-22T04:45:01.430392
4012,66,66,DEBIT,2431.15,Reliance Fresh,Groceries,Jaipur,DEVICE_0066,,Groceries transaction,2026-04-08T04:45:01.430392
4013,66,66,DEBIT,1322.58,Flipkart,Shopping,Jaipur,DEVICE_0066,,Shopping transaction,2026-04-03T04:45:01.430392
4014,66,66,DEBIT,679.84,Amazon,Shopping,Jaipur,DEVICE_0066,,Shopping transaction,2026-03-28T04:45:01.430392
4015,66,66,DEBIT,643.41,Zomato,Food,Jaipur,DEVICE_0066,,Food transaction,2026-03-17T04:45:01.430392
4016,66,66,DEBIT,720.2,Netflix,Entertainment,Jaipur,DEVICE_0066,,Entertainment transaction,2026-05-13T04:45:01.430392
4017,66,66,DEBIT,951.54,Uber,Transport,Jaipur,DEVICE_0066,,Transport transaction,2026-08-18T04:45:01.430392
4018,66,66,DEBIT,1479.95,BookMyShow,Entertainment,Jaipur,DEVICE_0066,,Entertainment transaction,2026-03-26T04:45:01.430392
4019,66,66,DEBIT,1215.7,Uber,Transport,Jaipur,DEVICE_0066,,Transport transaction,2026-03-18T04:45:01.430392
4020,66,66,DEBIT,478.69,Airtel,Utilities,Jaipur,DEVICE_0066,,Utilities transaction,2026-05-29T04:45:01.430392
4021,66,66,DEBIT,1303.05,Jio,Utilities,Jaipur,DEVICE_0066,,Utilities transaction,2026-09-05T04:45:01.430392
4022,66,66,DEBIT,1386.79,Uber,Transport,Jaipur,DEVICE_0066,,Transport transaction,2026-04-21T04:45:01.430392
4023,66,66,DEBIT,228.61,BigBasket,Groceries,Jaipur,DEVICE_0066,,Groceries transaction,2026-06-27T04:45:01.430392
4024,66,66,DEBIT,1874.99,Amazon,Shopping,Jaipur,DEVICE_0066,,Shopping transaction,2026-03-28T04:45:01.430392
4025,66,66,DEBIT,1354.06,BookMyShow,Entertainment,Jaipur,DEVICE_0066,,Entertainment transaction,2026-06-14T04:45:01.430392
4026,66,66,DEBIT,1414.89,Swiggy,Food,Jaipur,DEVICE_0066,,Food transaction,2026-05-18T04:45:01.430392
4027,67,67,CREDIT,85368.91,Employer,Salary,Surat,DEVICE_0067,,Monthly salary credit,2026-09-04T04:45:01.430392
4028,67,67,DEBIT,6708.55,Amazon,Shopping,Surat,DEVICE_0067,,Shopping transaction,2026-06-13T04:45:01.430392
4029,67,67,DEBIT,5873.8,Netflix,Entertainment,Surat,DEVICE_0067,,Entertainment transaction,2026-05-07T04:45:01.430392
4030,67,67,DEBIT,2512.6,Zomato,Food,Surat,DEVICE_0067,,Food transaction,2026-03-16T04:45:01.430392
4031,67,67,DEBIT,2789.65,Netflix,Entertainment,Surat,DEVICE_0067,,Entertainment transaction,2026-08-27T04:45:01.430392
4032,67,67,DEBIT,4548.43,Swiggy,Food,Surat,DEVICE_0067,,Food transaction,2026-06-14T04:45:01.430392
4033,67,67,DEBIT,4968.01,Apollo Pharmacy,Healthcare,Surat,DEVICE_0067,,Healthcare transaction,2026-06-18T04:45:01.430392
4034,67,67,DEBIT,4941.31,Reliance Fresh,Groceries,Surat,DEVICE_0067,,Groceries transaction,2026-08-08T04:45:01.430392
4035,67,67,DEBIT,5403.91,Uber,Transport,Surat,DEVICE_0067,,Transport transaction,2026-03-28T04:45:01.430392
4036,67,67,DEBIT,6322.2,Uber,Transport,Surat,DEVICE_0067,,Transport transaction,2026-08-26T04:45:01.430392
4037,67,67,DEBIT,4476.92,Jio,Utilities,Surat,DEVICE_0067,,Utilities transaction,2026-06-08T04:45:01.430392
4038,67,67,DEBIT,4216.44,Reliance Fresh,Groceries,Surat,DEVICE_0067,,Groceries transaction,2026-07-28T04:45:01.430392
4039,67,67,DEBIT,4897.01,BookMyShow,Entertainment,Surat,DEVICE_0067,,Entertainment transaction,2026-05-06T04:45:01.430392
4040,67,67,DEBIT,4568.22,Airtel,Utilities,Surat,DEVICE_0067,,Utilities transaction,2026-07-08T04:45:01.430392
4041,67,67,DEBIT,4825.87,Swiggy,Food,Surat,DEVICE_0067,,Food transaction,2026-04-15T04:45:01.430392
4042,67,67,DEBIT,2507.7,BookMyShow,Entertainment,Surat,DEVICE_0067,,Entertainment transaction,2026-04-07T04:45:01.430392
4043,67,67,DEBIT,2876.82,Jio,Utilities,Surat,DEVICE_0067,,Utilities transaction,2026-09-01T04:45:01.430392
4044,67,67,DEBIT,5848.55,Amazon,Shopping,Surat,DEVICE_0067,,Shopping transaction,2026-08-03T04:45:01.430392
4045,67,67,DEBIT,840.02,Zomato,Food,Surat,DEVICE_0067,,Food transaction,2026-08-16T04:45:01.430392
4046,67,67,DEBIT,6393.52,Reliance Fresh,Groceries,Surat,DEVICE_0067,,Groceries transaction,2026-05-14T04:45:01.430392
4047,67,67,DEBIT,5237.83,Ola,Transport,Surat,DEVICE_0067,,Transport transaction,2026-07-14T04:45:01.430392
4048,67,67,DEBIT,6165.2,Flipkart,Shopping,Surat,DEVICE_0067,,Shopping transaction,2026-07-30T04:45:01.430392
4049,67,67,DEBIT,6116.66,Electricity Board,Utilities,Surat,DEVICE_0067,,Utilities transaction,2026-05-28T04:45:01.430392
4050,67,67,DEBIT,610.54,Flipkart,Shopping,Surat,DEVICE_0067,,Shopping transaction,2026-07-10T04:45:01.430392
4051,67,67,DEBIT,448.06,Flipkart,Shopping,Surat,DEVICE_0067,,Shopping transaction,2026-08-25T04:45:01.430392
4052,67,67,DEBIT,5260.65,Reliance Fresh,Groceries,Surat,DEVICE_0067,,Groceries transaction,2026-04-10T04:45:01.430392
4053,67,67,DEBIT,5773.29,Apollo Pharmacy,Healthcare,Surat,DEVICE_0067,,Healthcare transaction,2026-07-30T04:45:01.430392
4054,67,67,DEBIT,913.74,Ola,Transport,Surat,DEVICE_0067,,Transport transaction,2026-05-20T04:45:01.430392
4055,67,67,DEBIT,1083.16,BigBasket,Groceries,Surat,DEVICE_0067,,Groceries transaction,2026-04-02T04:45:01.430392
4056,67,67,DEBIT,3889.11,BookMyShow,Entertainment,Surat,DEVICE_0067,,Entertainment transaction,2026-07-24T04:45:01.430392
4057,67,67,DEBIT,3455.77,Uber,Transport,Surat,DEVICE_0067,,Transport transaction,2026-03-23T04:45:01.430392
4058,67,67,DEBIT,1694.93,Uber,Transport,Surat,DEVICE_0067,,Transport transaction,2026-08-02T04:45:01.430392
4059,67,67,DEBIT,5595.35,BigBasket,Groceries,Surat,DEVICE_0067,,Groceries transaction,2026-07-25T04:45:01.430392
4060,67,67,DEBIT,4059.09,Flipkart,Shopping,Surat,DEVICE_0067,,Shopping transaction,2026-04-04T04:45:01.430392
4061,67,67,DEBIT,837.8,Apollo Pharmacy,Healthcare,Surat,DEVICE_0067,,Healthcare transaction,2026-09-04T04:45:01.430392
4062,67,67,DEBIT,1131.86,Airtel,Utilities,Surat,DEVICE_0067,,Utilities transaction,2026-09-11T04:45:01.430392
4063,67,67,DEBIT,5333.8,Ola,Transport,Surat,DEVICE_0067,,Transport transaction,2026-04-20T04:45:01.430392
4064,67,67,DEBIT,5931.16,Netflix,Entertainment,Surat,DEVICE_0067,,Entertainment transaction,2026-06-17T04:45:01.430392
4065,67,67,DEBIT,4723.72,Swiggy,Food,Surat,DEVICE_0067,,Food transaction,2026-04-01T04:45:01.430392
4066,67,67,DEBIT,3489.4,Netflix,Entertainment,Surat,DEVICE_0067,,Entertainment transaction,2026-07-21T04:45:01.430392
4067,67,67,DEBIT,5686.42,BookMyShow,Entertainment,Surat,DEVICE_0067,,Entertainment transaction,2026-05-07T04:45:01.430392
4068,67,67,DEBIT,2563.32,Ola,Transport,Surat,DEVICE_0067,,Transport transaction,2026-04-22T04:45:01.430392
4069,67,67,DEBIT,1114.03,Jio,Utilities,Surat,DEVICE_0067,,Utilities transaction,2026-08-26T04:45:01.430392
4070,67,67,DEBIT,3034.19,Reliance Fresh,Groceries,Surat,DEVICE_0067,,Groceries transaction,2026-06-08T04:45:01.430392
4071,67,67,DEBIT,669.82,Jio,Utilities,Surat,DEVICE_0067,,Utilities transaction,2026-08-23T04:45:01.430392
4072,67,67,DEBIT,5386.85,Swiggy,Food,Surat,DEVICE_0067,,Food transaction,2026-06-28T04:45:01.430392
4073,67,67,DEBIT,981.8,Flipkart,Shopping,Surat,DEVICE_0067,,Shopping transaction,2026-07-15T04:45:01.430392
4074,67,67,DEBIT,4187.58,Amazon,Shopping,Surat,DEVICE_0067,,Shopping transaction,2026-06-20T04:45:01.430392
4075,67,67,DEBIT,1685.15,Amazon,Shopping,Surat,DEVICE_0067,,Shopping transaction,2026-06-30T04:45:01.430392
4076,67,67,DEBIT,1866.54,Jio,Utilities,Surat,DEVICE_0067,,Utilities transaction,2026-03-16T04:45:01.430392
4077,67,67,DEBIT,650.49,Ola,Transport,Surat,DEVICE_0067,,Transport transaction,2026-08-03T04:45:01.430392
4078,67,67,DEBIT,695.74,Uber,Transport,Surat,DEVICE_0067,,Transport transaction,2026-04-18T04:45:01.430392
4079,67,67,DEBIT,5856.27,Zomato,Food,Surat,DEVICE_0067,,Food transaction,2026-04-09T04:45:01.430392
4080,67,67,DEBIT,2269.99,Netflix,Entertainment,Surat,DEVICE_0067,,Entertainment transaction,2026-04-07T04:45:01.430392
4081,67,67,DEBIT,3819.33,Amazon,Shopping,Surat,DEVICE_0067,,Shopping transaction,2026-08-15T04:45:01.430392
4082,67,67,DEBIT,3322.36,BookMyShow,Entertainment,Surat,DEVICE_0067,,Entertainment transaction,2026-07-07T04:45:01.430392
4083,67,67,DEBIT,398.74,Apollo Pharmacy,Healthcare,Surat,DEVICE_0067,,Healthcare transaction,2026-06-18T04:45:01.430392
4084,67,67,DEBIT,1929.51,BigBasket,Groceries,Surat,DEVICE_0067,,Groceries transaction,2026-06-19T04:45:01.430392
4085,67,67,DEBIT,593.74,Airtel,Utilities,Surat,DEVICE_0067,,Utilities transaction,2026-07-22T04:45:01.430392
4086,67,67,DEBIT,5614.74,Netflix,Entertainment,Surat,DEVICE_0067,,Entertainment transaction,2026-06-20T04:45:01.430392
4087,67,67,DEBIT,4597.6,Airtel,Utilities,Surat,DEVICE_0067,,Utilities transaction,2026-08-28T04:45:01.430392
4088,68,68,CREDIT,141788.64,Employer,Salary,Vadodara,DEVICE_0068,,Monthly salary credit,2026-09-05T04:45:01.430392
4089,68,68,DEBIT,1012.46,Reliance Fresh,Groceries,Vadodara,DEVICE_0068,,Groceries transaction,2026-04-21T04:45:01.430392
4090,68,68,DEBIT,8034.61,BookMyShow,Entertainment,Vadodara,DEVICE_0068,,Entertainment transaction,2026-09-03T04:45:01.430392
4091,68,68,DEBIT,11132.0,Ola,Transport,Vadodara,DEVICE_0068,,Transport transaction,2026-05-29T04:45:01.430392
4092,68,68,DEBIT,8437.97,BookMyShow,Entertainment,Vadodara,DEVICE_0068,,Entertainment transaction,2026-08-23T04:45:01.430392
4093,68,68,DEBIT,5534.99,Netflix,Entertainment,Vadodara,DEVICE_0068,,Entertainment transaction,2026-08-10T04:45:01.430392
4094,68,68,DEBIT,8260.13,Uber,Transport,Vadodara,DEVICE_0068,,Transport transaction,2026-08-17T04:45:01.430392
4095,68,68,DEBIT,5733.62,Amazon,Shopping,Vadodara,DEVICE_0068,,Shopping transaction,2026-07-17T04:45:01.430392
4096,68,68,DEBIT,4102.95,Apollo Pharmacy,Healthcare,Vadodara,DEVICE_0068,,Healthcare transaction,2026-05-13T04:45:01.430392
4097,68,68,DEBIT,8908.79,Uber,Transport,Vadodara,DEVICE_0068,,Transport transaction,2026-07-16T04:45:01.430392
4098,68,68,DEBIT,10576.97,Amazon,Shopping,Vadodara,DEVICE_0068,,Shopping transaction,2026-09-06T04:45:01.430392
4099,68,68,DEBIT,8911.92,Airtel,Utilities,Vadodara,DEVICE_0068,,Utilities transaction,2026-07-24T04:45:01.430392
4100,68,68,DEBIT,6976.55,Netflix,Entertainment,Vadodara,DEVICE_0068,,Entertainment transaction,2026-06-07T04:45:01.430392
4101,68,68,DEBIT,7817.36,Apollo Pharmacy,Healthcare,Vadodara,DEVICE_0068,,Healthcare transaction,2026-09-08T04:45:01.430392
4102,68,68,DEBIT,5572.9,Netflix,Entertainment,Vadodara,DEVICE_0068,,Entertainment transaction,2026-06-05T04:45:01.430392
4103,68,68,DEBIT,4403.48,Airtel,Utilities,Vadodara,DEVICE_0068,,Utilities transaction,2026-08-11T04:45:01.430392
4104,68,68,DEBIT,8015.07,BigBasket,Groceries,Vadodara,DEVICE_0068,,Groceries transaction,2026-04-25T04:45:01.430392
4105,68,68,DEBIT,1487.95,Swiggy,Food,Vadodara,DEVICE_0068,,Food transaction,2026-08-13T04:45:01.430392
4106,68,68,DEBIT,11148.47,BookMyShow,Entertainment,Vadodara,DEVICE_0068,,Entertainment transaction,2026-06-10T04:45:01.430392
4107,68,68,DEBIT,2357.81,Ola,Transport,Vadodara,DEVICE_0068,,Transport transaction,2026-05-24T04:45:01.430392
4108,68,68,DEBIT,2853.95,Amazon,Shopping,Vadodara,DEVICE_0068,,Shopping transaction,2026-08-20T04:45:01.430392
4109,68,68,DEBIT,311.98,BookMyShow,Entertainment,Vadodara,DEVICE_0068,,Entertainment transaction,2026-05-30T04:45:01.430392
4110,68,68,DEBIT,8585.95,Electricity Board,Utilities,Vadodara,DEVICE_0068,,Utilities transaction,2026-04-28T04:45:01.430392
4111,68,68,DEBIT,710.13,BookMyShow,Entertainment,Vadodara,DEVICE_0068,,Entertainment transaction,2026-09-09T04:45:01.430392
4112,68,68,DEBIT,8221.1,Jio,Utilities,Vadodara,DEVICE_0068,,Utilities transaction,2026-08-29T04:45:01.430392
4113,68,68,DEBIT,831.31,Flipkart,Shopping,Vadodara,DEVICE_0068,,Shopping transaction,2026-05-23T04:45:01.430392
4114,68,68,DEBIT,3348.99,Swiggy,Food,Vadodara,DEVICE_0068,,Food transaction,2026-06-24T04:45:01.430392
4115,68,68,DEBIT,6912.78,Ola,Transport,Vadodara,DEVICE_0068,,Transport transaction,2026-07-12T04:45:01.430392
4116,68,68,DEBIT,1645.44,Uber,Transport,Vadodara,DEVICE_0068,,Transport transaction,2026-06-03T04:45:01.430392
4117,68,68,DEBIT,7527.51,Reliance Fresh,Groceries,Vadodara,DEVICE_0068,,Groceries transaction,2026-03-28T04:45:01.430392
4118,68,68,DEBIT,1051.09,Flipkart,Shopping,Vadodara,DEVICE_0068,,Shopping transaction,2026-04-26T04:45:01.430392
4119,68,68,DEBIT,5715.04,Zomato,Food,Vadodara,DEVICE_0068,,Food transaction,2026-06-13T04:45:01.430392
4120,68,68,DEBIT,2654.68,Jio,Utilities,Vadodara,DEVICE_0068,,Utilities transaction,2026-06-27T04:45:01.430392
4121,68,68,DEBIT,8893.93,Ola,Transport,Vadodara,DEVICE_0068,,Transport transaction,2026-06-30T04:45:01.430392
4122,68,68,DEBIT,7483.61,Jio,Utilities,Vadodara,DEVICE_0068,,Utilities transaction,2026-05-01T04:45:01.430392
4123,68,68,DEBIT,3753.07,Uber,Transport,Vadodara,DEVICE_0068,,Transport transaction,2026-04-27T04:45:01.430392
4124,68,68,DEBIT,1363.1,Netflix,Entertainment,Vadodara,DEVICE_0068,,Entertainment transaction,2026-06-16T04:45:01.430392
4125,68,68,DEBIT,8061.47,BigBasket,Groceries,Vadodara,DEVICE_0068,,Groceries transaction,2026-04-06T04:45:01.430392
4126,68,68,DEBIT,3317.66,Reliance Fresh,Groceries,Vadodara,DEVICE_0068,,Groceries transaction,2026-07-22T04:45:01.430392
4127,68,68,DEBIT,9576.08,Swiggy,Food,Vadodara,DEVICE_0068,,Food transaction,2026-05-02T04:45:01.430392
4128,68,68,DEBIT,3597.97,Zomato,Food,Vadodara,DEVICE_0068,,Food transaction,2026-04-24T04:45:01.430392
4129,68,68,DEBIT,1567.79,Zomato,Food,Vadodara,DEVICE_0068,,Food transaction,2026-08-07T04:45:01.430392
4130,68,68,DEBIT,11096.94,Amazon,Shopping,Vadodara,DEVICE_0068,,Shopping transaction,2026-03-18T04:45:01.430392
4131,68,68,DEBIT,7441.99,Reliance Fresh,Groceries,Vadodara,DEVICE_0068,,Groceries transaction,2026-05-19T04:45:01.430392
4132,68,68,DEBIT,437.23,Flipkart,Shopping,Vadodara,DEVICE_0068,,Shopping transaction,2026-09-04T04:45:01.430392
4133,68,68,DEBIT,3297.42,Uber,Transport,Vadodara,DEVICE_0068,,Transport transaction,2026-06-06T04:45:01.430392
4134,68,68,DEBIT,9417.33,Uber,Transport,Vadodara,DEVICE_0068,,Transport transaction,2026-08-22T04:45:01.430392
4135,68,68,DEBIT,3309.95,Amazon,Shopping,Vadodara,DEVICE_0068,,Shopping transaction,2026-04-09T04:45:01.430392
4136,68,68,DEBIT,5719.81,BigBasket,Groceries,Vadodara,DEVICE_0068,,Groceries transaction,2026-06-07T04:45:01.430392
4137,68,68,DEBIT,5147.75,BigBasket,Groceries,Vadodara,DEVICE_0068,,Groceries transaction,2026-07-17T04:45:01.430392
4138,68,68,DEBIT,4426.88,Zomato,Food,Vadodara,DEVICE_0068,,Food transaction,2026-03-28T04:45:01.430392
4139,68,68,DEBIT,6133.61,BigBasket,Groceries,Vadodara,DEVICE_0068,,Groceries transaction,2026-03-27T04:45:01.430392
4140,68,68,DEBIT,548.85,Uber,Transport,Vadodara,DEVICE_0068,,Transport transaction,2026-06-15T04:45:01.430392
4141,68,68,DEBIT,10340.81,Amazon,Shopping,Vadodara,DEVICE_0068,,Shopping transaction,2026-06-18T04:45:01.430392
4142,68,68,DEBIT,10311.79,Jio,Utilities,Vadodara,DEVICE_0068,,Utilities transaction,2026-04-14T04:45:01.430392
4143,68,68,DEBIT,8638.13,Zomato,Food,Vadodara,DEVICE_0068,,Food transaction,2026-06-17T04:45:01.430392
4144,68,68,DEBIT,9440.29,Electricity Board,Utilities,Vadodara,DEVICE_0068,,Utilities transaction,2026-05-24T04:45:01.430392
4145,68,68,DEBIT,4964.22,Jio,Utilities,Vadodara,DEVICE_0068,,Utilities transaction,2026-08-29T04:45:01.430392
4146,68,68,DEBIT,1416.94,Airtel,Utilities,Vadodara,DEVICE_0068,,Utilities transaction,2026-06-05T04:45:01.430392
4147,68,68,DEBIT,10590.63,Electricity Board,Utilities,Vadodara,DEVICE_0068,,Utilities transaction,2026-07-01T04:45:01.430392
4148,68,68,DEBIT,11241.59,Jio,Utilities,Vadodara,DEVICE_0068,,Utilities transaction,2026-04-29T04:45:01.430392
4149,69,69,CREDIT,59010.35,Employer,Salary,Delhi,DEVICE_0069,,Monthly salary credit,2026-08-29T04:45:01.430392
4150,69,69,DEBIT,2788.64,BigBasket,Groceries,Delhi,DEVICE_0069,,Groceries transaction,2026-04-20T04:45:01.430392
4151,69,69,DEBIT,2545.92,Airtel,Utilities,Delhi,DEVICE_0069,,Utilities transaction,2026-08-02T04:45:01.430392
4152,69,69,DEBIT,2312.73,BigBasket,Groceries,Delhi,DEVICE_0069,,Groceries transaction,2026-07-14T04:45:01.430392
4153,69,69,DEBIT,4303.61,Swiggy,Food,Delhi,DEVICE_0069,,Food transaction,2026-07-03T04:45:01.430392
4154,69,69,DEBIT,3285.91,Airtel,Utilities,Delhi,DEVICE_0069,,Utilities transaction,2026-07-04T04:45:01.430392
4155,69,69,DEBIT,4715.43,Flipkart,Shopping,Delhi,DEVICE_0069,,Shopping transaction,2026-04-27T04:45:01.430392
4156,69,69,DEBIT,1725.93,Uber,Transport,Delhi,DEVICE_0069,,Transport transaction,2026-06-03T04:45:01.430392
4157,69,69,DEBIT,2982.78,Amazon,Shopping,Delhi,DEVICE_0069,,Shopping transaction,2026-06-12T04:45:01.430392
4158,69,69,DEBIT,3180.27,Uber,Transport,Delhi,DEVICE_0069,,Transport transaction,2026-03-29T04:45:01.430392
4159,69,69,DEBIT,3688.11,Airtel,Utilities,Delhi,DEVICE_0069,,Utilities transaction,2026-09-09T04:45:01.430392
4160,69,69,DEBIT,1587.42,Flipkart,Shopping,Delhi,DEVICE_0069,,Shopping transaction,2026-03-27T04:45:01.430392
4161,69,69,DEBIT,3979.41,Ola,Transport,Delhi,DEVICE_0069,,Transport transaction,2026-07-29T04:45:01.430392
4162,69,69,DEBIT,2291.9,Reliance Fresh,Groceries,Delhi,DEVICE_0069,,Groceries transaction,2026-05-23T04:45:01.430392
4163,69,69,DEBIT,2308.69,Amazon,Shopping,Delhi,DEVICE_0069,,Shopping transaction,2026-06-13T04:45:01.430392
4164,69,69,DEBIT,3083.13,Reliance Fresh,Groceries,Delhi,DEVICE_0069,,Groceries transaction,2026-04-23T04:45:01.430392
4165,69,69,DEBIT,2047.26,Zomato,Food,Delhi,DEVICE_0069,,Food transaction,2026-04-17T04:45:01.430392
4166,69,69,DEBIT,1449.76,Flipkart,Shopping,Delhi,DEVICE_0069,,Shopping transaction,2026-04-09T04:45:01.430392
4167,69,69,DEBIT,1619.66,Netflix,Entertainment,Delhi,DEVICE_0069,,Entertainment transaction,2026-08-27T04:45:01.430392
4168,69,69,DEBIT,1012.86,Reliance Fresh,Groceries,Delhi,DEVICE_0069,,Groceries transaction,2026-07-04T04:45:01.430392
4169,69,69,DEBIT,4128.85,Uber,Transport,Delhi,DEVICE_0069,,Transport transaction,2026-08-11T04:45:01.430392
4170,69,69,DEBIT,3049.65,Zomato,Food,Delhi,DEVICE_0069,,Food transaction,2026-08-06T04:45:01.430392
4171,69,69,DEBIT,2993.64,Jio,Utilities,Delhi,DEVICE_0069,,Utilities transaction,2026-08-31T04:45:01.430392
4172,69,69,DEBIT,717.39,Zomato,Food,Delhi,DEVICE_0069,,Food transaction,2026-09-03T04:45:01.430392
4173,69,69,DEBIT,3294.24,Swiggy,Food,Delhi,DEVICE_0069,,Food transaction,2026-05-23T04:45:01.430392
4174,69,69,DEBIT,1634.61,BookMyShow,Entertainment,Delhi,DEVICE_0069,,Entertainment transaction,2026-04-24T04:45:01.430392
4175,69,69,DEBIT,1230.53,Electricity Board,Utilities,Delhi,DEVICE_0069,,Utilities transaction,2026-07-08T04:45:01.430392
4176,69,69,DEBIT,272.87,Uber,Transport,Delhi,DEVICE_0069,,Transport transaction,2026-06-14T04:45:01.430392
4177,69,69,DEBIT,3447.4,Netflix,Entertainment,Delhi,DEVICE_0069,,Entertainment transaction,2026-04-12T04:45:01.430392
4178,69,69,DEBIT,1781.07,Zomato,Food,Delhi,DEVICE_0069,,Food transaction,2026-08-24T04:45:01.430392
4179,69,69,DEBIT,2206.4,Netflix,Entertainment,Delhi,DEVICE_0069,,Entertainment transaction,2026-05-05T04:45:01.430392
4180,69,69,DEBIT,1271.34,Flipkart,Shopping,Delhi,DEVICE_0069,,Shopping transaction,2026-06-21T04:45:01.430392
4181,69,69,DEBIT,1878.85,BookMyShow,Entertainment,Delhi,DEVICE_0069,,Entertainment transaction,2026-03-22T04:45:01.430392
4182,69,69,DEBIT,522.76,BigBasket,Groceries,Delhi,DEVICE_0069,,Groceries transaction,2026-05-26T04:45:01.430392
4183,69,69,DEBIT,846.84,Uber,Transport,Delhi,DEVICE_0069,,Transport transaction,2026-06-21T04:45:01.430392
4184,69,69,DEBIT,3763.16,BookMyShow,Entertainment,Delhi,DEVICE_0069,,Entertainment transaction,2026-06-19T04:45:01.430392
4185,69,69,DEBIT,4256.96,BigBasket,Groceries,Delhi,DEVICE_0069,,Groceries transaction,2026-06-09T04:45:01.430392
4186,69,69,DEBIT,4460.79,Reliance Fresh,Groceries,Delhi,DEVICE_0069,,Groceries transaction,2026-06-29T04:45:01.430392
4187,69,69,DEBIT,340.86,BookMyShow,Entertainment,Delhi,DEVICE_0069,,Entertainment transaction,2026-06-10T04:45:01.430392
4188,69,69,DEBIT,1514.99,Amazon,Shopping,Delhi,DEVICE_0069,,Shopping transaction,2026-08-05T04:45:01.430392
4189,69,69,DEBIT,315.44,BookMyShow,Entertainment,Delhi,DEVICE_0069,,Entertainment transaction,2026-04-10T04:45:01.430392
4190,69,69,DEBIT,3852.98,Zomato,Food,Delhi,DEVICE_0069,,Food transaction,2026-05-05T04:45:01.430392
4191,69,69,DEBIT,3730.2,Electricity Board,Utilities,Delhi,DEVICE_0069,,Utilities transaction,2026-05-05T04:45:01.430392
4192,69,69,DEBIT,2828.8,Airtel,Utilities,Delhi,DEVICE_0069,,Utilities transaction,2026-06-16T04:45:01.430392
4193,69,69,DEBIT,1912.67,Zomato,Food,Delhi,DEVICE_0069,,Food transaction,2026-04-16T04:45:01.430392
4194,69,69,DEBIT,3170.45,Amazon,Shopping,Delhi,DEVICE_0069,,Shopping transaction,2026-08-05T04:45:01.430392
4195,69,69,DEBIT,3647.64,BigBasket,Groceries,Delhi,DEVICE_0069,,Groceries transaction,2026-03-30T04:45:01.430392
4196,69,69,DEBIT,4518.2,Flipkart,Shopping,Delhi,DEVICE_0069,,Shopping transaction,2026-07-17T04:45:01.430392
4197,69,69,DEBIT,2476.22,BookMyShow,Entertainment,Delhi,DEVICE_0069,,Entertainment transaction,2026-04-18T04:45:01.430392
4198,69,69,DEBIT,2678.47,Apollo Pharmacy,Healthcare,Delhi,DEVICE_0069,,Healthcare transaction,2026-05-28T04:45:01.430392
4199,69,69,DEBIT,3513.97,Netflix,Entertainment,Delhi,DEVICE_0069,,Entertainment transaction,2026-04-30T04:45:01.430392
4200,69,69,DEBIT,432.51,Airtel,Utilities,Delhi,DEVICE_0069,,Utilities transaction,2026-05-15T04:45:01.430392
4201,69,69,DEBIT,2570.94,Apollo Pharmacy,Healthcare,Delhi,DEVICE_0069,,Healthcare transaction,2026-05-23T04:45:01.430392
4202,69,69,DEBIT,1416.93,Ola,Transport,Delhi,DEVICE_0069,,Transport transaction,2026-04-18T04:45:01.430392
4203,69,69,DEBIT,4318.79,Uber,Transport,Delhi,DEVICE_0069,,Transport transaction,2026-06-20T04:45:01.430392
4204,69,69,DEBIT,3812.17,Zomato,Food,Delhi,DEVICE_0069,,Food transaction,2026-06-12T04:45:01.430392
4205,69,69,DEBIT,2260.69,Zomato,Food,Delhi,DEVICE_0069,,Food transaction,2026-08-14T04:45:01.430392
4206,69,69,DEBIT,1289.73,Electricity Board,Utilities,Delhi,DEVICE_0069,,Utilities transaction,2026-05-31T04:45:01.430392
4207,69,69,DEBIT,560.27,Ola,Transport,Delhi,DEVICE_0069,,Transport transaction,2026-04-22T04:45:01.430392
4208,69,69,DEBIT,545.59,Netflix,Entertainment,Delhi,DEVICE_0069,,Entertainment transaction,2026-06-12T04:45:01.430392
4209,69,69,DEBIT,2388.78,Apollo Pharmacy,Healthcare,Delhi,DEVICE_0069,,Healthcare transaction,2026-07-16T04:45:01.430392
4210,70,70,CREDIT,167528.95,Employer,Salary,Hyderabad,DEVICE_0070,,Monthly salary credit,2026-08-29T04:45:01.430392
4211,70,70,DEBIT,5729.79,Airtel,Utilities,Hyderabad,DEVICE_0070,,Utilities transaction,2026-04-20T04:45:01.430392
4212,70,70,DEBIT,11115.46,Jio,Utilities,Hyderabad,DEVICE_0070,,Utilities transaction,2026-08-11T04:45:01.430392
4213,70,70,DEBIT,3433.83,Netflix,Entertainment,Hyderabad,DEVICE_0070,,Entertainment transaction,2026-05-31T04:45:01.430392
4214,70,70,DEBIT,7920.12,Apollo Pharmacy,Healthcare,Hyderabad,DEVICE_0070,,Healthcare transaction,2026-08-08T04:45:01.430392
4215,70,70,DEBIT,3636.28,BookMyShow,Entertainment,Hyderabad,DEVICE_0070,,Entertainment transaction,2026-07-01T04:45:01.430392
4216,70,70,DEBIT,4343.47,Ola,Transport,Hyderabad,DEVICE_0070,,Transport transaction,2026-08-23T04:45:01.430392
4217,70,70,DEBIT,5758.47,BigBasket,Groceries,Hyderabad,DEVICE_0070,,Groceries transaction,2026-08-06T04:45:01.430392
4218,70,70,DEBIT,6724.59,BookMyShow,Entertainment,Hyderabad,DEVICE_0070,,Entertainment transaction,2026-07-24T04:45:01.430392
4219,70,70,DEBIT,11770.58,Swiggy,Food,Hyderabad,DEVICE_0070,,Food transaction,2026-09-09T04:45:01.430392
4220,70,70,DEBIT,1794.69,Swiggy,Food,Hyderabad,DEVICE_0070,,Food transaction,2026-07-07T04:45:01.430392
4221,70,70,DEBIT,7521.72,Airtel,Utilities,Hyderabad,DEVICE_0070,,Utilities transaction,2026-05-15T04:45:01.430392
4222,70,70,DEBIT,1533.37,Electricity Board,Utilities,Hyderabad,DEVICE_0070,,Utilities transaction,2026-09-04T04:45:01.430392
4223,70,70,DEBIT,5895.74,Jio,Utilities,Hyderabad,DEVICE_0070,,Utilities transaction,2026-03-20T04:45:01.430392
4224,70,70,DEBIT,13269.41,Swiggy,Food,Hyderabad,DEVICE_0070,,Food transaction,2026-08-10T04:45:01.430392
4225,70,70,DEBIT,11644.82,Netflix,Entertainment,Hyderabad,DEVICE_0070,,Entertainment transaction,2026-06-05T04:45:01.430392
4226,70,70,DEBIT,4878.48,BigBasket,Groceries,Hyderabad,DEVICE_0070,,Groceries transaction,2026-06-02T04:45:01.430392
4227,70,70,DEBIT,7552.91,Electricity Board,Utilities,Hyderabad,DEVICE_0070,,Utilities transaction,2026-06-29T04:45:01.430392
4228,70,70,DEBIT,4646.65,Flipkart,Shopping,Hyderabad,DEVICE_0070,,Shopping transaction,2026-06-18T04:45:01.430392
4229,70,70,DEBIT,8237.01,BookMyShow,Entertainment,Hyderabad,DEVICE_0070,,Entertainment transaction,2026-08-16T04:45:01.430392
4230,70,70,DEBIT,797.24,Electricity Board,Utilities,Hyderabad,DEVICE_0070,,Utilities transaction,2026-06-14T04:45:01.430392
4231,70,70,DEBIT,12223.01,Reliance Fresh,Groceries,Hyderabad,DEVICE_0070,,Groceries transaction,2026-04-04T04:45:01.430392
4232,70,70,DEBIT,9978.92,Reliance Fresh,Groceries,Hyderabad,DEVICE_0070,,Groceries transaction,2026-05-24T04:45:01.430392
4233,70,70,DEBIT,10202.87,Uber,Transport,Hyderabad,DEVICE_0070,,Transport transaction,2026-03-17T04:45:01.430392
4234,70,70,DEBIT,9883.15,Swiggy,Food,Hyderabad,DEVICE_0070,,Food transaction,2026-04-15T04:45:01.430392
4235,70,70,DEBIT,12565.57,Jio,Utilities,Hyderabad,DEVICE_0070,,Utilities transaction,2026-08-22T04:45:01.430392
4236,70,70,DEBIT,12023.98,Swiggy,Food,Hyderabad,DEVICE_0070,,Food transaction,2026-04-14T04:45:01.430392
4237,70,70,DEBIT,5083.19,BookMyShow,Entertainment,Hyderabad,DEVICE_0070,,Entertainment transaction,2026-03-30T04:45:01.430392
4238,70,70,DEBIT,5208.62,Reliance Fresh,Groceries,Hyderabad,DEVICE_0070,,Groceries transaction,2026-05-23T04:45:01.430392
4239,70,70,DEBIT,6915.58,Swiggy,Food,Hyderabad,DEVICE_0070,,Food transaction,2026-04-15T04:45:01.430392
4240,70,70,DEBIT,12673.13,Uber,Transport,Hyderabad,DEVICE_0070,,Transport transaction,2026-08-19T04:45:01.430392
4241,70,70,DEBIT,4125.69,Zomato,Food,Hyderabad,DEVICE_0070,,Food transaction,2026-06-17T04:45:01.430392
4242,70,70,DEBIT,7647.84,Amazon,Shopping,Hyderabad,DEVICE_0070,,Shopping transaction,2026-05-01T04:45:01.430392
4243,70,70,DEBIT,6909.79,BookMyShow,Entertainment,Hyderabad,DEVICE_0070,,Entertainment transaction,2026-05-26T04:45:01.430392
4244,70,70,DEBIT,4461.71,Uber,Transport,Hyderabad,DEVICE_0070,,Transport transaction,2026-06-23T04:45:01.430392
4245,70,70,DEBIT,2555.5,Airtel,Utilities,Hyderabad,DEVICE_0070,,Utilities transaction,2026-08-07T04:45:01.430392
4246,70,70,DEBIT,10946.52,Amazon,Shopping,Hyderabad,DEVICE_0070,,Shopping transaction,2026-07-21T04:45:01.430392
4247,70,70,DEBIT,7053.78,BigBasket,Groceries,Hyderabad,DEVICE_0070,,Groceries transaction,2026-04-18T04:45:01.430392
4248,70,70,DEBIT,4350.38,BookMyShow,Entertainment,Hyderabad,DEVICE_0070,,Entertainment transaction,2026-06-16T04:45:01.430392
4249,70,70,DEBIT,2386.21,Uber,Transport,Hyderabad,DEVICE_0070,,Transport transaction,2026-07-01T04:45:01.430392
4250,70,70,DEBIT,6624.72,Uber,Transport,Hyderabad,DEVICE_0070,,Transport transaction,2026-07-17T04:45:01.430392
4251,70,70,DEBIT,4008.59,Swiggy,Food,Hyderabad,DEVICE_0070,,Food transaction,2026-07-08T04:45:01.430392
4252,70,70,DEBIT,10147.53,BookMyShow,Entertainment,Hyderabad,DEVICE_0070,,Entertainment transaction,2026-07-15T04:45:01.430392
4253,70,70,DEBIT,3878.54,Apollo Pharmacy,Healthcare,Hyderabad,DEVICE_0070,,Healthcare transaction,2026-08-19T04:45:01.430392
4254,70,70,DEBIT,7489.84,Zomato,Food,Hyderabad,DEVICE_0070,,Food transaction,2026-05-05T04:45:01.430392
4255,70,70,DEBIT,2429.24,Airtel,Utilities,Hyderabad,DEVICE_0070,,Utilities transaction,2026-04-12T04:45:01.430392
4256,70,70,DEBIT,12872.33,Amazon,Shopping,Hyderabad,DEVICE_0070,,Shopping transaction,2026-04-27T04:45:01.430392
4257,70,70,DEBIT,10748.54,Netflix,Entertainment,Hyderabad,DEVICE_0070,,Entertainment transaction,2026-09-11T04:45:01.430392
4258,70,70,DEBIT,11190.99,Reliance Fresh,Groceries,Hyderabad,DEVICE_0070,,Groceries transaction,2026-09-06T04:45:01.430392
4259,70,70,DEBIT,2881.93,Ola,Transport,Hyderabad,DEVICE_0070,,Transport transaction,2026-04-19T04:45:01.430392
4260,70,70,DEBIT,9865.28,BigBasket,Groceries,Hyderabad,DEVICE_0070,,Groceries transaction,2026-05-02T04:45:01.430392
4261,70,70,DEBIT,11171.62,Swiggy,Food,Hyderabad,DEVICE_0070,,Food transaction,2026-06-29T04:45:01.430392
4262,70,70,DEBIT,9656.17,Flipkart,Shopping,Hyderabad,DEVICE_0070,,Shopping transaction,2026-08-13T04:45:01.430392
4263,70,70,DEBIT,11935.27,Reliance Fresh,Groceries,Hyderabad,DEVICE_0070,,Groceries transaction,2026-05-09T04:45:01.430392
4264,70,70,DEBIT,1346.8,Uber,Transport,Hyderabad,DEVICE_0070,,Transport transaction,2026-08-08T04:45:01.430392
4265,70,70,DEBIT,9859.26,Uber,Transport,Hyderabad,DEVICE_0070,,Transport transaction,2026-08-14T04:45:01.430392
4266,70,70,DEBIT,10809.92,Ola,Transport,Hyderabad,DEVICE_0070,,Transport transaction,2026-07-18T04:45:01.430392
4267,70,70,DEBIT,1181.6,Electricity Board,Utilities,Hyderabad,DEVICE_0070,,Utilities transaction,2026-08-03T04:45:01.430392
4268,70,70,DEBIT,4627.23,Netflix,Entertainment,Hyderabad,DEVICE_0070,,Entertainment transaction,2026-05-19T04:45:01.430392
4269,70,70,DEBIT,9910.59,Apollo Pharmacy,Healthcare,Hyderabad,DEVICE_0070,,Healthcare transaction,2026-03-24T04:45:01.430392
4270,70,70,DEBIT,1178.14,Airtel,Utilities,Hyderabad,DEVICE_0070,,Utilities transaction,2026-03-20T04:45:01.430392
4271,71,71,CREDIT,46033.42,Employer,Salary,Jaipur,DEVICE_0071,,Monthly salary credit,2026-09-02T04:45:01.430392
4272,71,71,DEBIT,1709.31,Amazon,Shopping,Jaipur,DEVICE_0071,,Shopping transaction,2026-03-16T04:45:01.430392
4273,71,71,DEBIT,2015.51,Airtel,Utilities,Jaipur,DEVICE_0071,,Utilities transaction,2026-07-26T04:45:01.430392
4274,71,71,DEBIT,2143.92,Jio,Utilities,Jaipur,DEVICE_0071,,Utilities transaction,2026-04-05T04:45:01.430392
4275,71,71,DEBIT,3505.69,Amazon,Shopping,Jaipur,DEVICE_0071,,Shopping transaction,2026-04-05T04:45:01.430392
4276,71,71,DEBIT,1056.44,Amazon,Shopping,Jaipur,DEVICE_0071,,Shopping transaction,2026-04-15T04:45:01.430392
4277,71,71,DEBIT,3237.29,BigBasket,Groceries,Jaipur,DEVICE_0071,,Groceries transaction,2026-07-18T04:45:01.430392
4278,71,71,DEBIT,881.48,Apollo Pharmacy,Healthcare,Jaipur,DEVICE_0071,,Healthcare transaction,2026-05-15T04:45:01.430392
4279,71,71,DEBIT,1887.38,Swiggy,Food,Jaipur,DEVICE_0071,,Food transaction,2026-07-27T04:45:01.430392
4280,71,71,DEBIT,1929.94,Electricity Board,Utilities,Jaipur,DEVICE_0071,,Utilities transaction,2026-08-10T04:45:01.430392
4281,71,71,DEBIT,2410.71,Zomato,Food,Jaipur,DEVICE_0071,,Food transaction,2026-08-21T04:45:01.430392
4282,71,71,DEBIT,3185.2,Netflix,Entertainment,Jaipur,DEVICE_0071,,Entertainment transaction,2026-07-20T04:45:01.430392
4283,71,71,DEBIT,1712.59,Amazon,Shopping,Jaipur,DEVICE_0071,,Shopping transaction,2026-05-10T04:45:01.430392
4284,71,71,DEBIT,2328.67,Netflix,Entertainment,Jaipur,DEVICE_0071,,Entertainment transaction,2026-07-29T04:45:01.430392
4285,71,71,DEBIT,1656.31,Amazon,Shopping,Jaipur,DEVICE_0071,,Shopping transaction,2026-07-07T04:45:01.430392
4286,71,71,DEBIT,1524.43,BookMyShow,Entertainment,Jaipur,DEVICE_0071,,Entertainment transaction,2026-04-16T04:45:01.430392
4287,71,71,DEBIT,2420.95,Zomato,Food,Jaipur,DEVICE_0071,,Food transaction,2026-05-12T04:45:01.430392
4288,71,71,DEBIT,2487.91,Netflix,Entertainment,Jaipur,DEVICE_0071,,Entertainment transaction,2026-07-28T04:45:01.430392
4289,71,71,DEBIT,3127.86,Uber,Transport,Jaipur,DEVICE_0071,,Transport transaction,2026-06-30T04:45:01.430392
4290,71,71,DEBIT,1889.31,Apollo Pharmacy,Healthcare,Jaipur,DEVICE_0071,,Healthcare transaction,2026-04-04T04:45:01.430392
4291,71,71,DEBIT,2282.09,BigBasket,Groceries,Jaipur,DEVICE_0071,,Groceries transaction,2026-04-26T04:45:01.430392
4292,71,71,DEBIT,1228.84,Reliance Fresh,Groceries,Jaipur,DEVICE_0071,,Groceries transaction,2026-07-18T04:45:01.430392
4293,71,71,DEBIT,3553.53,Flipkart,Shopping,Jaipur,DEVICE_0071,,Shopping transaction,2026-07-01T04:45:01.430392
4294,71,71,DEBIT,3575.97,BigBasket,Groceries,Jaipur,DEVICE_0071,,Groceries transaction,2026-06-21T04:45:01.430392
4295,71,71,DEBIT,2506.99,Zomato,Food,Jaipur,DEVICE_0071,,Food transaction,2026-08-14T04:45:01.430392
4296,71,71,DEBIT,1818.52,Swiggy,Food,Jaipur,DEVICE_0071,,Food transaction,2026-06-23T04:45:01.430392
4297,71,71,DEBIT,595.41,Apollo Pharmacy,Healthcare,Jaipur,DEVICE_0071,,Healthcare transaction,2026-03-18T04:45:01.430392
4298,71,71,DEBIT,2654.65,BigBasket,Groceries,Jaipur,DEVICE_0071,,Groceries transaction,2026-05-12T04:45:01.430392
4299,71,71,DEBIT,3002.58,Jio,Utilities,Jaipur,DEVICE_0071,,Utilities transaction,2026-05-10T04:45:01.430392
4300,71,71,DEBIT,1634.87,BookMyShow,Entertainment,Jaipur,DEVICE_0071,,Entertainment transaction,2026-07-14T04:45:01.430392
4301,71,71,DEBIT,1213.22,Amazon,Shopping,Jaipur,DEVICE_0071,,Shopping transaction,2026-05-06T04:45:01.430392
4302,71,71,DEBIT,3298.92,Zomato,Food,Jaipur,DEVICE_0071,,Food transaction,2026-05-31T04:45:01.430392
4303,71,71,DEBIT,2158.16,Amazon,Shopping,Jaipur,DEVICE_0071,,Shopping transaction,2026-06-22T04:45:01.430392
4304,71,71,DEBIT,2550.77,Uber,Transport,Jaipur,DEVICE_0071,,Transport transaction,2026-05-30T04:45:01.430392
4305,71,71,DEBIT,3017.59,BigBasket,Groceries,Jaipur,DEVICE_0071,,Groceries transaction,2026-05-27T04:45:01.430392
4306,71,71,DEBIT,1107.93,BigBasket,Groceries,Jaipur,DEVICE_0071,,Groceries transaction,2026-08-30T04:45:01.430392
4307,71,71,DEBIT,1890.86,Uber,Transport,Jaipur,DEVICE_0071,,Transport transaction,2026-07-18T04:45:01.430392
4308,71,71,DEBIT,2415.91,Ola,Transport,Jaipur,DEVICE_0071,,Transport transaction,2026-09-01T04:45:01.430392
4309,71,71,DEBIT,1758.97,Uber,Transport,Jaipur,DEVICE_0071,,Transport transaction,2026-07-18T04:45:01.430392
4310,71,71,DEBIT,3249.51,BookMyShow,Entertainment,Jaipur,DEVICE_0071,,Entertainment transaction,2026-04-28T04:45:01.430392
4311,71,71,DEBIT,2914.93,Zomato,Food,Jaipur,DEVICE_0071,,Food transaction,2026-08-15T04:45:01.430392
4312,71,71,DEBIT,2327.05,BookMyShow,Entertainment,Jaipur,DEVICE_0071,,Entertainment transaction,2026-08-10T04:45:01.430392
4313,71,71,DEBIT,2079.83,BookMyShow,Entertainment,Jaipur,DEVICE_0071,,Entertainment transaction,2026-09-07T04:45:01.430392
4314,71,71,DEBIT,1520.59,Airtel,Utilities,Jaipur,DEVICE_0071,,Utilities transaction,2026-03-16T04:45:01.430392
4315,71,71,DEBIT,3376.99,Ola,Transport,Jaipur,DEVICE_0071,,Transport transaction,2026-04-24T04:45:01.430392
4316,71,71,DEBIT,2480.91,Flipkart,Shopping,Jaipur,DEVICE_0071,,Shopping transaction,2026-05-03T04:45:01.430392
4317,71,71,DEBIT,1461.07,Zomato,Food,Jaipur,DEVICE_0071,,Food transaction,2026-07-24T04:45:01.430392
4318,71,71,DEBIT,3119.0,Swiggy,Food,Jaipur,DEVICE_0071,,Food transaction,2026-06-03T04:45:01.430392
4319,71,71,DEBIT,2699.93,Jio,Utilities,Jaipur,DEVICE_0071,,Utilities transaction,2026-06-30T04:45:01.430392
4320,71,71,DEBIT,762.12,Airtel,Utilities,Jaipur,DEVICE_0071,,Utilities transaction,2026-06-09T04:45:01.430392
4321,71,71,DEBIT,1639.72,Ola,Transport,Jaipur,DEVICE_0071,,Transport transaction,2026-04-24T04:45:01.430392
4322,71,71,DEBIT,1066.15,Electricity Board,Utilities,Jaipur,DEVICE_0071,,Utilities transaction,2026-09-09T04:45:01.430392
4323,71,71,DEBIT,3144.54,Amazon,Shopping,Jaipur,DEVICE_0071,,Shopping transaction,2026-05-01T04:45:01.430392
4324,71,71,DEBIT,1946.56,Flipkart,Shopping,Jaipur,DEVICE_0071,,Shopping transaction,2026-05-11T04:45:01.430392
4325,71,71,DEBIT,746.59,Amazon,Shopping,Jaipur,DEVICE_0071,,Shopping transaction,2026-06-27T04:45:01.430392
4326,71,71,DEBIT,1001.03,Amazon,Shopping,Jaipur,DEVICE_0071,,Shopping transaction,2026-03-20T04:45:01.430392
4327,71,71,DEBIT,317.64,Zomato,Food,Jaipur,DEVICE_0071,,Food transaction,2026-08-12T04:45:01.430392
4328,71,71,DEBIT,2930.6,Jio,Utilities,Jaipur,DEVICE_0071,,Utilities transaction,2026-03-29T04:45:01.430392
4329,71,71,DEBIT,656.9,BigBasket,Groceries,Jaipur,DEVICE_0071,,Groceries transaction,2026-07-05T04:45:01.430392
4330,71,71,DEBIT,495.74,Jio,Utilities,Jaipur,DEVICE_0071,,Utilities transaction,2026-08-25T04:45:01.430392
4331,71,71,DEBIT,2714.88,Netflix,Entertainment,Jaipur,DEVICE_0071,,Entertainment transaction,2026-05-29T04:45:01.430392
4332,72,72,CREDIT,75661.1,Employer,Salary,Jaipur,DEVICE_0072,,Monthly salary credit,2026-09-12T04:45:01.430392
4333,72,72,DEBIT,4546.66,Amazon,Shopping,Jaipur,DEVICE_0072,,Shopping transaction,2026-04-27T04:45:01.430392
4334,72,72,DEBIT,5578.66,BookMyShow,Entertainment,Jaipur,DEVICE_0072,,Entertainment transaction,2026-08-19T04:45:01.430392
4335,72,72,DEBIT,3642.64,Electricity Board,Utilities,Jaipur,DEVICE_0072,,Utilities transaction,2026-06-04T04:45:01.430392
4336,72,72,DEBIT,5066.51,Zomato,Food,Jaipur,DEVICE_0072,,Food transaction,2026-06-25T04:45:01.430392
4337,72,72,DEBIT,2094.74,Airtel,Utilities,Jaipur,DEVICE_0072,,Utilities transaction,2026-05-04T04:45:01.430392
4338,72,72,DEBIT,337.14,Electricity Board,Utilities,Jaipur,DEVICE_0072,,Utilities transaction,2026-07-04T04:45:01.430392
4339,72,72,DEBIT,1386.19,Reliance Fresh,Groceries,Jaipur,DEVICE_0072,,Groceries transaction,2026-07-07T04:45:01.430392
4340,72,72,DEBIT,3572.44,Apollo Pharmacy,Healthcare,Jaipur,DEVICE_0072,,Healthcare transaction,2026-06-08T04:45:01.430392
4341,72,72,DEBIT,2714.02,Uber,Transport,Jaipur,DEVICE_0072,,Transport transaction,2026-07-18T04:45:01.430392
4342,72,72,DEBIT,3483.45,BigBasket,Groceries,Jaipur,DEVICE_0072,,Groceries transaction,2026-05-12T04:45:01.430392
4343,72,72,DEBIT,5512.47,Uber,Transport,Jaipur,DEVICE_0072,,Transport transaction,2026-04-29T04:45:01.430392
4344,72,72,DEBIT,1631.7,Netflix,Entertainment,Jaipur,DEVICE_0072,,Entertainment transaction,2026-09-08T04:45:01.430392
4345,72,72,DEBIT,4458.31,Reliance Fresh,Groceries,Jaipur,DEVICE_0072,,Groceries transaction,2026-06-09T04:45:01.430392
4346,72,72,DEBIT,3399.08,Airtel,Utilities,Jaipur,DEVICE_0072,,Utilities transaction,2026-08-16T04:45:01.430392
4347,72,72,DEBIT,1511.4,Reliance Fresh,Groceries,Jaipur,DEVICE_0072,,Groceries transaction,2026-09-06T04:45:01.430392
4348,72,72,DEBIT,4713.78,BigBasket,Groceries,Jaipur,DEVICE_0072,,Groceries transaction,2026-05-21T04:45:01.430392
4349,72,72,DEBIT,2990.69,Ola,Transport,Jaipur,DEVICE_0072,,Transport transaction,2026-08-16T04:45:01.430392
4350,72,72,DEBIT,2017.96,Apollo Pharmacy,Healthcare,Jaipur,DEVICE_0072,,Healthcare transaction,2026-08-07T04:45:01.430392
4351,72,72,DEBIT,3886.82,Airtel,Utilities,Jaipur,DEVICE_0072,,Utilities transaction,2026-08-22T04:45:01.430392
4352,72,72,DEBIT,3482.8,Flipkart,Shopping,Jaipur,DEVICE_0072,,Shopping transaction,2026-07-21T04:45:01.430392
4353,72,72,DEBIT,5713.97,Jio,Utilities,Jaipur,DEVICE_0072,,Utilities transaction,2026-04-14T04:45:01.430392
4354,72,72,DEBIT,690.99,Zomato,Food,Jaipur,DEVICE_0072,,Food transaction,2026-06-01T04:45:01.430392
4355,72,72,DEBIT,5105.13,BookMyShow,Entertainment,Jaipur,DEVICE_0072,,Entertainment transaction,2026-05-02T04:45:01.430392
4356,72,72,DEBIT,5114.38,Electricity Board,Utilities,Jaipur,DEVICE_0072,,Utilities transaction,2026-07-15T04:45:01.430392
4357,72,72,DEBIT,4691.56,Amazon,Shopping,Jaipur,DEVICE_0072,,Shopping transaction,2026-07-10T04:45:01.430392
4358,72,72,DEBIT,2022.91,BigBasket,Groceries,Jaipur,DEVICE_0072,,Groceries transaction,2026-06-18T04:45:01.430392
4359,72,72,DEBIT,1081.52,Jio,Utilities,Jaipur,DEVICE_0072,,Utilities transaction,2026-06-22T04:45:01.430392
4360,72,72,DEBIT,3508.71,Electricity Board,Utilities,Jaipur,DEVICE_0072,,Utilities transaction,2026-05-31T04:45:01.430392
4361,72,72,DEBIT,232.61,Jio,Utilities,Jaipur,DEVICE_0072,,Utilities transaction,2026-03-20T04:45:01.430392
4362,72,72,DEBIT,4619.15,Zomato,Food,Jaipur,DEVICE_0072,,Food transaction,2026-05-10T04:45:01.430392
4363,72,72,DEBIT,3125.36,Netflix,Entertainment,Jaipur,DEVICE_0072,,Entertainment transaction,2026-03-30T04:45:01.430392
4364,72,72,DEBIT,2083.68,Zomato,Food,Jaipur,DEVICE_0072,,Food transaction,2026-05-12T04:45:01.430392
4365,72,72,DEBIT,3447.22,Netflix,Entertainment,Jaipur,DEVICE_0072,,Entertainment transaction,2026-08-23T04:45:01.430392
4366,72,72,DEBIT,2691.59,Flipkart,Shopping,Jaipur,DEVICE_0072,,Shopping transaction,2026-08-24T04:45:01.430392
4367,72,72,DEBIT,944.97,BigBasket,Groceries,Jaipur,DEVICE_0072,,Groceries transaction,2026-09-09T04:45:01.430392
4368,72,72,DEBIT,3243.14,Swiggy,Food,Jaipur,DEVICE_0072,,Food transaction,2026-08-12T04:45:01.430392
4369,72,72,DEBIT,1355.17,Swiggy,Food,Jaipur,DEVICE_0072,,Food transaction,2026-08-14T04:45:01.430392
4370,72,72,DEBIT,5382.75,Amazon,Shopping,Jaipur,DEVICE_0072,,Shopping transaction,2026-05-09T04:45:01.430392
4371,72,72,DEBIT,3864.87,Swiggy,Food,Jaipur,DEVICE_0072,,Food transaction,2026-05-01T04:45:01.430392
4372,72,72,DEBIT,1018.62,Reliance Fresh,Groceries,Jaipur,DEVICE_0072,,Groceries transaction,2026-04-25T04:45:01.430392
4373,72,72,DEBIT,2537.68,BigBasket,Groceries,Jaipur,DEVICE_0072,,Groceries transaction,2026-06-29T04:45:01.430392
4374,72,72,DEBIT,2748.81,Flipkart,Shopping,Jaipur,DEVICE_0072,,Shopping transaction,2026-06-29T04:45:01.430392
4375,72,72,DEBIT,5596.19,Electricity Board,Utilities,Jaipur,DEVICE_0072,,Utilities transaction,2026-03-23T04:45:01.430392
4376,72,72,DEBIT,3258.02,Uber,Transport,Jaipur,DEVICE_0072,,Transport transaction,2026-04-08T04:45:01.430392
4377,72,72,DEBIT,3499.92,Ola,Transport,Jaipur,DEVICE_0072,,Transport transaction,2026-08-01T04:45:01.430392
4378,72,72,DEBIT,1898.49,Swiggy,Food,Jaipur,DEVICE_0072,,Food transaction,2026-03-21T04:45:01.430392
4379,72,72,DEBIT,4898.78,Zomato,Food,Jaipur,DEVICE_0072,,Food transaction,2026-06-09T04:45:01.430392
4380,72,72,DEBIT,3738.17,Netflix,Entertainment,Jaipur,DEVICE_0072,,Entertainment transaction,2026-05-15T04:45:01.430392
4381,72,72,DEBIT,1432.72,Reliance Fresh,Groceries,Jaipur,DEVICE_0072,,Groceries transaction,2026-06-20T04:45:01.430392
4382,72,72,DEBIT,4414.84,Electricity Board,Utilities,Jaipur,DEVICE_0072,,Utilities transaction,2026-08-09T04:45:01.430392
4383,72,72,DEBIT,3269.13,Swiggy,Food,Jaipur,DEVICE_0072,,Food transaction,2026-05-14T04:45:01.430392
4384,72,72,DEBIT,2059.39,Amazon,Shopping,Jaipur,DEVICE_0072,,Shopping transaction,2026-07-29T04:45:01.430392
4385,72,72,DEBIT,2953.75,Swiggy,Food,Jaipur,DEVICE_0072,,Food transaction,2026-09-11T04:45:01.430392
4386,72,72,DEBIT,4305.59,Uber,Transport,Jaipur,DEVICE_0072,,Transport transaction,2026-07-23T04:45:01.430392
4387,72,72,DEBIT,749.28,Electricity Board,Utilities,Jaipur,DEVICE_0072,,Utilities transaction,2026-05-18T04:45:01.430392
4388,72,72,DEBIT,754.35,Ola,Transport,Jaipur,DEVICE_0072,,Transport transaction,2026-04-06T04:45:01.430392
4389,72,72,DEBIT,3679.28,Reliance Fresh,Groceries,Jaipur,DEVICE_0072,,Groceries transaction,2026-08-26T04:45:01.430392
4390,72,72,DEBIT,3924.45,Ola,Transport,Jaipur,DEVICE_0072,,Transport transaction,2026-07-17T04:45:01.430392
4391,72,72,DEBIT,3880.42,Ola,Transport,Jaipur,DEVICE_0072,,Transport transaction,2026-07-25T04:45:01.430392
4392,72,72,DEBIT,1863.32,Uber,Transport,Jaipur,DEVICE_0072,,Transport transaction,2026-05-26T04:45:01.430392
4393,73,73,CREDIT,28004.41,Employer,Salary,Gandhinagar,DEVICE_0073,,Monthly salary credit,2026-08-25T04:45:01.430392
4394,73,73,DEBIT,823.84,Electricity Board,Utilities,Gandhinagar,DEVICE_0073,,Utilities transaction,2026-04-06T04:45:01.430392
4395,73,73,DEBIT,1022.81,Airtel,Utilities,Gandhinagar,DEVICE_0073,,Utilities transaction,2026-07-09T04:45:01.430392
4396,73,73,DEBIT,1303.87,Netflix,Entertainment,Gandhinagar,DEVICE_0073,,Entertainment transaction,2026-03-28T04:45:01.430392
4397,73,73,DEBIT,358.08,Zomato,Food,Gandhinagar,DEVICE_0073,,Food transaction,2026-08-04T04:45:01.430392
4398,73,73,DEBIT,1690.8,Flipkart,Shopping,Gandhinagar,DEVICE_0073,,Shopping transaction,2026-07-03T04:45:01.430392
4399,73,73,DEBIT,736.49,Swiggy,Food,Gandhinagar,DEVICE_0073,,Food transaction,2026-08-17T04:45:01.430392
4400,73,73,DEBIT,1825.93,Swiggy,Food,Gandhinagar,DEVICE_0073,,Food transaction,2026-04-15T04:45:01.430392
4401,73,73,DEBIT,1763.02,Apollo Pharmacy,Healthcare,Gandhinagar,DEVICE_0073,,Healthcare transaction,2026-06-20T04:45:01.430392
4402,73,73,DEBIT,1775.11,BookMyShow,Entertainment,Gandhinagar,DEVICE_0073,,Entertainment transaction,2026-04-14T04:45:01.430392
4403,73,73,DEBIT,765.66,BookMyShow,Entertainment,Gandhinagar,DEVICE_0073,,Entertainment transaction,2026-04-08T04:45:01.430392
4404,73,73,DEBIT,2055.15,Apollo Pharmacy,Healthcare,Gandhinagar,DEVICE_0073,,Healthcare transaction,2026-07-21T04:45:01.430392
4405,73,73,DEBIT,205.45,Swiggy,Food,Gandhinagar,DEVICE_0073,,Food transaction,2026-07-15T04:45:01.430392
4406,73,73,DEBIT,386.36,Zomato,Food,Gandhinagar,DEVICE_0073,,Food transaction,2026-04-08T04:45:01.430392
4407,73,73,DEBIT,492.45,Swiggy,Food,Gandhinagar,DEVICE_0073,,Food transaction,2026-05-14T04:45:01.430392
4408,73,73,DEBIT,200.5,Jio,Utilities,Gandhinagar,DEVICE_0073,,Utilities transaction,2026-08-24T04:45:01.430392
4409,73,73,DEBIT,479.48,Amazon,Shopping,Gandhinagar,DEVICE_0073,,Shopping transaction,2026-05-23T04:45:01.430392
4410,73,73,DEBIT,1556.51,BigBasket,Groceries,Gandhinagar,DEVICE_0073,,Groceries transaction,2026-06-21T04:45:01.430392
4411,73,73,DEBIT,1220.94,Uber,Transport,Gandhinagar,DEVICE_0073,,Transport transaction,2026-08-13T04:45:01.430392
4412,73,73,DEBIT,1342.89,Zomato,Food,Gandhinagar,DEVICE_0073,,Food transaction,2026-06-08T04:45:01.430392
4413,73,73,DEBIT,986.62,Airtel,Utilities,Gandhinagar,DEVICE_0073,,Utilities transaction,2026-05-14T04:45:01.430392
4414,73,73,DEBIT,836.1,Ola,Transport,Gandhinagar,DEVICE_0073,,Transport transaction,2026-05-02T04:45:01.430392
4415,73,73,DEBIT,1282.79,Ola,Transport,Gandhinagar,DEVICE_0073,,Transport transaction,2026-04-11T04:45:01.430392
4416,73,73,DEBIT,636.43,Jio,Utilities,Gandhinagar,DEVICE_0073,,Utilities transaction,2026-08-01T04:45:01.430392
4417,73,73,DEBIT,1900.85,Apollo Pharmacy,Healthcare,Gandhinagar,DEVICE_0073,,Healthcare transaction,2026-08-07T04:45:01.430392
4418,73,73,DEBIT,1092.13,Jio,Utilities,Gandhinagar,DEVICE_0073,,Utilities transaction,2026-05-22T04:45:01.430392
4419,73,73,DEBIT,1618.25,Reliance Fresh,Groceries,Gandhinagar,DEVICE_0073,,Groceries transaction,2026-07-10T04:45:01.430392
4420,73,73,DEBIT,445.33,Apollo Pharmacy,Healthcare,Gandhinagar,DEVICE_0073,,Healthcare transaction,2026-05-24T04:45:01.430392
4421,73,73,DEBIT,910.41,Apollo Pharmacy,Healthcare,Gandhinagar,DEVICE_0073,,Healthcare transaction,2026-09-06T04:45:01.430392
4422,73,73,DEBIT,946.13,Jio,Utilities,Gandhinagar,DEVICE_0073,,Utilities transaction,2026-05-16T04:45:01.430392
4423,73,73,DEBIT,1567.12,Airtel,Utilities,Gandhinagar,DEVICE_0073,,Utilities transaction,2026-05-27T04:45:01.430392
4424,73,73,DEBIT,1458.85,Zomato,Food,Gandhinagar,DEVICE_0073,,Food transaction,2026-07-26T04:45:01.430392
4425,73,73,DEBIT,963.51,BigBasket,Groceries,Gandhinagar,DEVICE_0073,,Groceries transaction,2026-09-10T04:45:01.430392
4426,73,73,DEBIT,1102.0,Zomato,Food,Gandhinagar,DEVICE_0073,,Food transaction,2026-05-01T04:45:01.430392
4427,73,73,DEBIT,211.46,Zomato,Food,Gandhinagar,DEVICE_0073,,Food transaction,2026-06-25T04:45:01.430392
4428,73,73,DEBIT,392.01,Ola,Transport,Gandhinagar,DEVICE_0073,,Transport transaction,2026-06-10T04:45:01.430392
4429,73,73,DEBIT,1225.88,Uber,Transport,Gandhinagar,DEVICE_0073,,Transport transaction,2026-09-09T04:45:01.430392
4430,73,73,DEBIT,757.07,BookMyShow,Entertainment,Gandhinagar,DEVICE_0073,,Entertainment transaction,2026-03-31T04:45:01.430392
4431,73,73,DEBIT,1509.24,Uber,Transport,Gandhinagar,DEVICE_0073,,Transport transaction,2026-06-03T04:45:01.430392
4432,73,73,DEBIT,2231.66,Amazon,Shopping,Gandhinagar,DEVICE_0073,,Shopping transaction,2026-03-16T04:45:01.430392
4433,73,73,DEBIT,759.41,Uber,Transport,Gandhinagar,DEVICE_0073,,Transport transaction,2026-08-29T04:45:01.430392
4434,73,73,DEBIT,1879.87,BookMyShow,Entertainment,Gandhinagar,DEVICE_0073,,Entertainment transaction,2026-05-15T04:45:01.430392
4435,73,73,DEBIT,1489.99,BookMyShow,Entertainment,Gandhinagar,DEVICE_0073,,Entertainment transaction,2026-05-10T04:45:01.430392
4436,73,73,DEBIT,1166.0,Swiggy,Food,Gandhinagar,DEVICE_0073,,Food transaction,2026-03-31T04:45:01.430392
4437,73,73,DEBIT,1313.19,Airtel,Utilities,Gandhinagar,DEVICE_0073,,Utilities transaction,2026-08-17T04:45:01.430392
4438,73,73,DEBIT,953.98,Amazon,Shopping,Gandhinagar,DEVICE_0073,,Shopping transaction,2026-04-09T04:45:01.430392
4439,73,73,DEBIT,512.57,Electricity Board,Utilities,Gandhinagar,DEVICE_0073,,Utilities transaction,2026-07-29T04:45:01.430392
4440,73,73,DEBIT,1936.22,Jio,Utilities,Gandhinagar,DEVICE_0073,,Utilities transaction,2026-08-22T04:45:01.430392
4441,73,73,DEBIT,1901.79,BigBasket,Groceries,Gandhinagar,DEVICE_0073,,Groceries transaction,2026-08-13T04:45:01.430392
4442,73,73,DEBIT,1104.65,Amazon,Shopping,Gandhinagar,DEVICE_0073,,Shopping transaction,2026-08-28T04:45:01.430392
4443,73,73,DEBIT,398.88,Ola,Transport,Gandhinagar,DEVICE_0073,,Transport transaction,2026-04-26T04:45:01.430392
4444,73,73,DEBIT,2206.49,Uber,Transport,Gandhinagar,DEVICE_0073,,Transport transaction,2026-07-25T04:45:01.430392
4445,73,73,DEBIT,1452.78,Apollo Pharmacy,Healthcare,Gandhinagar,DEVICE_0073,,Healthcare transaction,2026-09-08T04:45:01.430392
4446,73,73,DEBIT,1908.33,Ola,Transport,Gandhinagar,DEVICE_0073,,Transport transaction,2026-06-23T04:45:01.430392
4447,73,73,DEBIT,545.26,Electricity Board,Utilities,Gandhinagar,DEVICE_0073,,Utilities transaction,2026-04-15T04:45:01.430392
4448,73,73,DEBIT,2126.71,Electricity Board,Utilities,Gandhinagar,DEVICE_0073,,Utilities transaction,2026-05-03T04:45:01.430392
4449,73,73,DEBIT,2119.04,Amazon,Shopping,Gandhinagar,DEVICE_0073,,Shopping transaction,2026-06-01T04:45:01.430392
4450,73,73,DEBIT,1909.24,BigBasket,Groceries,Gandhinagar,DEVICE_0073,,Groceries transaction,2026-03-25T04:45:01.430392
4451,73,73,DEBIT,332.53,Amazon,Shopping,Gandhinagar,DEVICE_0073,,Shopping transaction,2026-05-07T04:45:01.430392
4452,73,73,DEBIT,1687.33,Swiggy,Food,Gandhinagar,DEVICE_0073,,Food transaction,2026-08-22T04:45:01.430392
4453,73,73,DEBIT,1104.69,Swiggy,Food,Gandhinagar,DEVICE_0073,,Food transaction,2026-07-04T04:45:01.430392
4454,74,74,CREDIT,55900.91,Employer,Salary,Surat,DEVICE_0074,,Monthly salary credit,2026-08-24T04:45:01.430392
4455,74,74,DEBIT,3142.25,Zomato,Food,Surat,DEVICE_0074,,Food transaction,2026-05-31T04:45:01.430392
4456,74,74,DEBIT,2914.05,Swiggy,Food,Surat,DEVICE_0074,,Food transaction,2026-09-12T04:45:01.430392
4457,74,74,DEBIT,1369.54,Uber,Transport,Surat,DEVICE_0074,,Transport transaction,2026-06-15T04:45:01.430392
4458,74,74,DEBIT,1658.71,Flipkart,Shopping,Surat,DEVICE_0074,,Shopping transaction,2026-04-20T04:45:01.430392
4459,74,74,DEBIT,3174.61,Jio,Utilities,Surat,DEVICE_0074,,Utilities transaction,2026-04-21T04:45:01.430392
4460,74,74,DEBIT,576.63,Reliance Fresh,Groceries,Surat,DEVICE_0074,,Groceries transaction,2026-08-20T04:45:01.430392
4461,74,74,DEBIT,3316.69,Swiggy,Food,Surat,DEVICE_0074,,Food transaction,2026-07-27T04:45:01.430392
4462,74,74,DEBIT,2725.43,Ola,Transport,Surat,DEVICE_0074,,Transport transaction,2026-09-07T04:45:01.430392
4463,74,74,DEBIT,923.42,Airtel,Utilities,Surat,DEVICE_0074,,Utilities transaction,2026-09-10T04:45:01.430392
4464,74,74,DEBIT,2925.35,Zomato,Food,Surat,DEVICE_0074,,Food transaction,2026-05-18T04:45:01.430392
4465,74,74,DEBIT,3947.46,Flipkart,Shopping,Surat,DEVICE_0074,,Shopping transaction,2026-07-11T04:45:01.430392
4466,74,74,DEBIT,3777.04,Uber,Transport,Surat,DEVICE_0074,,Transport transaction,2026-04-01T04:45:01.430392
4467,74,74,DEBIT,1016.33,Jio,Utilities,Surat,DEVICE_0074,,Utilities transaction,2026-08-10T04:45:01.430392
4468,74,74,DEBIT,427.85,Uber,Transport,Surat,DEVICE_0074,,Transport transaction,2026-03-16T04:45:01.430392
4469,74,74,DEBIT,960.45,Uber,Transport,Surat,DEVICE_0074,,Transport transaction,2026-08-08T04:45:01.430392
4470,74,74,DEBIT,1548.01,BookMyShow,Entertainment,Surat,DEVICE_0074,,Entertainment transaction,2026-07-17T04:45:01.430392
4471,74,74,DEBIT,1004.2,Jio,Utilities,Surat,DEVICE_0074,,Utilities transaction,2026-07-23T04:45:01.430392
4472,74,74,DEBIT,4383.55,Swiggy,Food,Surat,DEVICE_0074,,Food transaction,2026-07-08T04:45:01.430392
4473,74,74,DEBIT,2078.0,Electricity Board,Utilities,Surat,DEVICE_0074,,Utilities transaction,2026-08-20T04:45:01.430392
4474,74,74,DEBIT,1717.24,Reliance Fresh,Groceries,Surat,DEVICE_0074,,Groceries transaction,2026-06-11T04:45:01.430392
4475,74,74,DEBIT,3499.62,Ola,Transport,Surat,DEVICE_0074,,Transport transaction,2026-05-02T04:45:01.430392
4476,74,74,DEBIT,3743.68,Reliance Fresh,Groceries,Surat,DEVICE_0074,,Groceries transaction,2026-03-21T04:45:01.430392
4477,74,74,DEBIT,928.28,Jio,Utilities,Surat,DEVICE_0074,,Utilities transaction,2026-04-16T04:45:01.430392
4478,74,74,DEBIT,865.18,BigBasket,Groceries,Surat,DEVICE_0074,,Groceries transaction,2026-04-20T04:45:01.430392
4479,74,74,DEBIT,4445.4,Zomato,Food,Surat,DEVICE_0074,,Food transaction,2026-05-24T04:45:01.430392
4480,74,74,DEBIT,2959.79,Ola,Transport,Surat,DEVICE_0074,,Transport transaction,2026-03-22T04:45:01.430392
4481,74,74,DEBIT,1433.3,Airtel,Utilities,Surat,DEVICE_0074,,Utilities transaction,2026-06-17T04:45:01.430392
4482,74,74,DEBIT,4337.46,Electricity Board,Utilities,Surat,DEVICE_0074,,Utilities transaction,2026-04-24T04:45:01.430392
4483,74,74,DEBIT,3374.71,Jio,Utilities,Surat,DEVICE_0074,,Utilities transaction,2026-07-06T04:45:01.430392
4484,74,74,DEBIT,2392.74,Flipkart,Shopping,Surat,DEVICE_0074,,Shopping transaction,2026-07-21T04:45:01.430392
4485,74,74,DEBIT,1132.4,Uber,Transport,Surat,DEVICE_0074,,Transport transaction,2026-07-08T04:45:01.430392
4486,74,74,DEBIT,4138.51,Amazon,Shopping,Surat,DEVICE_0074,,Shopping transaction,2026-05-03T04:45:01.430392
4487,74,74,DEBIT,2896.16,Apollo Pharmacy,Healthcare,Surat,DEVICE_0074,,Healthcare transaction,2026-05-14T04:45:01.430392
4488,74,74,DEBIT,2196.11,Swiggy,Food,Surat,DEVICE_0074,,Food transaction,2026-06-22T04:45:01.430392
4489,74,74,DEBIT,2608.46,Ola,Transport,Surat,DEVICE_0074,,Transport transaction,2026-03-28T04:45:01.430392
4490,74,74,DEBIT,4050.31,BookMyShow,Entertainment,Surat,DEVICE_0074,,Entertainment transaction,2026-06-22T04:45:01.430392
4491,74,74,DEBIT,646.91,Electricity Board,Utilities,Surat,DEVICE_0074,,Utilities transaction,2026-06-13T04:45:01.430392
4492,74,74,DEBIT,4049.24,Jio,Utilities,Surat,DEVICE_0074,,Utilities transaction,2026-08-03T04:45:01.430392
4493,74,74,DEBIT,2231.35,BigBasket,Groceries,Surat,DEVICE_0074,,Groceries transaction,2026-06-18T04:45:01.430392
4494,74,74,DEBIT,4057.6,Apollo Pharmacy,Healthcare,Surat,DEVICE_0074,,Healthcare transaction,2026-07-27T04:45:01.430392
4495,74,74,DEBIT,1508.43,Ola,Transport,Surat,DEVICE_0074,,Transport transaction,2026-05-16T04:45:01.430392
4496,74,74,DEBIT,995.29,Netflix,Entertainment,Surat,DEVICE_0074,,Entertainment transaction,2026-09-07T04:45:01.430392
4497,74,74,DEBIT,3657.05,Reliance Fresh,Groceries,Surat,DEVICE_0074,,Groceries transaction,2026-05-19T04:45:01.430392
4498,74,74,DEBIT,2660.57,BookMyShow,Entertainment,Surat,DEVICE_0074,,Entertainment transaction,2026-05-24T04:45:01.430392
4499,74,74,DEBIT,1905.98,Electricity Board,Utilities,Surat,DEVICE_0074,,Utilities transaction,2026-07-12T04:45:01.430392
4500,74,74,DEBIT,3290.3,Uber,Transport,Surat,DEVICE_0074,,Transport transaction,2026-04-12T04:45:01.430392
4501,74,74,DEBIT,2261.52,Ola,Transport,Surat,DEVICE_0074,,Transport transaction,2026-06-02T04:45:01.430392
4502,74,74,DEBIT,371.43,Uber,Transport,Surat,DEVICE_0074,,Transport transaction,2026-07-15T04:45:01.430392
4503,74,74,DEBIT,4193.34,Airtel,Utilities,Surat,DEVICE_0074,,Utilities transaction,2026-05-06T04:45:01.430392
4504,74,74,DEBIT,1998.48,Flipkart,Shopping,Surat,DEVICE_0074,,Shopping transaction,2026-07-06T04:45:01.430392
4505,74,74,DEBIT,1912.03,BookMyShow,Entertainment,Surat,DEVICE_0074,,Entertainment transaction,2026-09-05T04:45:01.430392
4506,74,74,DEBIT,2388.17,Swiggy,Food,Surat,DEVICE_0074,,Food transaction,2026-06-28T04:45:01.430392
4507,74,74,DEBIT,4323.56,BookMyShow,Entertainment,Surat,DEVICE_0074,,Entertainment transaction,2026-05-01T04:45:01.430392
4508,74,74,DEBIT,4264.85,Zomato,Food,Surat,DEVICE_0074,,Food transaction,2026-04-20T04:45:01.430392
4509,74,74,DEBIT,796.16,Airtel,Utilities,Surat,DEVICE_0074,,Utilities transaction,2026-03-27T04:45:01.430392
4510,74,74,DEBIT,3568.83,Ola,Transport,Surat,DEVICE_0074,,Transport transaction,2026-08-30T04:45:01.430392
4511,74,74,DEBIT,1521.24,Flipkart,Shopping,Surat,DEVICE_0074,,Shopping transaction,2026-08-07T04:45:01.430392
4512,74,74,DEBIT,1678.57,Airtel,Utilities,Surat,DEVICE_0074,,Utilities transaction,2026-06-03T04:45:01.430392
4513,74,74,DEBIT,2167.66,Swiggy,Food,Surat,DEVICE_0074,,Food transaction,2026-03-28T04:45:01.430392
4514,74,74,DEBIT,1056.15,Swiggy,Food,Surat,DEVICE_0074,,Food transaction,2026-07-30T04:45:01.430392
4515,75,75,CREDIT,97080.27,Employer,Salary,Hyderabad,DEVICE_0075,,Monthly salary credit,2026-09-03T04:45:01.430392
4516,75,75,DEBIT,808.15,Uber,Transport,Hyderabad,DEVICE_0075,,Transport transaction,2026-07-14T04:45:01.430392
4517,75,75,DEBIT,1738.42,Jio,Utilities,Hyderabad,DEVICE_0075,,Utilities transaction,2026-08-20T04:45:01.430392
4518,75,75,DEBIT,2051.75,Electricity Board,Utilities,Hyderabad,DEVICE_0075,,Utilities transaction,2026-03-21T04:45:01.430392
4519,75,75,DEBIT,6598.68,Netflix,Entertainment,Hyderabad,DEVICE_0075,,Entertainment transaction,2026-06-09T04:45:01.430392
4520,75,75,DEBIT,3811.79,Amazon,Shopping,Hyderabad,DEVICE_0075,,Shopping transaction,2026-06-16T04:45:01.430392
4521,75,75,DEBIT,3762.28,Flipkart,Shopping,Hyderabad,DEVICE_0075,,Shopping transaction,2026-03-21T04:45:01.430392
4522,75,75,DEBIT,5487.26,BigBasket,Groceries,Hyderabad,DEVICE_0075,,Groceries transaction,2026-05-15T04:45:01.430392
4523,75,75,DEBIT,3047.18,Apollo Pharmacy,Healthcare,Hyderabad,DEVICE_0075,,Healthcare transaction,2026-05-17T04:45:01.430392
4524,75,75,DEBIT,2036.69,Electricity Board,Utilities,Hyderabad,DEVICE_0075,,Utilities transaction,2026-08-19T04:45:01.430392
4525,75,75,DEBIT,1172.3,BigBasket,Groceries,Hyderabad,DEVICE_0075,,Groceries transaction,2026-08-09T04:45:01.430392
4526,75,75,DEBIT,6050.81,BigBasket,Groceries,Hyderabad,DEVICE_0075,,Groceries transaction,2026-07-02T04:45:01.430392
4527,75,75,DEBIT,5305.44,Jio,Utilities,Hyderabad,DEVICE_0075,,Utilities transaction,2026-05-27T04:45:01.430392
4528,75,75,DEBIT,3180.04,BookMyShow,Entertainment,Hyderabad,DEVICE_0075,,Entertainment transaction,2026-08-25T04:45:01.430392
4529,75,75,DEBIT,3894.75,Ola,Transport,Hyderabad,DEVICE_0075,,Transport transaction,2026-04-15T04:45:01.430392
4530,75,75,DEBIT,1877.43,Amazon,Shopping,Hyderabad,DEVICE_0075,,Shopping transaction,2026-04-10T04:45:01.430392
4531,75,75,DEBIT,6009.83,Swiggy,Food,Hyderabad,DEVICE_0075,,Food transaction,2026-06-10T04:45:01.430392
4532,75,75,DEBIT,2771.46,Ola,Transport,Hyderabad,DEVICE_0075,,Transport transaction,2026-09-12T04:45:01.430392
4533,75,75,DEBIT,4733.57,BookMyShow,Entertainment,Hyderabad,DEVICE_0075,,Entertainment transaction,2026-06-03T04:45:01.430392
4534,75,75,DEBIT,5084.71,Flipkart,Shopping,Hyderabad,DEVICE_0075,,Shopping transaction,2026-08-08T04:45:01.430392
4535,75,75,DEBIT,1622.26,Reliance Fresh,Groceries,Hyderabad,DEVICE_0075,,Groceries transaction,2026-07-20T04:45:01.430392
4536,75,75,DEBIT,3494.42,Uber,Transport,Hyderabad,DEVICE_0075,,Transport transaction,2026-06-18T04:45:01.430392
4537,75,75,DEBIT,5148.78,BigBasket,Groceries,Hyderabad,DEVICE_0075,,Groceries transaction,2026-05-27T04:45:01.430392
4538,75,75,DEBIT,2356.16,Swiggy,Food,Hyderabad,DEVICE_0075,,Food transaction,2026-06-05T04:45:01.430392
4539,75,75,DEBIT,6414.11,Apollo Pharmacy,Healthcare,Hyderabad,DEVICE_0075,,Healthcare transaction,2026-09-04T04:45:01.430392
4540,75,75,DEBIT,7452.51,Uber,Transport,Hyderabad,DEVICE_0075,,Transport transaction,2026-05-28T04:45:01.430392
4541,75,75,DEBIT,1437.43,Swiggy,Food,Hyderabad,DEVICE_0075,,Food transaction,2026-03-22T04:45:01.430392
4542,75,75,DEBIT,6512.15,Netflix,Entertainment,Hyderabad,DEVICE_0075,,Entertainment transaction,2026-05-16T04:45:01.430392
4543,75,75,DEBIT,825.29,Airtel,Utilities,Hyderabad,DEVICE_0075,,Utilities transaction,2026-03-21T04:45:01.430392
4544,75,75,DEBIT,967.27,Electricity Board,Utilities,Hyderabad,DEVICE_0075,,Utilities transaction,2026-06-01T04:45:01.430392
4545,75,75,DEBIT,6305.46,Airtel,Utilities,Hyderabad,DEVICE_0075,,Utilities transaction,2026-08-02T04:45:01.430392
4546,75,75,DEBIT,1174.1,Ola,Transport,Hyderabad,DEVICE_0075,,Transport transaction,2026-05-06T04:45:01.430392
4547,75,75,DEBIT,5392.82,BigBasket,Groceries,Hyderabad,DEVICE_0075,,Groceries transaction,2026-09-10T04:45:01.430392
4548,75,75,DEBIT,5147.06,Reliance Fresh,Groceries,Hyderabad,DEVICE_0075,,Groceries transaction,2026-03-25T04:45:01.430392
4549,75,75,DEBIT,3396.49,BigBasket,Groceries,Hyderabad,DEVICE_0075,,Groceries transaction,2026-08-30T04:45:01.430392
4550,75,75,DEBIT,3415.59,Uber,Transport,Hyderabad,DEVICE_0075,,Transport transaction,2026-04-03T04:45:01.430392
4551,75,75,DEBIT,4767.36,Flipkart,Shopping,Hyderabad,DEVICE_0075,,Shopping transaction,2026-05-20T04:45:01.430392
4552,75,75,DEBIT,3020.95,Netflix,Entertainment,Hyderabad,DEVICE_0075,,Entertainment transaction,2026-05-14T04:45:01.430392
4553,75,75,DEBIT,2735.23,Electricity Board,Utilities,Hyderabad,DEVICE_0075,,Utilities transaction,2026-04-29T04:45:01.430392
4554,75,75,DEBIT,1044.96,Ola,Transport,Hyderabad,DEVICE_0075,,Transport transaction,2026-07-29T04:45:01.430392
4555,75,75,DEBIT,4223.15,BigBasket,Groceries,Hyderabad,DEVICE_0075,,Groceries transaction,2026-06-06T04:45:01.430392
4556,75,75,DEBIT,5305.21,Jio,Utilities,Hyderabad,DEVICE_0075,,Utilities transaction,2026-08-05T04:45:01.430392
4557,75,75,DEBIT,2750.76,Amazon,Shopping,Hyderabad,DEVICE_0075,,Shopping transaction,2026-04-14T04:45:01.430392
4558,75,75,DEBIT,1695.22,Uber,Transport,Hyderabad,DEVICE_0075,,Transport transaction,2026-04-08T04:45:01.430392
4559,75,75,DEBIT,6799.47,Electricity Board,Utilities,Hyderabad,DEVICE_0075,,Utilities transaction,2026-05-24T04:45:01.430392
4560,75,75,DEBIT,3716.59,Amazon,Shopping,Hyderabad,DEVICE_0075,,Shopping transaction,2026-09-02T04:45:01.430392
4561,75,75,DEBIT,6766.87,Flipkart,Shopping,Hyderabad,DEVICE_0075,,Shopping transaction,2026-05-18T04:45:01.430392
4562,75,75,DEBIT,578.88,Ola,Transport,Hyderabad,DEVICE_0075,,Transport transaction,2026-04-12T04:45:01.430392
4563,75,75,DEBIT,2994.25,Apollo Pharmacy,Healthcare,Hyderabad,DEVICE_0075,,Healthcare transaction,2026-05-27T04:45:01.430392
4564,75,75,DEBIT,5307.31,Ola,Transport,Hyderabad,DEVICE_0075,,Transport transaction,2026-09-06T04:45:01.430392
4565,75,75,DEBIT,2222.02,Netflix,Entertainment,Hyderabad,DEVICE_0075,,Entertainment transaction,2026-06-29T04:45:01.430392
4566,75,75,DEBIT,3355.65,Ola,Transport,Hyderabad,DEVICE_0075,,Transport transaction,2026-05-21T04:45:01.430392
4567,75,75,DEBIT,2452.4,Ola,Transport,Hyderabad,DEVICE_0075,,Transport transaction,2026-09-03T04:45:01.430392
4568,75,75,DEBIT,1045.04,BookMyShow,Entertainment,Hyderabad,DEVICE_0075,,Entertainment transaction,2026-09-03T04:45:01.430392
4569,75,75,DEBIT,5789.17,Netflix,Entertainment,Hyderabad,DEVICE_0075,,Entertainment transaction,2026-07-11T04:45:01.430392
4570,75,75,DEBIT,835.93,Swiggy,Food,Hyderabad,DEVICE_0075,,Food transaction,2026-08-19T04:45:01.430392
4571,75,75,DEBIT,5699.18,Swiggy,Food,Hyderabad,DEVICE_0075,,Food transaction,2026-04-03T04:45:01.430392
4572,75,75,DEBIT,3461.89,Reliance Fresh,Groceries,Hyderabad,DEVICE_0075,,Groceries transaction,2026-07-04T04:45:01.430392
4573,75,75,DEBIT,7553.45,Ola,Transport,Hyderabad,DEVICE_0075,,Transport transaction,2026-03-20T04:45:01.430392
4574,75,75,DEBIT,2046.97,BookMyShow,Entertainment,Hyderabad,DEVICE_0075,,Entertainment transaction,2026-05-01T04:45:01.430392
4575,75,75,DEBIT,3668.6,BookMyShow,Entertainment,Hyderabad,DEVICE_0075,,Entertainment transaction,2026-08-24T04:45:01.430392
4576,76,76,CREDIT,41755.31,Employer,Salary,Jaipur,DEVICE_0076,,Monthly salary credit,2026-09-02T04:45:01.430392
4577,76,76,DEBIT,320.24,Ola,Transport,Jaipur,DEVICE_0076,,Transport transaction,2026-04-10T04:45:01.430392
4578,76,76,DEBIT,2203.01,Electricity Board,Utilities,Jaipur,DEVICE_0076,,Utilities transaction,2026-08-18T04:45:01.430392
4579,76,76,DEBIT,1809.88,BigBasket,Groceries,Jaipur,DEVICE_0076,,Groceries transaction,2026-08-23T04:45:01.430392
4580,76,76,DEBIT,3112.56,Ola,Transport,Jaipur,DEVICE_0076,,Transport transaction,2026-06-27T04:45:01.430392
4581,76,76,DEBIT,1458.49,BigBasket,Groceries,Jaipur,DEVICE_0076,,Groceries transaction,2026-07-27T04:45:01.430392
4582,76,76,DEBIT,1006.64,Electricity Board,Utilities,Jaipur,DEVICE_0076,,Utilities transaction,2026-03-29T04:45:01.430392
4583,76,76,DEBIT,2972.76,Electricity Board,Utilities,Jaipur,DEVICE_0076,,Utilities transaction,2026-05-25T04:45:01.430392
4584,76,76,DEBIT,2692.38,Flipkart,Shopping,Jaipur,DEVICE_0076,,Shopping transaction,2026-04-19T04:45:01.430392
4585,76,76,DEBIT,3324.47,Uber,Transport,Jaipur,DEVICE_0076,,Transport transaction,2026-04-08T04:45:01.430392
4586,76,76,DEBIT,1893.18,Netflix,Entertainment,Jaipur,DEVICE_0076,,Entertainment transaction,2026-07-12T04:45:01.430392
4587,76,76,DEBIT,2709.06,Electricity Board,Utilities,Jaipur,DEVICE_0076,,Utilities transaction,2026-06-09T04:45:01.430392
4588,76,76,DEBIT,1685.16,BookMyShow,Entertainment,Jaipur,DEVICE_0076,,Entertainment transaction,2026-05-24T04:45:01.430392
4589,76,76,DEBIT,2545.49,Uber,Transport,Jaipur,DEVICE_0076,,Transport transaction,2026-07-27T04:45:01.430392
4590,76,76,DEBIT,1775.12,Uber,Transport,Jaipur,DEVICE_0076,,Transport transaction,2026-09-01T04:45:01.430392
4591,76,76,DEBIT,1452.0,BookMyShow,Entertainment,Jaipur,DEVICE_0076,,Entertainment transaction,2026-07-28T04:45:01.430392
4592,76,76,DEBIT,1094.75,Apollo Pharmacy,Healthcare,Jaipur,DEVICE_0076,,Healthcare transaction,2026-09-11T04:45:01.430392
4593,76,76,DEBIT,850.5,BigBasket,Groceries,Jaipur,DEVICE_0076,,Groceries transaction,2026-05-29T04:45:01.430392
4594,76,76,DEBIT,607.52,Apollo Pharmacy,Healthcare,Jaipur,DEVICE_0076,,Healthcare transaction,2026-07-06T04:45:01.430392
4595,76,76,DEBIT,2081.36,Reliance Fresh,Groceries,Jaipur,DEVICE_0076,,Groceries transaction,2026-04-03T04:45:01.430392
4596,76,76,DEBIT,505.09,Ola,Transport,Jaipur,DEVICE_0076,,Transport transaction,2026-07-17T04:45:01.430392
4597,76,76,DEBIT,2426.59,Amazon,Shopping,Jaipur,DEVICE_0076,,Shopping transaction,2026-07-18T04:45:01.430392
4598,76,76,DEBIT,2120.01,Flipkart,Shopping,Jaipur,DEVICE_0076,,Shopping transaction,2026-04-10T04:45:01.430392
4599,76,76,DEBIT,1646.62,Jio,Utilities,Jaipur,DEVICE_0076,,Utilities transaction,2026-05-28T04:45:01.430392
4600,76,76,DEBIT,2069.28,Apollo Pharmacy,Healthcare,Jaipur,DEVICE_0076,,Healthcare transaction,2026-04-27T04:45:01.430392
4601,76,76,DEBIT,1693.6,BigBasket,Groceries,Jaipur,DEVICE_0076,,Groceries transaction,2026-04-23T04:45:01.430392
4602,76,76,DEBIT,1277.01,Amazon,Shopping,Jaipur,DEVICE_0076,,Shopping transaction,2026-06-23T04:45:01.430392
4603,76,76,DEBIT,2783.4,Ola,Transport,Jaipur,DEVICE_0076,,Transport transaction,2026-08-05T04:45:01.430392
4604,76,76,DEBIT,2883.04,Reliance Fresh,Groceries,Jaipur,DEVICE_0076,,Groceries transaction,2026-05-08T04:45:01.430392
4605,76,76,DEBIT,1871.46,Zomato,Food,Jaipur,DEVICE_0076,,Food transaction,2026-07-31T04:45:01.430392
4606,76,76,DEBIT,1424.96,Apollo Pharmacy,Healthcare,Jaipur,DEVICE_0076,,Healthcare transaction,2026-06-01T04:45:01.430392
4607,76,76,DEBIT,2274.87,Amazon,Shopping,Jaipur,DEVICE_0076,,Shopping transaction,2026-04-19T04:45:01.430392
4608,76,76,DEBIT,2182.81,Flipkart,Shopping,Jaipur,DEVICE_0076,,Shopping transaction,2026-04-22T04:45:01.430392
4609,76,76,DEBIT,460.94,Ola,Transport,Jaipur,DEVICE_0076,,Transport transaction,2026-04-30T04:45:01.430392
4610,76,76,DEBIT,1154.79,Ola,Transport,Jaipur,DEVICE_0076,,Transport transaction,2026-06-24T04:45:01.430392
4611,76,76,DEBIT,2318.22,Reliance Fresh,Groceries,Jaipur,DEVICE_0076,,Groceries transaction,2026-09-05T04:45:01.430392
4612,76,76,DEBIT,2162.33,Swiggy,Food,Jaipur,DEVICE_0076,,Food transaction,2026-08-01T04:45:01.430392
4613,76,76,DEBIT,1304.26,BookMyShow,Entertainment,Jaipur,DEVICE_0076,,Entertainment transaction,2026-05-25T04:45:01.430392
4614,76,76,DEBIT,3327.32,BigBasket,Groceries,Jaipur,DEVICE_0076,,Groceries transaction,2026-09-07T04:45:01.430392
4615,76,76,DEBIT,3256.75,Airtel,Utilities,Jaipur,DEVICE_0076,,Utilities transaction,2026-04-23T04:45:01.430392
4616,76,76,DEBIT,1741.19,Electricity Board,Utilities,Jaipur,DEVICE_0076,,Utilities transaction,2026-07-14T04:45:01.430392
4617,76,76,DEBIT,3092.88,BigBasket,Groceries,Jaipur,DEVICE_0076,,Groceries transaction,2026-08-10T04:45:01.430392
4618,76,76,DEBIT,2106.62,BigBasket,Groceries,Jaipur,DEVICE_0076,,Groceries transaction,2026-08-12T04:45:01.430392
4619,76,76,DEBIT,1442.82,Flipkart,Shopping,Jaipur,DEVICE_0076,,Shopping transaction,2026-07-20T04:45:01.430392
4620,76,76,DEBIT,1992.38,Flipkart,Shopping,Jaipur,DEVICE_0076,,Shopping transaction,2026-07-29T04:45:01.430392
4621,76,76,DEBIT,699.7,Jio,Utilities,Jaipur,DEVICE_0076,,Utilities transaction,2026-06-02T04:45:01.430392
4622,76,76,DEBIT,1482.91,Netflix,Entertainment,Jaipur,DEVICE_0076,,Entertainment transaction,2026-07-19T04:45:01.430392
4623,76,76,DEBIT,3027.82,BigBasket,Groceries,Jaipur,DEVICE_0076,,Groceries transaction,2026-07-03T04:45:01.430392
4624,76,76,DEBIT,2619.7,Ola,Transport,Jaipur,DEVICE_0076,,Transport transaction,2026-04-04T04:45:01.430392
4625,76,76,DEBIT,2285.98,Flipkart,Shopping,Jaipur,DEVICE_0076,,Shopping transaction,2026-03-21T04:45:01.430392
4626,76,76,DEBIT,2592.23,Apollo Pharmacy,Healthcare,Jaipur,DEVICE_0076,,Healthcare transaction,2026-06-23T04:45:01.430392
4627,76,76,DEBIT,1882.1,Netflix,Entertainment,Jaipur,DEVICE_0076,,Entertainment transaction,2026-06-04T04:45:01.430392
4628,76,76,DEBIT,2897.8,Zomato,Food,Jaipur,DEVICE_0076,,Food transaction,2026-05-09T04:45:01.430392
4629,76,76,DEBIT,1656.89,Airtel,Utilities,Jaipur,DEVICE_0076,,Utilities transaction,2026-05-20T04:45:01.430392
4630,76,76,DEBIT,3101.47,Swiggy,Food,Jaipur,DEVICE_0076,,Food transaction,2026-07-29T04:45:01.430392
4631,76,76,DEBIT,1105.72,BigBasket,Groceries,Jaipur,DEVICE_0076,,Groceries transaction,2026-04-29T04:45:01.430392
4632,76,76,DEBIT,1249.07,Jio,Utilities,Jaipur,DEVICE_0076,,Utilities transaction,2026-05-17T04:45:01.430392
4633,76,76,DEBIT,741.0,Apollo Pharmacy,Healthcare,Jaipur,DEVICE_0076,,Healthcare transaction,2026-08-18T04:45:01.430392
4634,76,76,DEBIT,2021.94,BigBasket,Groceries,Jaipur,DEVICE_0076,,Groceries transaction,2026-05-28T04:45:01.430392
4635,76,76,DEBIT,1488.5,BigBasket,Groceries,Jaipur,DEVICE_0076,,Groceries transaction,2026-04-03T04:45:01.430392
4636,76,76,DEBIT,2143.53,Amazon,Shopping,Jaipur,DEVICE_0076,,Shopping transaction,2026-08-08T04:45:01.430392
4637,77,77,CREDIT,116775.17,Employer,Salary,Bengaluru,DEVICE_0077,,Monthly salary credit,2026-08-24T04:45:01.430392
4638,77,77,DEBIT,4801.74,BookMyShow,Entertainment,Bengaluru,DEVICE_0077,,Entertainment transaction,2026-08-23T04:45:01.430392
4639,77,77,DEBIT,5416.29,BookMyShow,Entertainment,Bengaluru,DEVICE_0077,,Entertainment transaction,2026-05-31T04:45:01.430392
4640,77,77,DEBIT,3171.34,Amazon,Shopping,Bengaluru,DEVICE_0077,,Shopping transaction,2026-07-11T04:45:01.430392
4641,77,77,DEBIT,5404.6,Swiggy,Food,Bengaluru,DEVICE_0077,,Food transaction,2026-05-15T04:45:01.430392
4642,77,77,DEBIT,1031.62,Apollo Pharmacy,Healthcare,Bengaluru,DEVICE_0077,,Healthcare transaction,2026-06-10T04:45:01.430392
4643,77,77,DEBIT,6992.2,Amazon,Shopping,Bengaluru,DEVICE_0077,,Shopping transaction,2026-03-29T04:45:01.430392
4644,77,77,DEBIT,5246.92,BigBasket,Groceries,Bengaluru,DEVICE_0077,,Groceries transaction,2026-07-25T04:45:01.430392
4645,77,77,DEBIT,8548.55,Jio,Utilities,Bengaluru,DEVICE_0077,,Utilities transaction,2026-05-18T04:45:01.430392
4646,77,77,DEBIT,6810.23,Ola,Transport,Bengaluru,DEVICE_0077,,Transport transaction,2026-07-13T04:45:01.430392
4647,77,77,DEBIT,4516.57,Swiggy,Food,Bengaluru,DEVICE_0077,,Food transaction,2026-07-23T04:45:01.430392
4648,77,77,DEBIT,1412.69,Ola,Transport,Bengaluru,DEVICE_0077,,Transport transaction,2026-08-27T04:45:01.430392
4649,77,77,DEBIT,2092.46,Amazon,Shopping,Bengaluru,DEVICE_0077,,Shopping transaction,2026-05-17T04:45:01.430392
4650,77,77,DEBIT,2440.22,Reliance Fresh,Groceries,Bengaluru,DEVICE_0077,,Groceries transaction,2026-04-11T04:45:01.430392
4651,77,77,DEBIT,9247.97,Reliance Fresh,Groceries,Bengaluru,DEVICE_0077,,Groceries transaction,2026-07-29T04:45:01.430392
4652,77,77,DEBIT,4772.97,Reliance Fresh,Groceries,Bengaluru,DEVICE_0077,,Groceries transaction,2026-08-15T04:45:01.430392
4653,77,77,DEBIT,5721.84,Airtel,Utilities,Bengaluru,DEVICE_0077,,Utilities transaction,2026-06-20T04:45:01.430392
4654,77,77,DEBIT,8612.08,Jio,Utilities,Bengaluru,DEVICE_0077,,Utilities transaction,2026-08-03T04:45:01.430392
4655,77,77,DEBIT,4425.55,Zomato,Food,Bengaluru,DEVICE_0077,,Food transaction,2026-08-26T04:45:01.430392
4656,77,77,DEBIT,7043.79,Amazon,Shopping,Bengaluru,DEVICE_0077,,Shopping transaction,2026-03-22T04:45:01.430392
4657,77,77,DEBIT,3914.83,Apollo Pharmacy,Healthcare,Bengaluru,DEVICE_0077,,Healthcare transaction,2026-05-02T04:45:01.430392
4658,77,77,DEBIT,8081.96,Reliance Fresh,Groceries,Bengaluru,DEVICE_0077,,Groceries transaction,2026-08-25T04:45:01.430392
4659,77,77,DEBIT,4013.04,Airtel,Utilities,Bengaluru,DEVICE_0077,,Utilities transaction,2026-07-08T04:45:01.430392
4660,77,77,DEBIT,5112.38,Electricity Board,Utilities,Bengaluru,DEVICE_0077,,Utilities transaction,2026-04-10T04:45:01.430392
4661,77,77,DEBIT,9243.36,Apollo Pharmacy,Healthcare,Bengaluru,DEVICE_0077,,Healthcare transaction,2026-09-06T04:45:01.430392
4662,77,77,DEBIT,4595.55,Reliance Fresh,Groceries,Bengaluru,DEVICE_0077,,Groceries transaction,2026-08-28T04:45:01.430392
4663,77,77,DEBIT,7620.23,Uber,Transport,Bengaluru,DEVICE_0077,,Transport transaction,2026-09-02T04:45:01.430392
4664,77,77,DEBIT,3851.59,Ola,Transport,Bengaluru,DEVICE_0077,,Transport transaction,2026-05-05T04:45:01.430392
4665,77,77,DEBIT,6138.92,Apollo Pharmacy,Healthcare,Bengaluru,DEVICE_0077,,Healthcare transaction,2026-05-26T04:45:01.430392
4666,77,77,DEBIT,1334.13,Airtel,Utilities,Bengaluru,DEVICE_0077,,Utilities transaction,2026-08-06T04:45:01.430392
4667,77,77,DEBIT,2599.77,Jio,Utilities,Bengaluru,DEVICE_0077,,Utilities transaction,2026-04-17T04:45:01.430392
4668,77,77,DEBIT,7436.99,Airtel,Utilities,Bengaluru,DEVICE_0077,,Utilities transaction,2026-07-31T04:45:01.430392
4669,77,77,DEBIT,3974.67,Ola,Transport,Bengaluru,DEVICE_0077,,Transport transaction,2026-06-18T04:45:01.430392
4670,77,77,DEBIT,8546.43,Swiggy,Food,Bengaluru,DEVICE_0077,,Food transaction,2026-05-12T04:45:01.430392
4671,77,77,DEBIT,2618.13,Zomato,Food,Bengaluru,DEVICE_0077,,Food transaction,2026-06-20T04:45:01.430392
4672,77,77,DEBIT,6541.96,Apollo Pharmacy,Healthcare,Bengaluru,DEVICE_0077,,Healthcare transaction,2026-05-18T04:45:01.430392
4673,77,77,DEBIT,4694.0,Electricity Board,Utilities,Bengaluru,DEVICE_0077,,Utilities transaction,2026-07-12T04:45:01.430392
4674,77,77,DEBIT,2576.92,Airtel,Utilities,Bengaluru,DEVICE_0077,,Utilities transaction,2026-06-29T04:45:01.430392
4675,77,77,DEBIT,4265.2,Electricity Board,Utilities,Bengaluru,DEVICE_0077,,Utilities transaction,2026-05-20T04:45:01.430392
4676,77,77,DEBIT,2557.92,Electricity Board,Utilities,Bengaluru,DEVICE_0077,,Utilities transaction,2026-07-04T04:45:01.430392
4677,77,77,DEBIT,526.78,BookMyShow,Entertainment,Bengaluru,DEVICE_0077,,Entertainment transaction,2026-08-08T04:45:01.430392
4678,77,77,DEBIT,4970.11,Swiggy,Food,Bengaluru,DEVICE_0077,,Food transaction,2026-09-06T04:45:01.430392
4679,77,77,DEBIT,8246.53,Zomato,Food,Bengaluru,DEVICE_0077,,Food transaction,2026-04-21T04:45:01.430392
4680,77,77,DEBIT,6725.6,Ola,Transport,Bengaluru,DEVICE_0077,,Transport transaction,2026-06-26T04:45:01.430392
4681,77,77,DEBIT,1647.2,Electricity Board,Utilities,Bengaluru,DEVICE_0077,,Utilities transaction,2026-04-03T04:45:01.430392
4682,77,77,DEBIT,4545.06,Uber,Transport,Bengaluru,DEVICE_0077,,Transport transaction,2026-05-23T04:45:01.430392
4683,77,77,DEBIT,2895.79,Apollo Pharmacy,Healthcare,Bengaluru,DEVICE_0077,,Healthcare transaction,2026-03-19T04:45:01.430392
4684,77,77,DEBIT,1539.54,Swiggy,Food,Bengaluru,DEVICE_0077,,Food transaction,2026-06-30T04:45:01.430392
4685,77,77,DEBIT,3712.61,Jio,Utilities,Bengaluru,DEVICE_0077,,Utilities transaction,2026-04-02T04:45:01.430392
4686,77,77,DEBIT,456.02,Zomato,Food,Bengaluru,DEVICE_0077,,Food transaction,2026-07-20T04:45:01.430392
4687,77,77,DEBIT,2969.63,BookMyShow,Entertainment,Bengaluru,DEVICE_0077,,Entertainment transaction,2026-04-16T04:45:01.430392
4688,77,77,DEBIT,2571.63,Amazon,Shopping,Bengaluru,DEVICE_0077,,Shopping transaction,2026-05-05T04:45:01.430392
4689,77,77,DEBIT,8155.68,Electricity Board,Utilities,Bengaluru,DEVICE_0077,,Utilities transaction,2026-05-03T04:45:01.430392
4690,77,77,DEBIT,4560.51,BigBasket,Groceries,Bengaluru,DEVICE_0077,,Groceries transaction,2026-07-31T04:45:01.430392
4691,77,77,DEBIT,6086.1,Ola,Transport,Bengaluru,DEVICE_0077,,Transport transaction,2026-04-15T04:45:01.430392
4692,77,77,DEBIT,4781.02,Jio,Utilities,Bengaluru,DEVICE_0077,,Utilities transaction,2026-05-02T04:45:01.430392
4693,77,77,DEBIT,3655.49,Ola,Transport,Bengaluru,DEVICE_0077,,Transport transaction,2026-05-11T04:45:01.430392
4694,77,77,DEBIT,1746.11,Apollo Pharmacy,Healthcare,Bengaluru,DEVICE_0077,,Healthcare transaction,2026-05-01T04:45:01.430392
4695,77,77,DEBIT,1803.39,Reliance Fresh,Groceries,Bengaluru,DEVICE_0077,,Groceries transaction,2026-06-07T04:45:01.430392
4696,77,77,DEBIT,6313.67,Amazon,Shopping,Bengaluru,DEVICE_0077,,Shopping transaction,2026-08-27T04:45:01.430392
4697,77,77,DEBIT,2255.35,Ola,Transport,Bengaluru,DEVICE_0077,,Transport transaction,2026-07-22T04:45:01.430392
4698,78,78,CREDIT,146308.48,Employer,Salary,Gandhinagar,DEVICE_0078,,Monthly salary credit,2026-09-05T04:45:01.430392
4699,78,78,DEBIT,3401.93,Swiggy,Food,Gandhinagar,DEVICE_0078,,Food transaction,2026-08-13T04:45:01.430392
4700,78,78,DEBIT,2465.76,Apollo Pharmacy,Healthcare,Gandhinagar,DEVICE_0078,,Healthcare transaction,2026-05-08T04:45:01.430392
4701,78,78,DEBIT,6750.86,Reliance Fresh,Groceries,Gandhinagar,DEVICE_0078,,Groceries transaction,2026-04-02T04:45:01.430392
4702,78,78,DEBIT,9863.67,Amazon,Shopping,Gandhinagar,DEVICE_0078,,Shopping transaction,2026-05-01T04:45:01.430392
4703,78,78,DEBIT,8729.31,Zomato,Food,Gandhinagar,DEVICE_0078,,Food transaction,2026-06-11T04:45:01.430392
4704,78,78,DEBIT,577.82,Apollo Pharmacy,Healthcare,Gandhinagar,DEVICE_0078,,Healthcare transaction,2026-04-05T04:45:01.430392
4705,78,78,DEBIT,11152.78,Flipkart,Shopping,Gandhinagar,DEVICE_0078,,Shopping transaction,2026-05-06T04:45:01.430392
4706,78,78,DEBIT,3323.22,Flipkart,Shopping,Gandhinagar,DEVICE_0078,,Shopping transaction,2026-04-29T04:45:01.430392
4707,78,78,DEBIT,8727.93,Jio,Utilities,Gandhinagar,DEVICE_0078,,Utilities transaction,2026-08-23T04:45:01.430392
4708,78,78,DEBIT,843.97,Airtel,Utilities,Gandhinagar,DEVICE_0078,,Utilities transaction,2026-04-20T04:45:01.430392
4709,78,78,DEBIT,3052.84,Netflix,Entertainment,Gandhinagar,DEVICE_0078,,Entertainment transaction,2026-07-09T04:45:01.430392
4710,78,78,DEBIT,8706.97,Airtel,Utilities,Gandhinagar,DEVICE_0078,,Utilities transaction,2026-03-20T04:45:01.430392
4711,78,78,DEBIT,10065.52,Apollo Pharmacy,Healthcare,Gandhinagar,DEVICE_0078,,Healthcare transaction,2026-07-16T04:45:01.430392
4712,78,78,DEBIT,8453.23,Electricity Board,Utilities,Gandhinagar,DEVICE_0078,,Utilities transaction,2026-07-29T04:45:01.430392
4713,78,78,DEBIT,11467.42,Amazon,Shopping,Gandhinagar,DEVICE_0078,,Shopping transaction,2026-07-06T04:45:01.430392
4714,78,78,DEBIT,3392.28,Netflix,Entertainment,Gandhinagar,DEVICE_0078,,Entertainment transaction,2026-07-26T04:45:01.430392
4715,78,78,DEBIT,9756.85,Electricity Board,Utilities,Gandhinagar,DEVICE_0078,,Utilities transaction,2026-08-27T04:45:01.430392
4716,78,78,DEBIT,6211.86,Swiggy,Food,Gandhinagar,DEVICE_0078,,Food transaction,2026-08-28T04:45:01.430392
4717,78,78,DEBIT,2818.31,Zomato,Food,Gandhinagar,DEVICE_0078,,Food transaction,2026-04-16T04:45:01.430392
4718,78,78,DEBIT,6887.33,Airtel,Utilities,Gandhinagar,DEVICE_0078,,Utilities transaction,2026-05-17T04:45:01.430392
4719,78,78,DEBIT,6377.25,Flipkart,Shopping,Gandhinagar,DEVICE_0078,,Shopping transaction,2026-08-30T04:45:01.430392
4720,78,78,DEBIT,9288.88,Ola,Transport,Gandhinagar,DEVICE_0078,,Transport transaction,2026-08-25T04:45:01.430392
4721,78,78,DEBIT,5702.68,Zomato,Food,Gandhinagar,DEVICE_0078,,Food transaction,2026-05-22T04:45:01.430392
4722,78,78,DEBIT,5676.64,Flipkart,Shopping,Gandhinagar,DEVICE_0078,,Shopping transaction,2026-08-18T04:45:01.430392
4723,78,78,DEBIT,6980.58,Netflix,Entertainment,Gandhinagar,DEVICE_0078,,Entertainment transaction,2026-04-12T04:45:01.430392
4724,78,78,DEBIT,3650.95,Reliance Fresh,Groceries,Gandhinagar,DEVICE_0078,,Groceries transaction,2026-09-10T04:45:01.430392
4725,78,78,DEBIT,5144.2,BookMyShow,Entertainment,Gandhinagar,DEVICE_0078,,Entertainment transaction,2026-08-15T04:45:01.430392
4726,78,78,DEBIT,10399.1,Electricity Board,Utilities,Gandhinagar,DEVICE_0078,,Utilities transaction,2026-04-01T04:45:01.430392
4727,78,78,DEBIT,6975.54,Zomato,Food,Gandhinagar,DEVICE_0078,,Food transaction,2026-04-03T04:45:01.430392
4728,78,78,DEBIT,8892.28,BookMyShow,Entertainment,Gandhinagar,DEVICE_0078,,Entertainment transaction,2026-09-12T04:45:01.430392
4729,78,78,DEBIT,8880.97,Uber,Transport,Gandhinagar,DEVICE_0078,,Transport transaction,2026-04-12T04:45:01.430392
4730,78,78,DEBIT,5867.26,Uber,Transport,Gandhinagar,DEVICE_0078,,Transport transaction,2026-07-29T04:45:01.430392
4731,78,78,DEBIT,6036.24,Ola,Transport,Gandhinagar,DEVICE_0078,,Transport transaction,2026-05-04T04:45:01.430392
4732,78,78,DEBIT,11145.96,Uber,Transport,Gandhinagar,DEVICE_0078,,Transport transaction,2026-06-28T04:45:01.430392
4733,78,78,DEBIT,10177.56,Uber,Transport,Gandhinagar,DEVICE_0078,,Transport transaction,2026-07-11T04:45:01.430392
4734,78,78,DEBIT,3367.1,Ola,Transport,Gandhinagar,DEVICE_0078,,Transport transaction,2026-04-22T04:45:01.430392
4735,78,78,DEBIT,3752.69,Netflix,Entertainment,Gandhinagar,DEVICE_0078,,Entertainment transaction,2026-05-23T04:45:01.430392
4736,78,78,DEBIT,11442.71,Flipkart,Shopping,Gandhinagar,DEVICE_0078,,Shopping transaction,2026-07-28T04:45:01.430392
4737,78,78,DEBIT,274.98,Reliance Fresh,Groceries,Gandhinagar,DEVICE_0078,,Groceries transaction,2026-05-05T04:45:01.430392
4738,78,78,DEBIT,5903.88,Reliance Fresh,Groceries,Gandhinagar,DEVICE_0078,,Groceries transaction,2026-07-29T04:45:01.430392
4739,78,78,DEBIT,8948.59,Flipkart,Shopping,Gandhinagar,DEVICE_0078,,Shopping transaction,2026-03-24T04:45:01.430392
4740,78,78,DEBIT,1287.97,Uber,Transport,Gandhinagar,DEVICE_0078,,Transport transaction,2026-05-22T04:45:01.430392
4741,78,78,DEBIT,7538.64,Ola,Transport,Gandhinagar,DEVICE_0078,,Transport transaction,2026-04-28T04:45:01.430392
4742,78,78,DEBIT,2301.39,Jio,Utilities,Gandhinagar,DEVICE_0078,,Utilities transaction,2026-08-16T04:45:01.430392
4743,78,78,DEBIT,2866.82,Airtel,Utilities,Gandhinagar,DEVICE_0078,,Utilities transaction,2026-06-26T04:45:01.430392
4744,78,78,DEBIT,3713.34,Netflix,Entertainment,Gandhinagar,DEVICE_0078,,Entertainment transaction,2026-04-30T04:45:01.430392
4745,78,78,DEBIT,1384.03,Reliance Fresh,Groceries,Gandhinagar,DEVICE_0078,,Groceries transaction,2026-06-28T04:45:01.430392
4746,78,78,DEBIT,2619.34,BookMyShow,Entertainment,Gandhinagar,DEVICE_0078,,Entertainment transaction,2026-03-24T04:45:01.430392
4747,78,78,DEBIT,3924.82,Swiggy,Food,Gandhinagar,DEVICE_0078,,Food transaction,2026-07-25T04:45:01.430392
4748,78,78,DEBIT,4758.61,Airtel,Utilities,Gandhinagar,DEVICE_0078,,Utilities transaction,2026-07-31T04:45:01.430392
4749,78,78,DEBIT,2017.09,Jio,Utilities,Gandhinagar,DEVICE_0078,,Utilities transaction,2026-03-27T04:45:01.430392
4750,78,78,DEBIT,3946.86,Swiggy,Food,Gandhinagar,DEVICE_0078,,Food transaction,2026-05-03T04:45:01.430392
4751,78,78,DEBIT,7718.2,Reliance Fresh,Groceries,Gandhinagar,DEVICE_0078,,Groceries transaction,2026-05-29T04:45:01.430392
4752,78,78,DEBIT,8557.78,Airtel,Utilities,Gandhinagar,DEVICE_0078,,Utilities transaction,2026-07-16T04:45:01.430392
4753,78,78,DEBIT,5630.0,Uber,Transport,Gandhinagar,DEVICE_0078,,Transport transaction,2026-06-27T04:45:01.430392
4754,78,78,DEBIT,1868.02,Ola,Transport,Gandhinagar,DEVICE_0078,,Transport transaction,2026-06-19T04:45:01.430392
4755,78,78,DEBIT,4271.89,Electricity Board,Utilities,Gandhinagar,DEVICE_0078,,Utilities transaction,2026-06-24T04:45:01.430392
4756,78,78,DEBIT,3743.64,Reliance Fresh,Groceries,Gandhinagar,DEVICE_0078,,Groceries transaction,2026-04-21T04:45:01.430392
4757,78,78,DEBIT,8974.56,BigBasket,Groceries,Gandhinagar,DEVICE_0078,,Groceries transaction,2026-09-11T04:45:01.430392
4758,78,78,DEBIT,11014.25,Airtel,Utilities,Gandhinagar,DEVICE_0078,,Utilities transaction,2026-08-29T04:45:01.430392
4759,79,79,CREDIT,156684.22,Employer,Salary,Delhi,DEVICE_0079,,Monthly salary credit,2026-08-30T04:45:01.430392
4760,79,79,DEBIT,8165.68,Ola,Transport,Delhi,DEVICE_0079,,Transport transaction,2026-08-08T04:45:01.430392
4761,79,79,DEBIT,9661.34,Reliance Fresh,Groceries,Delhi,DEVICE_0079,,Groceries transaction,2026-09-08T04:45:01.430392
4762,79,79,DEBIT,8887.84,Jio,Utilities,Delhi,DEVICE_0079,,Utilities transaction,2026-07-21T04:45:01.430392
4763,79,79,DEBIT,9039.97,Apollo Pharmacy,Healthcare,Delhi,DEVICE_0079,,Healthcare transaction,2026-06-29T04:45:01.430392
4764,79,79,DEBIT,4806.72,Jio,Utilities,Delhi,DEVICE_0079,,Utilities transaction,2026-06-22T04:45:01.430392
4765,79,79,DEBIT,9955.79,BigBasket,Groceries,Delhi,DEVICE_0079,,Groceries transaction,2026-06-21T04:45:01.430392
4766,79,79,DEBIT,7107.11,Netflix,Entertainment,Delhi,DEVICE_0079,,Entertainment transaction,2026-07-23T04:45:01.430392
4767,79,79,DEBIT,2851.72,Airtel,Utilities,Delhi,DEVICE_0079,,Utilities transaction,2026-05-07T04:45:01.430392
4768,79,79,DEBIT,10763.51,Reliance Fresh,Groceries,Delhi,DEVICE_0079,,Groceries transaction,2026-08-16T04:45:01.430392
4769,79,79,DEBIT,3199.04,Flipkart,Shopping,Delhi,DEVICE_0079,,Shopping transaction,2026-06-21T04:45:01.430392
4770,79,79,DEBIT,6116.76,Electricity Board,Utilities,Delhi,DEVICE_0079,,Utilities transaction,2026-04-14T04:45:01.430392
4771,79,79,DEBIT,11943.23,Reliance Fresh,Groceries,Delhi,DEVICE_0079,,Groceries transaction,2026-09-01T04:45:01.430392
4772,79,79,DEBIT,8333.75,Airtel,Utilities,Delhi,DEVICE_0079,,Utilities transaction,2026-03-20T04:45:01.430392
4773,79,79,DEBIT,6207.53,Electricity Board,Utilities,Delhi,DEVICE_0079,,Utilities transaction,2026-07-03T04:45:01.430392
4774,79,79,DEBIT,7429.57,BookMyShow,Entertainment,Delhi,DEVICE_0079,,Entertainment transaction,2026-08-28T04:45:01.430392
4775,79,79,DEBIT,892.16,Flipkart,Shopping,Delhi,DEVICE_0079,,Shopping transaction,2026-06-17T04:45:01.430392
4776,79,79,DEBIT,6834.8,Uber,Transport,Delhi,DEVICE_0079,,Transport transaction,2026-05-23T04:45:01.430392
4777,79,79,DEBIT,1569.54,Uber,Transport,Delhi,DEVICE_0079,,Transport transaction,2026-08-09T04:45:01.430392
4778,79,79,DEBIT,1112.63,Electricity Board,Utilities,Delhi,DEVICE_0079,,Utilities transaction,2026-05-30T04:45:01.430392
4779,79,79,DEBIT,2072.08,Jio,Utilities,Delhi,DEVICE_0079,,Utilities transaction,2026-08-05T04:45:01.430392
4780,79,79,DEBIT,3886.31,BookMyShow,Entertainment,Delhi,DEVICE_0079,,Entertainment transaction,2026-07-23T04:45:01.430392
4781,79,79,DEBIT,1285.52,Netflix,Entertainment,Delhi,DEVICE_0079,,Entertainment transaction,2026-07-12T04:45:01.430392
4782,79,79,DEBIT,7264.51,Ola,Transport,Delhi,DEVICE_0079,,Transport transaction,2026-03-27T04:45:01.430392
4783,79,79,DEBIT,7066.43,Uber,Transport,Delhi,DEVICE_0079,,Transport transaction,2026-06-30T04:45:01.430392
4784,79,79,DEBIT,469.54,Electricity Board,Utilities,Delhi,DEVICE_0079,,Utilities transaction,2026-08-26T04:45:01.430392
4785,79,79,DEBIT,9893.88,Jio,Utilities,Delhi,DEVICE_0079,,Utilities transaction,2026-06-24T04:45:01.430392
4786,79,79,DEBIT,4655.67,Jio,Utilities,Delhi,DEVICE_0079,,Utilities transaction,2026-05-21T04:45:01.430392
4787,79,79,DEBIT,11111.13,Electricity Board,Utilities,Delhi,DEVICE_0079,,Utilities transaction,2026-07-27T04:45:01.430392
4788,79,79,DEBIT,5976.68,Ola,Transport,Delhi,DEVICE_0079,,Transport transaction,2026-05-18T04:45:01.430392
4789,79,79,DEBIT,4307.62,Ola,Transport,Delhi,DEVICE_0079,,Transport transaction,2026-03-23T04:45:01.430392
4790,79,79,DEBIT,3395.02,Electricity Board,Utilities,Delhi,DEVICE_0079,,Utilities transaction,2026-04-11T04:45:01.430392
4791,79,79,DEBIT,11704.38,Electricity Board,Utilities,Delhi,DEVICE_0079,,Utilities transaction,2026-08-08T04:45:01.430392
4792,79,79,DEBIT,8121.86,Flipkart,Shopping,Delhi,DEVICE_0079,,Shopping transaction,2026-05-26T04:45:01.430392
4793,79,79,DEBIT,10142.6,BigBasket,Groceries,Delhi,DEVICE_0079,,Groceries transaction,2026-08-31T04:45:01.430392
4794,79,79,DEBIT,6717.64,Jio,Utilities,Delhi,DEVICE_0079,,Utilities transaction,2026-05-04T04:45:01.430392
4795,79,79,DEBIT,399.84,Ola,Transport,Delhi,DEVICE_0079,,Transport transaction,2026-05-24T04:45:01.430392
4796,79,79,DEBIT,12038.74,Amazon,Shopping,Delhi,DEVICE_0079,,Shopping transaction,2026-06-21T04:45:01.430392
4797,79,79,DEBIT,6846.07,Airtel,Utilities,Delhi,DEVICE_0079,,Utilities transaction,2026-07-02T04:45:01.430392
4798,79,79,DEBIT,4316.75,BookMyShow,Entertainment,Delhi,DEVICE_0079,,Entertainment transaction,2026-08-26T04:45:01.430392
4799,79,79,DEBIT,1131.92,Electricity Board,Utilities,Delhi,DEVICE_0079,,Utilities transaction,2026-08-20T04:45:01.430392
4800,79,79,DEBIT,9828.35,Netflix,Entertainment,Delhi,DEVICE_0079,,Entertainment transaction,2026-04-29T04:45:01.430392
4801,79,79,DEBIT,10050.41,Swiggy,Food,Delhi,DEVICE_0079,,Food transaction,2026-08-21T04:45:01.430392
4802,79,79,DEBIT,11578.76,BookMyShow,Entertainment,Delhi,DEVICE_0079,,Entertainment transaction,2026-04-09T04:45:01.430392
4803,79,79,DEBIT,12447.77,Apollo Pharmacy,Healthcare,Delhi,DEVICE_0079,,Healthcare transaction,2026-08-25T04:45:01.430392
4804,79,79,DEBIT,8636.38,Airtel,Utilities,Delhi,DEVICE_0079,,Utilities transaction,2026-07-04T04:45:01.430392
4805,79,79,DEBIT,5766.53,Reliance Fresh,Groceries,Delhi,DEVICE_0079,,Groceries transaction,2026-08-05T04:45:01.430392
4806,79,79,DEBIT,4275.76,Apollo Pharmacy,Healthcare,Delhi,DEVICE_0079,,Healthcare transaction,2026-07-28T04:45:01.430392
4807,79,79,DEBIT,7295.23,Apollo Pharmacy,Healthcare,Delhi,DEVICE_0079,,Healthcare transaction,2026-05-19T04:45:01.430392
4808,79,79,DEBIT,9834.82,Netflix,Entertainment,Delhi,DEVICE_0079,,Entertainment transaction,2026-05-25T04:45:01.430392
4809,79,79,DEBIT,5151.98,Amazon,Shopping,Delhi,DEVICE_0079,,Shopping transaction,2026-06-29T04:45:01.430392
4810,79,79,DEBIT,7893.05,Amazon,Shopping,Delhi,DEVICE_0079,,Shopping transaction,2026-06-05T04:45:01.430392
4811,79,79,DEBIT,305.31,Amazon,Shopping,Delhi,DEVICE_0079,,Shopping transaction,2026-06-22T04:45:01.430392
4812,79,79,DEBIT,2056.32,BigBasket,Groceries,Delhi,DEVICE_0079,,Groceries transaction,2026-07-17T04:45:01.430392
4813,79,79,DEBIT,8520.25,BookMyShow,Entertainment,Delhi,DEVICE_0079,,Entertainment transaction,2026-06-21T04:45:01.430392
4814,79,79,DEBIT,5846.27,Netflix,Entertainment,Delhi,DEVICE_0079,,Entertainment transaction,2026-03-26T04:45:01.430392
4815,79,79,DEBIT,9696.86,Zomato,Food,Delhi,DEVICE_0079,,Food transaction,2026-04-18T04:45:01.430392
4816,79,79,DEBIT,11217.92,Ola,Transport,Delhi,DEVICE_0079,,Transport transaction,2026-04-18T04:45:01.430392
4817,79,79,DEBIT,2529.38,Swiggy,Food,Delhi,DEVICE_0079,,Food transaction,2026-08-06T04:45:01.430392
4818,79,79,DEBIT,4005.04,Zomato,Food,Delhi,DEVICE_0079,,Food transaction,2026-08-18T04:45:01.430392
4819,79,79,DEBIT,6779.62,Amazon,Shopping,Delhi,DEVICE_0079,,Shopping transaction,2026-09-02T04:45:01.430392
4820,80,80,CREDIT,52301.23,Employer,Salary,Vadodara,DEVICE_0080,,Monthly salary credit,2026-08-19T04:45:01.430392
4821,80,80,DEBIT,2351.72,Swiggy,Food,Vadodara,DEVICE_0080,,Food transaction,2026-08-26T04:45:01.430392
4822,80,80,DEBIT,3668.38,Ola,Transport,Vadodara,DEVICE_0080,,Transport transaction,2026-07-16T04:45:01.430392
4823,80,80,DEBIT,1031.91,Apollo Pharmacy,Healthcare,Vadodara,DEVICE_0080,,Healthcare transaction,2026-06-27T04:45:01.430392
4824,80,80,DEBIT,1890.39,Swiggy,Food,Vadodara,DEVICE_0080,,Food transaction,2026-07-05T04:45:01.430392
4825,80,80,DEBIT,3930.32,Zomato,Food,Vadodara,DEVICE_0080,,Food transaction,2026-07-19T04:45:01.430392
4826,80,80,DEBIT,1615.73,Airtel,Utilities,Vadodara,DEVICE_0080,,Utilities transaction,2026-08-08T04:45:01.430392
4827,80,80,DEBIT,690.48,Reliance Fresh,Groceries,Vadodara,DEVICE_0080,,Groceries transaction,2026-06-08T04:45:01.430392
4828,80,80,DEBIT,1968.75,Amazon,Shopping,Vadodara,DEVICE_0080,,Shopping transaction,2026-07-21T04:45:01.430392
4829,80,80,DEBIT,396.07,BigBasket,Groceries,Vadodara,DEVICE_0080,,Groceries transaction,2026-05-23T04:45:01.430392
4830,80,80,DEBIT,991.39,BigBasket,Groceries,Vadodara,DEVICE_0080,,Groceries transaction,2026-06-07T04:45:01.430392
4831,80,80,DEBIT,3445.05,BookMyShow,Entertainment,Vadodara,DEVICE_0080,,Entertainment transaction,2026-08-20T04:45:01.430392
4832,80,80,DEBIT,2218.76,Swiggy,Food,Vadodara,DEVICE_0080,,Food transaction,2026-04-17T04:45:01.430392
4833,80,80,DEBIT,2257.77,Electricity Board,Utilities,Vadodara,DEVICE_0080,,Utilities transaction,2026-08-02T04:45:01.430392
4834,80,80,DEBIT,1035.22,Airtel,Utilities,Vadodara,DEVICE_0080,,Utilities transaction,2026-05-10T04:45:01.430392
4835,80,80,DEBIT,2609.78,Electricity Board,Utilities,Vadodara,DEVICE_0080,,Utilities transaction,2026-06-23T04:45:01.430392
4836,80,80,DEBIT,960.89,BigBasket,Groceries,Vadodara,DEVICE_0080,,Groceries transaction,2026-08-20T04:45:01.430392
4837,80,80,DEBIT,2219.58,Airtel,Utilities,Vadodara,DEVICE_0080,,Utilities transaction,2026-05-13T04:45:01.430392
4838,80,80,DEBIT,2226.85,Uber,Transport,Vadodara,DEVICE_0080,,Transport transaction,2026-05-19T04:45:01.430392
4839,80,80,DEBIT,228.91,Amazon,Shopping,Vadodara,DEVICE_0080,,Shopping transaction,2026-05-28T04:45:01.430392
4840,80,80,DEBIT,4030.98,BigBasket,Groceries,Vadodara,DEVICE_0080,,Groceries transaction,2026-08-18T04:45:01.430392
4841,80,80,DEBIT,1635.84,Ola,Transport,Vadodara,DEVICE_0080,,Transport transaction,2026-06-25T04:45:01.430392
4842,80,80,DEBIT,460.18,Jio,Utilities,Vadodara,DEVICE_0080,,Utilities transaction,2026-03-30T04:45:01.430392
4843,80,80,DEBIT,1113.79,Uber,Transport,Vadodara,DEVICE_0080,,Transport transaction,2026-03-17T04:45:01.430392
4844,80,80,DEBIT,2791.39,Flipkart,Shopping,Vadodara,DEVICE_0080,,Shopping transaction,2026-06-05T04:45:01.430392
4845,80,80,DEBIT,263.15,Reliance Fresh,Groceries,Vadodara,DEVICE_0080,,Groceries transaction,2026-07-04T04:45:01.430392
4846,80,80,DEBIT,2779.14,Electricity Board,Utilities,Vadodara,DEVICE_0080,,Utilities transaction,2026-06-22T04:45:01.430392
4847,80,80,DEBIT,760.71,Amazon,Shopping,Vadodara,DEVICE_0080,,Shopping transaction,2026-07-11T04:45:01.430392
4848,80,80,DEBIT,2449.34,Swiggy,Food,Vadodara,DEVICE_0080,,Food transaction,2026-08-11T04:45:01.430392
4849,80,80,DEBIT,820.56,Netflix,Entertainment,Vadodara,DEVICE_0080,,Entertainment transaction,2026-03-19T04:45:01.430392
4850,80,80,DEBIT,3237.03,Reliance Fresh,Groceries,Vadodara,DEVICE_0080,,Groceries transaction,2026-08-28T04:45:01.430392
4851,80,80,DEBIT,3396.76,BookMyShow,Entertainment,Vadodara,DEVICE_0080,,Entertainment transaction,2026-03-27T04:45:01.430392
4852,80,80,DEBIT,1680.91,Uber,Transport,Vadodara,DEVICE_0080,,Transport transaction,2026-05-29T04:45:01.430392
4853,80,80,DEBIT,827.43,Jio,Utilities,Vadodara,DEVICE_0080,,Utilities transaction,2026-07-30T04:45:01.430392
4854,80,80,DEBIT,3930.28,Swiggy,Food,Vadodara,DEVICE_0080,,Food transaction,2026-08-05T04:45:01.430392
4855,80,80,DEBIT,3424.8,Electricity Board,Utilities,Vadodara,DEVICE_0080,,Utilities transaction,2026-03-25T04:45:01.430392
4856,80,80,DEBIT,1654.47,Swiggy,Food,Vadodara,DEVICE_0080,,Food transaction,2026-08-15T04:45:01.430392
4857,80,80,DEBIT,846.91,Airtel,Utilities,Vadodara,DEVICE_0080,,Utilities transaction,2026-05-08T04:45:01.430392
4858,80,80,DEBIT,1419.39,Zomato,Food,Vadodara,DEVICE_0080,,Food transaction,2026-04-05T04:45:01.430392
4859,80,80,DEBIT,3821.47,Ola,Transport,Vadodara,DEVICE_0080,,Transport transaction,2026-07-07T04:45:01.430392
4860,80,80,DEBIT,1479.19,BookMyShow,Entertainment,Vadodara,DEVICE_0080,,Entertainment transaction,2026-09-06T04:45:01.430392
4861,80,80,DEBIT,313.53,Ola,Transport,Vadodara,DEVICE_0080,,Transport transaction,2026-05-15T04:45:01.430392
4862,80,80,DEBIT,3128.12,Amazon,Shopping,Vadodara,DEVICE_0080,,Shopping transaction,2026-08-07T04:45:01.430392
4863,80,80,DEBIT,385.26,BigBasket,Groceries,Vadodara,DEVICE_0080,,Groceries transaction,2026-06-08T04:45:01.430392
4864,80,80,DEBIT,2584.51,Airtel,Utilities,Vadodara,DEVICE_0080,,Utilities transaction,2026-05-01T04:45:01.430392
4865,80,80,DEBIT,830.18,Swiggy,Food,Vadodara,DEVICE_0080,,Food transaction,2026-09-09T04:45:01.430392
4866,80,80,DEBIT,3774.49,Ola,Transport,Vadodara,DEVICE_0080,,Transport transaction,2026-08-20T04:45:01.430392
4867,80,80,DEBIT,4137.05,BigBasket,Groceries,Vadodara,DEVICE_0080,,Groceries transaction,2026-08-15T04:45:01.430392
4868,80,80,DEBIT,2050.35,Reliance Fresh,Groceries,Vadodara,DEVICE_0080,,Groceries transaction,2026-05-29T04:45:01.430392
4869,80,80,DEBIT,3778.29,Jio,Utilities,Vadodara,DEVICE_0080,,Utilities transaction,2026-05-23T04:45:01.430392
4870,80,80,DEBIT,3614.04,Swiggy,Food,Vadodara,DEVICE_0080,,Food transaction,2026-04-02T04:45:01.430392
4871,80,80,DEBIT,1440.77,Amazon,Shopping,Vadodara,DEVICE_0080,,Shopping transaction,2026-05-15T04:45:01.430392
4872,80,80,DEBIT,710.76,Uber,Transport,Vadodara,DEVICE_0080,,Transport transaction,2026-03-28T04:45:01.430392
4873,80,80,DEBIT,1656.52,Netflix,Entertainment,Vadodara,DEVICE_0080,,Entertainment transaction,2026-04-08T04:45:01.430392
4874,80,80,DEBIT,3053.87,Apollo Pharmacy,Healthcare,Vadodara,DEVICE_0080,,Healthcare transaction,2026-05-13T04:45:01.430392
4875,80,80,DEBIT,3182.97,Reliance Fresh,Groceries,Vadodara,DEVICE_0080,,Groceries transaction,2026-04-19T04:45:01.430392
4876,80,80,DEBIT,701.33,Zomato,Food,Vadodara,DEVICE_0080,,Food transaction,2026-05-04T04:45:01.430392
4877,80,80,DEBIT,3408.98,Swiggy,Food,Vadodara,DEVICE_0080,,Food transaction,2026-08-07T04:45:01.430392
4878,80,80,DEBIT,2826.36,Zomato,Food,Vadodara,DEVICE_0080,,Food transaction,2026-08-19T04:45:01.430392
4879,80,80,DEBIT,1808.93,Electricity Board,Utilities,Vadodara,DEVICE_0080,,Utilities transaction,2026-04-08T04:45:01.430392
4880,80,80,DEBIT,1195.14,Flipkart,Shopping,Vadodara,DEVICE_0080,,Shopping transaction,2026-07-10T04:45:01.430392
4881,81,81,CREDIT,152988.86,Employer,Salary,Pune,DEVICE_0081,,Monthly salary credit,2026-09-07T04:45:01.430392
4882,81,81,DEBIT,8138.22,Electricity Board,Utilities,Pune,DEVICE_0081,,Utilities transaction,2026-06-20T04:45:01.430392
4883,81,81,DEBIT,11925.57,Electricity Board,Utilities,Pune,DEVICE_0081,,Utilities transaction,2026-03-25T04:45:01.430392
4884,81,81,DEBIT,6459.34,BookMyShow,Entertainment,Pune,DEVICE_0081,,Entertainment transaction,2026-04-18T04:45:01.430392
4885,81,81,DEBIT,9348.44,Uber,Transport,Pune,DEVICE_0081,,Transport transaction,2026-08-10T04:45:01.430392
4886,81,81,DEBIT,5280.76,Ola,Transport,Pune,DEVICE_0081,,Transport transaction,2026-03-27T04:45:01.430392
4887,81,81,DEBIT,7175.08,Swiggy,Food,Pune,DEVICE_0081,,Food transaction,2026-09-04T04:45:01.430392
4888,81,81,DEBIT,11107.61,Electricity Board,Utilities,Pune,DEVICE_0081,,Utilities transaction,2026-06-06T04:45:01.430392
4889,81,81,DEBIT,778.1,Apollo Pharmacy,Healthcare,Pune,DEVICE_0081,,Healthcare transaction,2026-07-24T04:45:01.430392
4890,81,81,DEBIT,372.42,Swiggy,Food,Pune,DEVICE_0081,,Food transaction,2026-04-03T04:45:01.430392
4891,81,81,DEBIT,10257.22,Amazon,Shopping,Pune,DEVICE_0081,,Shopping transaction,2026-07-14T04:45:01.430392
4892,81,81,DEBIT,4976.68,Swiggy,Food,Pune,DEVICE_0081,,Food transaction,2026-09-10T04:45:01.430392
4893,81,81,DEBIT,5988.12,BookMyShow,Entertainment,Pune,DEVICE_0081,,Entertainment transaction,2026-06-16T04:45:01.430392
4894,81,81,DEBIT,7769.14,Zomato,Food,Pune,DEVICE_0081,,Food transaction,2026-04-18T04:45:01.430392
4895,81,81,DEBIT,5642.93,BigBasket,Groceries,Pune,DEVICE_0081,,Groceries transaction,2026-07-20T04:45:01.430392
4896,81,81,DEBIT,7680.05,Reliance Fresh,Groceries,Pune,DEVICE_0081,,Groceries transaction,2026-04-26T04:45:01.430392
4897,81,81,DEBIT,1618.44,Reliance Fresh,Groceries,Pune,DEVICE_0081,,Groceries transaction,2026-07-03T04:45:01.430392
4898,81,81,DEBIT,9452.19,Apollo Pharmacy,Healthcare,Pune,DEVICE_0081,,Healthcare transaction,2026-06-18T04:45:01.430392
4899,81,81,DEBIT,12199.21,Ola,Transport,Pune,DEVICE_0081,,Transport transaction,2026-07-27T04:45:01.430392
4900,81,81,DEBIT,4305.13,Uber,Transport,Pune,DEVICE_0081,,Transport transaction,2026-05-11T04:45:01.430392
4901,81,81,DEBIT,6808.28,Airtel,Utilities,Pune,DEVICE_0081,,Utilities transaction,2026-03-27T04:45:01.430392
4902,81,81,DEBIT,8242.28,Flipkart,Shopping,Pune,DEVICE_0081,,Shopping transaction,2026-06-17T04:45:01.430392
4903,81,81,DEBIT,6449.18,Airtel,Utilities,Pune,DEVICE_0081,,Utilities transaction,2026-08-27T04:45:01.430392
4904,81,81,DEBIT,4599.36,Airtel,Utilities,Pune,DEVICE_0081,,Utilities transaction,2026-04-01T04:45:01.430392
4905,81,81,DEBIT,11814.77,Amazon,Shopping,Pune,DEVICE_0081,,Shopping transaction,2026-08-11T04:45:01.430392
4906,81,81,DEBIT,2934.38,Flipkart,Shopping,Pune,DEVICE_0081,,Shopping transaction,2026-05-18T04:45:01.430392
4907,81,81,DEBIT,1537.99,Jio,Utilities,Pune,DEVICE_0081,,Utilities transaction,2026-04-25T04:45:01.430392
4908,81,81,DEBIT,3760.13,Electricity Board,Utilities,Pune,DEVICE_0081,,Utilities transaction,2026-06-16T04:45:01.430392
4909,81,81,DEBIT,5648.48,Uber,Transport,Pune,DEVICE_0081,,Transport transaction,2026-04-24T04:45:01.430392
4910,81,81,DEBIT,11833.3,Flipkart,Shopping,Pune,DEVICE_0081,,Shopping transaction,2026-05-06T04:45:01.430392
4911,81,81,DEBIT,4986.25,Swiggy,Food,Pune,DEVICE_0081,,Food transaction,2026-05-05T04:45:01.430392
4912,81,81,DEBIT,1906.04,Zomato,Food,Pune,DEVICE_0081,,Food transaction,2026-03-22T04:45:01.430392
4913,81,81,DEBIT,9541.28,Zomato,Food,Pune,DEVICE_0081,,Food transaction,2026-07-24T04:45:01.430392
4914,81,81,DEBIT,9164.27,Electricity Board,Utilities,Pune,DEVICE_0081,,Utilities transaction,2026-05-01T04:45:01.430392
4915,81,81,DEBIT,9589.75,BookMyShow,Entertainment,Pune,DEVICE_0081,,Entertainment transaction,2026-04-21T04:45:01.430392
4916,81,81,DEBIT,6587.49,Jio,Utilities,Pune,DEVICE_0081,,Utilities transaction,2026-08-31T04:45:01.430392
4917,81,81,DEBIT,6618.73,Airtel,Utilities,Pune,DEVICE_0081,,Utilities transaction,2026-04-27T04:45:01.430392
4918,81,81,DEBIT,8551.47,Zomato,Food,Pune,DEVICE_0081,,Food transaction,2026-04-30T04:45:01.430392
4919,81,81,DEBIT,4708.31,Swiggy,Food,Pune,DEVICE_0081,,Food transaction,2026-08-18T04:45:01.430392
4920,81,81,DEBIT,2194.1,Apollo Pharmacy,Healthcare,Pune,DEVICE_0081,,Healthcare transaction,2026-04-03T04:45:01.430392
4921,81,81,DEBIT,7642.39,Jio,Utilities,Pune,DEVICE_0081,,Utilities transaction,2026-08-05T04:45:01.430392
4922,81,81,DEBIT,11543.15,Netflix,Entertainment,Pune,DEVICE_0081,,Entertainment transaction,2026-04-09T04:45:01.430392
4923,81,81,DEBIT,10533.11,BigBasket,Groceries,Pune,DEVICE_0081,,Groceries transaction,2026-07-03T04:45:01.430392
4924,81,81,DEBIT,11746.19,Amazon,Shopping,Pune,DEVICE_0081,,Shopping transaction,2026-06-02T04:45:01.430392
4925,81,81,DEBIT,4892.51,Uber,Transport,Pune,DEVICE_0081,,Transport transaction,2026-05-02T04:45:01.430392
4926,81,81,DEBIT,10959.89,BigBasket,Groceries,Pune,DEVICE_0081,,Groceries transaction,2026-05-16T04:45:01.430392
4927,81,81,DEBIT,1838.76,Ola,Transport,Pune,DEVICE_0081,,Transport transaction,2026-06-28T04:45:01.430392
4928,81,81,DEBIT,1101.37,Amazon,Shopping,Pune,DEVICE_0081,,Shopping transaction,2026-04-23T04:45:01.430392
4929,81,81,DEBIT,3951.45,Apollo Pharmacy,Healthcare,Pune,DEVICE_0081,,Healthcare transaction,2026-04-09T04:45:01.430392
4930,81,81,DEBIT,11748.83,BookMyShow,Entertainment,Pune,DEVICE_0081,,Entertainment transaction,2026-08-28T04:45:01.430392
4931,81,81,DEBIT,5140.56,Airtel,Utilities,Pune,DEVICE_0081,,Utilities transaction,2026-08-07T04:45:01.430392
4932,81,81,DEBIT,10101.46,Reliance Fresh,Groceries,Pune,DEVICE_0081,,Groceries transaction,2026-07-12T04:45:01.430392
4933,81,81,DEBIT,9666.51,BigBasket,Groceries,Pune,DEVICE_0081,,Groceries transaction,2026-03-31T04:45:01.430392
4934,81,81,DEBIT,4907.29,BigBasket,Groceries,Pune,DEVICE_0081,,Groceries transaction,2026-07-25T04:45:01.430392
4935,81,81,DEBIT,10244.58,Zomato,Food,Pune,DEVICE_0081,,Food transaction,2026-08-25T04:45:01.430392
4936,81,81,DEBIT,11797.96,Zomato,Food,Pune,DEVICE_0081,,Food transaction,2026-07-04T04:45:01.430392
4937,81,81,DEBIT,10946.57,Swiggy,Food,Pune,DEVICE_0081,,Food transaction,2026-08-12T04:45:01.430392
4938,81,81,DEBIT,9104.79,Electricity Board,Utilities,Pune,DEVICE_0081,,Utilities transaction,2026-03-24T04:45:01.430392
4939,81,81,DEBIT,2678.02,Swiggy,Food,Pune,DEVICE_0081,,Food transaction,2026-08-07T04:45:01.430392
4940,81,81,DEBIT,3516.42,Apollo Pharmacy,Healthcare,Pune,DEVICE_0081,,Healthcare transaction,2026-06-21T04:45:01.430392
4941,81,81,DEBIT,7865.98,Amazon,Shopping,Pune,DEVICE_0081,,Shopping transaction,2026-05-02T04:45:01.430392
4942,82,82,CREDIT,62798.83,Employer,Salary,Surat,DEVICE_0082,,Monthly salary credit,2026-09-03T04:45:01.430392
4943,82,82,DEBIT,694.99,Netflix,Entertainment,Surat,DEVICE_0082,,Entertainment transaction,2026-04-05T04:45:01.430392
4944,82,82,DEBIT,2472.59,BookMyShow,Entertainment,Surat,DEVICE_0082,,Entertainment transaction,2026-03-27T04:45:01.430392
4945,82,82,DEBIT,1641.49,Reliance Fresh,Groceries,Surat,DEVICE_0082,,Groceries transaction,2026-08-12T04:45:01.430392
4946,82,82,DEBIT,3783.74,Netflix,Entertainment,Surat,DEVICE_0082,,Entertainment transaction,2026-05-19T04:45:01.430392
4947,82,82,DEBIT,539.62,Swiggy,Food,Surat,DEVICE_0082,,Food transaction,2026-06-17T04:45:01.430392
4948,82,82,DEBIT,4780.24,Uber,Transport,Surat,DEVICE_0082,,Transport transaction,2026-09-02T04:45:01.430392
4949,82,82,DEBIT,4242.32,BigBasket,Groceries,Surat,DEVICE_0082,,Groceries transaction,2026-07-09T04:45:01.430392
4950,82,82,DEBIT,3224.1,Flipkart,Shopping,Surat,DEVICE_0082,,Shopping transaction,2026-05-26T04:45:01.430392
4951,82,82,DEBIT,1012.62,BookMyShow,Entertainment,Surat,DEVICE_0082,,Entertainment transaction,2026-03-19T04:45:01.430392
4952,82,82,DEBIT,4032.38,Jio,Utilities,Surat,DEVICE_0082,,Utilities transaction,2026-06-30T04:45:01.430392
4953,82,82,DEBIT,2722.13,Zomato,Food,Surat,DEVICE_0082,,Food transaction,2026-08-21T04:45:01.430392
4954,82,82,DEBIT,3110.34,Electricity Board,Utilities,Surat,DEVICE_0082,,Utilities transaction,2026-04-12T04:45:01.430392
4955,82,82,DEBIT,1948.9,Jio,Utilities,Surat,DEVICE_0082,,Utilities transaction,2026-03-26T04:45:01.430392
4956,82,82,DEBIT,4236.21,Reliance Fresh,Groceries,Surat,DEVICE_0082,,Groceries transaction,2026-05-25T04:45:01.430392
4957,82,82,DEBIT,473.29,BigBasket,Groceries,Surat,DEVICE_0082,,Groceries transaction,2026-08-17T04:45:01.430392
4958,82,82,DEBIT,3914.15,Jio,Utilities,Surat,DEVICE_0082,,Utilities transaction,2026-07-04T04:45:01.430392
4959,82,82,DEBIT,3288.58,Uber,Transport,Surat,DEVICE_0082,,Transport transaction,2026-06-20T04:45:01.430392
4960,82,82,DEBIT,3417.44,BigBasket,Groceries,Surat,DEVICE_0082,,Groceries transaction,2026-07-10T04:45:01.430392
4961,82,82,DEBIT,600.83,Ola,Transport,Surat,DEVICE_0082,,Transport transaction,2026-08-18T04:45:01.430392
4962,82,82,DEBIT,4088.03,Electricity Board,Utilities,Surat,DEVICE_0082,,Utilities transaction,2026-07-12T04:45:01.430392
4963,82,82,DEBIT,2587.72,BookMyShow,Entertainment,Surat,DEVICE_0082,,Entertainment transaction,2026-04-14T04:45:01.430392
4964,82,82,DEBIT,3410.93,BigBasket,Groceries,Surat,DEVICE_0082,,Groceries transaction,2026-08-17T04:45:01.430392
4965,82,82,DEBIT,4185.8,Airtel,Utilities,Surat,DEVICE_0082,,Utilities transaction,2026-05-11T04:45:01.430392
4966,82,82,DEBIT,3126.38,Netflix,Entertainment,Surat,DEVICE_0082,,Entertainment transaction,2026-04-21T04:45:01.430392
4967,82,82,DEBIT,3126.32,BigBasket,Groceries,Surat,DEVICE_0082,,Groceries transaction,2026-03-26T04:45:01.430392
4968,82,82,DEBIT,403.09,BigBasket,Groceries,Surat,DEVICE_0082,,Groceries transaction,2026-08-16T04:45:01.430392
4969,82,82,DEBIT,4243.43,BookMyShow,Entertainment,Surat,DEVICE_0082,,Entertainment transaction,2026-04-01T04:45:01.430392
4970,82,82,DEBIT,2976.76,Flipkart,Shopping,Surat,DEVICE_0082,,Shopping transaction,2026-08-13T04:45:01.430392
4971,82,82,DEBIT,1351.05,Airtel,Utilities,Surat,DEVICE_0082,,Utilities transaction,2026-04-17T04:45:01.430392
4972,82,82,DEBIT,3621.62,Apollo Pharmacy,Healthcare,Surat,DEVICE_0082,,Healthcare transaction,2026-04-11T04:45:01.430392
4973,82,82,DEBIT,4132.85,BigBasket,Groceries,Surat,DEVICE_0082,,Groceries transaction,2026-09-02T04:45:01.430392
4974,82,82,DEBIT,3321.49,Ola,Transport,Surat,DEVICE_0082,,Transport transaction,2026-05-23T04:45:01.430392
4975,82,82,DEBIT,2422.58,Jio,Utilities,Surat,DEVICE_0082,,Utilities transaction,2026-05-02T04:45:01.430392
4976,82,82,DEBIT,4735.42,Amazon,Shopping,Surat,DEVICE_0082,,Shopping transaction,2026-04-05T04:45:01.430392
4977,82,82,DEBIT,3951.22,Electricity Board,Utilities,Surat,DEVICE_0082,,Utilities transaction,2026-03-25T04:45:01.430392
4978,82,82,DEBIT,1242.15,Amazon,Shopping,Surat,DEVICE_0082,,Shopping transaction,2026-07-28T04:45:01.430392
4979,82,82,DEBIT,3241.58,Amazon,Shopping,Surat,DEVICE_0082,,Shopping transaction,2026-06-20T04:45:01.430392
4980,82,82,DEBIT,1609.92,Flipkart,Shopping,Surat,DEVICE_0082,,Shopping transaction,2026-05-30T04:45:01.430392
4981,82,82,DEBIT,336.88,Airtel,Utilities,Surat,DEVICE_0082,,Utilities transaction,2026-05-19T04:45:01.430392
4982,82,82,DEBIT,4497.83,Jio,Utilities,Surat,DEVICE_0082,,Utilities transaction,2026-06-13T04:45:01.430392
4983,82,82,DEBIT,3494.78,Jio,Utilities,Surat,DEVICE_0082,,Utilities transaction,2026-06-14T04:45:01.430392
4984,82,82,DEBIT,1534.45,Zomato,Food,Surat,DEVICE_0082,,Food transaction,2026-08-31T04:45:01.430392
4985,82,82,DEBIT,2410.34,Ola,Transport,Surat,DEVICE_0082,,Transport transaction,2026-04-03T04:45:01.430392
4986,82,82,DEBIT,3907.71,Uber,Transport,Surat,DEVICE_0082,,Transport transaction,2026-08-02T04:45:01.430392
4987,82,82,DEBIT,2894.04,Zomato,Food,Surat,DEVICE_0082,,Food transaction,2026-04-25T04:45:01.430392
4988,82,82,DEBIT,1752.72,Apollo Pharmacy,Healthcare,Surat,DEVICE_0082,,Healthcare transaction,2026-06-02T04:45:01.430392
4989,82,82,DEBIT,1881.32,Airtel,Utilities,Surat,DEVICE_0082,,Utilities transaction,2026-07-30T04:45:01.430392
4990,82,82,DEBIT,2611.16,Jio,Utilities,Surat,DEVICE_0082,,Utilities transaction,2026-08-21T04:45:01.430392
4991,82,82,DEBIT,1897.07,Ola,Transport,Surat,DEVICE_0082,,Transport transaction,2026-04-28T04:45:01.430392
4992,82,82,DEBIT,4084.0,Electricity Board,Utilities,Surat,DEVICE_0082,,Utilities transaction,2026-07-16T04:45:01.430392
4993,82,82,DEBIT,4197.49,Ola,Transport,Surat,DEVICE_0082,,Transport transaction,2026-08-18T04:45:01.430392
4994,82,82,DEBIT,636.24,Electricity Board,Utilities,Surat,DEVICE_0082,,Utilities transaction,2026-06-01T04:45:01.430392
4995,82,82,DEBIT,3199.5,Ola,Transport,Surat,DEVICE_0082,,Transport transaction,2026-04-02T04:45:01.430392
4996,82,82,DEBIT,3849.6,Swiggy,Food,Surat,DEVICE_0082,,Food transaction,2026-07-23T04:45:01.430392
4997,82,82,DEBIT,4329.15,Uber,Transport,Surat,DEVICE_0082,,Transport transaction,2026-05-11T04:45:01.430392
4998,82,82,DEBIT,1825.66,Ola,Transport,Surat,DEVICE_0082,,Transport transaction,2026-05-23T04:45:01.430392
4999,82,82,DEBIT,3840.94,Ola,Transport,Surat,DEVICE_0082,,Transport transaction,2026-07-31T04:45:01.430392
5000,82,82,DEBIT,276.83,Ola,Transport,Surat,DEVICE_0082,,Transport transaction,2026-07-26T04:45:01.430392
5001,82,82,DEBIT,1697.96,BookMyShow,Entertainment,Surat,DEVICE_0082,,Entertainment transaction,2026-05-06T04:45:01.430392
5002,82,82,DEBIT,3298.43,Electricity Board,Utilities,Surat,DEVICE_0082,,Utilities transaction,2026-06-29T04:45:01.430392
5003,83,83,CREDIT,57878.58,Employer,Salary,Hyderabad,DEVICE_0083,,Monthly salary credit,2026-08-19T04:45:01.430392
5004,83,83,DEBIT,2584.62,Netflix,Entertainment,Hyderabad,DEVICE_0083,,Entertainment transaction,2026-06-03T04:45:01.430392
5005,83,83,DEBIT,3281.87,BookMyShow,Entertainment,Hyderabad,DEVICE_0083,,Entertainment transaction,2026-07-24T04:45:01.430392
5006,83,83,DEBIT,601.13,Flipkart,Shopping,Hyderabad,DEVICE_0083,,Shopping transaction,2026-04-12T04:45:01.430392
5007,83,83,DEBIT,1992.66,Apollo Pharmacy,Healthcare,Hyderabad,DEVICE_0083,,Healthcare transaction,2026-07-07T04:45:01.430392
5008,83,83,DEBIT,3371.59,Swiggy,Food,Hyderabad,DEVICE_0083,,Food transaction,2026-04-29T04:45:01.430392
5009,83,83,DEBIT,1957.75,Ola,Transport,Hyderabad,DEVICE_0083,,Transport transaction,2026-06-06T04:45:01.430392
5010,83,83,DEBIT,3943.63,Flipkart,Shopping,Hyderabad,DEVICE_0083,,Shopping transaction,2026-06-29T04:45:01.430392
5011,83,83,DEBIT,2725.74,BookMyShow,Entertainment,Hyderabad,DEVICE_0083,,Entertainment transaction,2026-08-22T04:45:01.430392
5012,83,83,DEBIT,4627.8,Ola,Transport,Hyderabad,DEVICE_0083,,Transport transaction,2026-05-22T04:45:01.430392
5013,83,83,DEBIT,380.64,Jio,Utilities,Hyderabad,DEVICE_0083,,Utilities transaction,2026-04-25T04:45:01.430392
5014,83,83,DEBIT,3157.31,Swiggy,Food,Hyderabad,DEVICE_0083,,Food transaction,2026-07-04T04:45:01.430392
5015,83,83,DEBIT,2390.75,Amazon,Shopping,Hyderabad,DEVICE_0083,,Shopping transaction,2026-03-19T04:45:01.430392
5016,83,83,DEBIT,1286.98,Zomato,Food,Hyderabad,DEVICE_0083,,Food transaction,2026-07-17T04:45:01.430392
5017,83,83,DEBIT,3070.36,Reliance Fresh,Groceries,Hyderabad,DEVICE_0083,,Groceries transaction,2026-07-19T04:45:01.430392
5018,83,83,DEBIT,255.02,Swiggy,Food,Hyderabad,DEVICE_0083,,Food transaction,2026-07-12T04:45:01.430392
5019,83,83,DEBIT,3999.11,Amazon,Shopping,Hyderabad,DEVICE_0083,,Shopping transaction,2026-05-12T04:45:01.430392
5020,83,83,DEBIT,2144.67,Jio,Utilities,Hyderabad,DEVICE_0083,,Utilities transaction,2026-04-23T04:45:01.430392
5021,83,83,DEBIT,4623.08,Netflix,Entertainment,Hyderabad,DEVICE_0083,,Entertainment transaction,2026-07-25T04:45:01.430392
5022,83,83,DEBIT,1024.29,BigBasket,Groceries,Hyderabad,DEVICE_0083,,Groceries transaction,2026-05-03T04:45:01.430392
5023,83,83,DEBIT,1970.42,BookMyShow,Entertainment,Hyderabad,DEVICE_0083,,Entertainment transaction,2026-04-18T04:45:01.430392
5024,83,83,DEBIT,3508.51,BigBasket,Groceries,Hyderabad,DEVICE_0083,,Groceries transaction,2026-03-16T04:45:01.430392
5025,83,83,DEBIT,4550.17,Airtel,Utilities,Hyderabad,DEVICE_0083,,Utilities transaction,2026-07-07T04:45:01.430392
5026,83,83,DEBIT,1840.22,BigBasket,Groceries,Hyderabad,DEVICE_0083,,Groceries transaction,2026-07-14T04:45:01.430392
5027,83,83,DEBIT,2593.99,Ola,Transport,Hyderabad,DEVICE_0083,,Transport transaction,2026-08-24T04:45:01.430392
5028,83,83,DEBIT,795.84,Electricity Board,Utilities,Hyderabad,DEVICE_0083,,Utilities transaction,2026-03-17T04:45:01.430392
5029,83,83,DEBIT,3724.55,Zomato,Food,Hyderabad,DEVICE_0083,,Food transaction,2026-04-17T04:45:01.430392
5030,83,83,DEBIT,628.06,Swiggy,Food,Hyderabad,DEVICE_0083,,Food transaction,2026-05-06T04:45:01.430392
5031,83,83,DEBIT,2307.65,Electricity Board,Utilities,Hyderabad,DEVICE_0083,,Utilities transaction,2026-06-24T04:45:01.430392
5032,83,83,DEBIT,3776.36,Flipkart,Shopping,Hyderabad,DEVICE_0083,,Shopping transaction,2026-04-11T04:45:01.430392
5033,83,83,DEBIT,3390.28,Zomato,Food,Hyderabad,DEVICE_0083,,Food transaction,2026-03-17T04:45:01.430392
5034,83,83,DEBIT,4526.14,Apollo Pharmacy,Healthcare,Hyderabad,DEVICE_0083,,Healthcare transaction,2026-07-17T04:45:01.430392
5035,83,83,DEBIT,1392.34,Reliance Fresh,Groceries,Hyderabad,DEVICE_0083,,Groceries transaction,2026-08-30T04:45:01.430392
5036,83,83,DEBIT,2941.49,Reliance Fresh,Groceries,Hyderabad,DEVICE_0083,,Groceries transaction,2026-05-08T04:45:01.430392
5037,83,83,DEBIT,2132.42,BookMyShow,Entertainment,Hyderabad,DEVICE_0083,,Entertainment transaction,2026-07-31T04:45:01.430392
5038,83,83,DEBIT,2680.78,Amazon,Shopping,Hyderabad,DEVICE_0083,,Shopping transaction,2026-04-22T04:45:01.430392
5039,83,83,DEBIT,454.94,Apollo Pharmacy,Healthcare,Hyderabad,DEVICE_0083,,Healthcare transaction,2026-06-16T04:45:01.430392
5040,83,83,DEBIT,4043.62,Reliance Fresh,Groceries,Hyderabad,DEVICE_0083,,Groceries transaction,2026-08-06T04:45:01.430392
5041,83,83,DEBIT,3221.49,Flipkart,Shopping,Hyderabad,DEVICE_0083,,Shopping transaction,2026-08-27T04:45:01.430392
5042,83,83,DEBIT,1423.16,Electricity Board,Utilities,Hyderabad,DEVICE_0083,,Utilities transaction,2026-07-10T04:45:01.430392
5043,83,83,DEBIT,322.17,Electricity Board,Utilities,Hyderabad,DEVICE_0083,,Utilities transaction,2026-04-12T04:45:01.430392
5044,83,83,DEBIT,2108.7,Reliance Fresh,Groceries,Hyderabad,DEVICE_0083,,Groceries transaction,2026-08-09T04:45:01.430392
5045,83,83,DEBIT,1153.42,BigBasket,Groceries,Hyderabad,DEVICE_0083,,Groceries transaction,2026-05-20T04:45:01.430392
5046,83,83,DEBIT,2585.25,Uber,Transport,Hyderabad,DEVICE_0083,,Transport transaction,2026-03-24T04:45:01.430392
5047,83,83,DEBIT,1664.36,Uber,Transport,Hyderabad,DEVICE_0083,,Transport transaction,2026-04-20T04:45:01.430392
5048,83,83,DEBIT,4080.79,Airtel,Utilities,Hyderabad,DEVICE_0083,,Utilities transaction,2026-05-31T04:45:01.430392
5049,83,83,DEBIT,3594.93,Swiggy,Food,Hyderabad,DEVICE_0083,,Food transaction,2026-03-22T04:45:01.430392
5050,83,83,DEBIT,1593.14,BookMyShow,Entertainment,Hyderabad,DEVICE_0083,,Entertainment transaction,2026-09-11T04:45:01.430392
5051,83,83,DEBIT,434.68,BookMyShow,Entertainment,Hyderabad,DEVICE_0083,,Entertainment transaction,2026-06-13T04:45:01.430392
5052,83,83,DEBIT,730.23,BookMyShow,Entertainment,Hyderabad,DEVICE_0083,,Entertainment transaction,2026-08-25T04:45:01.430392
5053,83,83,DEBIT,481.89,BookMyShow,Entertainment,Hyderabad,DEVICE_0083,,Entertainment transaction,2026-05-30T04:45:01.430392
5054,83,83,DEBIT,914.19,Electricity Board,Utilities,Hyderabad,DEVICE_0083,,Utilities transaction,2026-07-25T04:45:01.430392
5055,83,83,DEBIT,4540.71,Zomato,Food,Hyderabad,DEVICE_0083,,Food transaction,2026-07-29T04:45:01.430392
5056,83,83,DEBIT,1002.94,Jio,Utilities,Hyderabad,DEVICE_0083,,Utilities transaction,2026-03-30T04:45:01.430392
5057,83,83,DEBIT,3428.2,Reliance Fresh,Groceries,Hyderabad,DEVICE_0083,,Groceries transaction,2026-06-20T04:45:01.430392
5058,83,83,DEBIT,617.16,Flipkart,Shopping,Hyderabad,DEVICE_0083,,Shopping transaction,2026-06-01T04:45:01.430392
5059,83,83,DEBIT,3305.31,BookMyShow,Entertainment,Hyderabad,DEVICE_0083,,Entertainment transaction,2026-03-21T04:45:01.430392
5060,83,83,DEBIT,3766.0,BigBasket,Groceries,Hyderabad,DEVICE_0083,,Groceries transaction,2026-06-07T04:45:01.430392
5061,83,83,DEBIT,2301.76,Electricity Board,Utilities,Hyderabad,DEVICE_0083,,Utilities transaction,2026-06-17T04:45:01.430392
5062,83,83,DEBIT,624.7,Swiggy,Food,Hyderabad,DEVICE_0083,,Food transaction,2026-06-14T04:45:01.430392
5063,83,83,DEBIT,3333.38,Swiggy,Food,Hyderabad,DEVICE_0083,,Food transaction,2026-07-10T04:45:01.430392
5064,84,84,CREDIT,105077.22,Employer,Salary,Jaipur,DEVICE_0084,,Monthly salary credit,2026-08-28T04:45:01.430392
5065,84,84,DEBIT,1714.58,Flipkart,Shopping,Jaipur,DEVICE_0084,,Shopping transaction,2026-06-02T04:45:01.430392
5066,84,84,DEBIT,2059.85,Zomato,Food,Jaipur,DEVICE_0084,,Food transaction,2026-03-31T04:45:01.430392
5067,84,84,DEBIT,869.36,Apollo Pharmacy,Healthcare,Jaipur,DEVICE_0084,,Healthcare transaction,2026-05-20T04:45:01.430392
5068,84,84,DEBIT,971.61,Airtel,Utilities,Jaipur,DEVICE_0084,,Utilities transaction,2026-07-09T04:45:01.430392
5069,84,84,DEBIT,7415.7,Amazon,Shopping,Jaipur,DEVICE_0084,,Shopping transaction,2026-08-28T04:45:01.430392
5070,84,84,DEBIT,685.36,Netflix,Entertainment,Jaipur,DEVICE_0084,,Entertainment transaction,2026-06-09T04:45:01.430392
5071,84,84,DEBIT,1582.85,Flipkart,Shopping,Jaipur,DEVICE_0084,,Shopping transaction,2026-04-30T04:45:01.430392
5072,84,84,DEBIT,238.25,Amazon,Shopping,Jaipur,DEVICE_0084,,Shopping transaction,2026-06-06T04:45:01.430392
5073,84,84,DEBIT,426.93,Uber,Transport,Jaipur,DEVICE_0084,,Transport transaction,2026-04-20T04:45:01.430392
5074,84,84,DEBIT,3275.97,BookMyShow,Entertainment,Jaipur,DEVICE_0084,,Entertainment transaction,2026-08-26T04:45:01.430392
5075,84,84,DEBIT,1746.72,Swiggy,Food,Jaipur,DEVICE_0084,,Food transaction,2026-04-07T04:45:01.430392
5076,84,84,DEBIT,1691.77,Reliance Fresh,Groceries,Jaipur,DEVICE_0084,,Groceries transaction,2026-07-19T04:45:01.430392
5077,84,84,DEBIT,995.72,Ola,Transport,Jaipur,DEVICE_0084,,Transport transaction,2026-03-22T04:45:01.430392
5078,84,84,DEBIT,5121.39,Swiggy,Food,Jaipur,DEVICE_0084,,Food transaction,2026-04-19T04:45:01.430392
5079,84,84,DEBIT,7515.29,Swiggy,Food,Jaipur,DEVICE_0084,,Food transaction,2026-03-16T04:45:01.430392
5080,84,84,DEBIT,7418.74,Jio,Utilities,Jaipur,DEVICE_0084,,Utilities transaction,2026-07-29T04:45:01.430392
5081,84,84,DEBIT,1421.49,Netflix,Entertainment,Jaipur,DEVICE_0084,,Entertainment transaction,2026-05-22T04:45:01.430392
5082,84,84,DEBIT,5304.92,Amazon,Shopping,Jaipur,DEVICE_0084,,Shopping transaction,2026-04-28T04:45:01.430392
5083,84,84,DEBIT,7919.58,Airtel,Utilities,Jaipur,DEVICE_0084,,Utilities transaction,2026-06-25T04:45:01.430392
5084,84,84,DEBIT,1084.42,Uber,Transport,Jaipur,DEVICE_0084,,Transport transaction,2026-03-22T04:45:01.430392
5085,84,84,DEBIT,5042.52,Swiggy,Food,Jaipur,DEVICE_0084,,Food transaction,2026-08-01T04:45:01.430392
5086,84,84,DEBIT,4283.81,Flipkart,Shopping,Jaipur,DEVICE_0084,,Shopping transaction,2026-04-11T04:45:01.430392
5087,84,84,DEBIT,8384.36,Swiggy,Food,Jaipur,DEVICE_0084,,Food transaction,2026-06-18T04:45:01.430392
5088,84,84,DEBIT,7820.31,Reliance Fresh,Groceries,Jaipur,DEVICE_0084,,Groceries transaction,2026-04-25T04:45:01.430392
5089,84,84,DEBIT,3390.94,Jio,Utilities,Jaipur,DEVICE_0084,,Utilities transaction,2026-05-21T04:45:01.430392
5090,84,84,DEBIT,5687.51,Flipkart,Shopping,Jaipur,DEVICE_0084,,Shopping transaction,2026-08-27T04:45:01.430392
5091,84,84,DEBIT,2220.54,Ola,Transport,Jaipur,DEVICE_0084,,Transport transaction,2026-08-07T04:45:01.430392
5092,84,84,DEBIT,8081.11,Zomato,Food,Jaipur,DEVICE_0084,,Food transaction,2026-05-10T04:45:01.430392
5093,84,84,DEBIT,6716.15,Zomato,Food,Jaipur,DEVICE_0084,,Food transaction,2026-09-02T04:45:01.430392
5094,84,84,DEBIT,681.08,Ola,Transport,Jaipur,DEVICE_0084,,Transport transaction,2026-05-13T04:45:01.430392
5095,84,84,DEBIT,7122.74,Airtel,Utilities,Jaipur,DEVICE_0084,,Utilities transaction,2026-03-28T04:45:01.430392
5096,84,84,DEBIT,6392.48,Electricity Board,Utilities,Jaipur,DEVICE_0084,,Utilities transaction,2026-04-14T04:45:01.430392
5097,84,84,DEBIT,7156.99,Flipkart,Shopping,Jaipur,DEVICE_0084,,Shopping transaction,2026-08-20T04:45:01.430392
5098,84,84,DEBIT,5573.44,Apollo Pharmacy,Healthcare,Jaipur,DEVICE_0084,,Healthcare transaction,2026-05-01T04:45:01.430392
5099,84,84,DEBIT,4919.26,BookMyShow,Entertainment,Jaipur,DEVICE_0084,,Entertainment transaction,2026-04-29T04:45:01.430392
5100,84,84,DEBIT,3434.75,Netflix,Entertainment,Jaipur,DEVICE_0084,,Entertainment transaction,2026-04-26T04:45:01.430392
5101,84,84,DEBIT,1848.88,Apollo Pharmacy,Healthcare,Jaipur,DEVICE_0084,,Healthcare transaction,2026-06-22T04:45:01.430392
5102,84,84,DEBIT,3875.58,Swiggy,Food,Jaipur,DEVICE_0084,,Food transaction,2026-07-24T04:45:01.430392
5103,84,84,DEBIT,7948.66,Uber,Transport,Jaipur,DEVICE_0084,,Transport transaction,2026-05-26T04:45:01.430392
5104,84,84,DEBIT,3770.83,BigBasket,Groceries,Jaipur,DEVICE_0084,,Groceries transaction,2026-08-22T04:45:01.430392
5105,84,84,DEBIT,395.59,Reliance Fresh,Groceries,Jaipur,DEVICE_0084,,Groceries transaction,2026-08-17T04:45:01.430392
5106,84,84,DEBIT,4805.74,Ola,Transport,Jaipur,DEVICE_0084,,Transport transaction,2026-04-09T04:45:01.430392
5107,84,84,DEBIT,2710.25,BigBasket,Groceries,Jaipur,DEVICE_0084,,Groceries transaction,2026-07-01T04:45:01.430392
5108,84,84,DEBIT,5813.46,Airtel,Utilities,Jaipur,DEVICE_0084,,Utilities transaction,2026-08-29T04:45:01.430392
5109,84,84,DEBIT,7021.44,Netflix,Entertainment,Jaipur,DEVICE_0084,,Entertainment transaction,2026-07-26T04:45:01.430392
5110,84,84,DEBIT,2720.28,Flipkart,Shopping,Jaipur,DEVICE_0084,,Shopping transaction,2026-04-15T04:45:01.430392
5111,84,84,DEBIT,7587.83,Electricity Board,Utilities,Jaipur,DEVICE_0084,,Utilities transaction,2026-04-27T04:45:01.430392
5112,84,84,DEBIT,5459.61,Swiggy,Food,Jaipur,DEVICE_0084,,Food transaction,2026-08-31T04:45:01.430392
5113,84,84,DEBIT,429.47,Netflix,Entertainment,Jaipur,DEVICE_0084,,Entertainment transaction,2026-06-27T04:45:01.430392
5114,84,84,DEBIT,1744.72,BigBasket,Groceries,Jaipur,DEVICE_0084,,Groceries transaction,2026-04-28T04:45:01.430392
5115,84,84,DEBIT,6959.81,Amazon,Shopping,Jaipur,DEVICE_0084,,Shopping transaction,2026-03-21T04:45:01.430392
5116,84,84,DEBIT,3759.87,Jio,Utilities,Jaipur,DEVICE_0084,,Utilities transaction,2026-05-05T04:45:01.430392
5117,84,84,DEBIT,7168.86,Netflix,Entertainment,Jaipur,DEVICE_0084,,Entertainment transaction,2026-05-05T04:45:01.430392
5118,84,84,DEBIT,5789.5,Ola,Transport,Jaipur,DEVICE_0084,,Transport transaction,2026-09-01T04:45:01.430392
5119,84,84,DEBIT,1009.55,Zomato,Food,Jaipur,DEVICE_0084,,Food transaction,2026-07-27T04:45:01.430392
5120,84,84,DEBIT,6046.17,Zomato,Food,Jaipur,DEVICE_0084,,Food transaction,2026-08-25T04:45:01.430392
5121,84,84,DEBIT,1870.85,Electricity Board,Utilities,Jaipur,DEVICE_0084,,Utilities transaction,2026-07-22T04:45:01.430392
5122,84,84,DEBIT,5455.41,BookMyShow,Entertainment,Jaipur,DEVICE_0084,,Entertainment transaction,2026-09-09T04:45:01.430392
5123,84,84,DEBIT,7766.8,Amazon,Shopping,Jaipur,DEVICE_0084,,Shopping transaction,2026-07-22T04:45:01.430392
5124,84,84,DEBIT,1154.63,Electricity Board,Utilities,Jaipur,DEVICE_0084,,Utilities transaction,2026-06-30T04:45:01.430392
5125,85,85,CREDIT,132044.45,Employer,Salary,Ahmedabad,DEVICE_0085,,Monthly salary credit,2026-09-12T04:45:01.430392
5126,85,85,DEBIT,7035.74,Zomato,Food,Ahmedabad,DEVICE_0085,,Food transaction,2026-06-20T04:45:01.430392
5127,85,85,DEBIT,10429.72,Swiggy,Food,Ahmedabad,DEVICE_0085,,Food transaction,2026-07-16T04:45:01.430392
5128,85,85,DEBIT,9709.43,Ola,Transport,Ahmedabad,DEVICE_0085,,Transport transaction,2026-06-02T04:45:01.430392
5129,85,85,DEBIT,1815.98,Amazon,Shopping,Ahmedabad,DEVICE_0085,,Shopping transaction,2026-04-12T04:45:01.430392
5130,85,85,DEBIT,6643.68,Zomato,Food,Ahmedabad,DEVICE_0085,,Food transaction,2026-07-08T04:45:01.430392
5131,85,85,DEBIT,7251.32,BigBasket,Groceries,Ahmedabad,DEVICE_0085,,Groceries transaction,2026-04-05T04:45:01.430392
5132,85,85,DEBIT,2323.25,Uber,Transport,Ahmedabad,DEVICE_0085,,Transport transaction,2026-03-29T04:45:01.430392
5133,85,85,DEBIT,9669.56,Electricity Board,Utilities,Ahmedabad,DEVICE_0085,,Utilities transaction,2026-05-31T04:45:01.430392
5134,85,85,DEBIT,305.99,Electricity Board,Utilities,Ahmedabad,DEVICE_0085,,Utilities transaction,2026-05-30T04:45:01.430392
5135,85,85,DEBIT,3081.97,BigBasket,Groceries,Ahmedabad,DEVICE_0085,,Groceries transaction,2026-07-26T04:45:01.430392
5136,85,85,DEBIT,8275.55,Jio,Utilities,Ahmedabad,DEVICE_0085,,Utilities transaction,2026-07-10T04:45:01.430392
5137,85,85,DEBIT,308.09,BookMyShow,Entertainment,Ahmedabad,DEVICE_0085,,Entertainment transaction,2026-03-19T04:45:01.430392
5138,85,85,DEBIT,633.19,BigBasket,Groceries,Ahmedabad,DEVICE_0085,,Groceries transaction,2026-05-21T04:45:01.430392
5139,85,85,DEBIT,7070.65,Swiggy,Food,Ahmedabad,DEVICE_0085,,Food transaction,2026-07-17T04:45:01.430392
5140,85,85,DEBIT,6807.77,Flipkart,Shopping,Ahmedabad,DEVICE_0085,,Shopping transaction,2026-08-14T04:45:01.430392
5141,85,85,DEBIT,9550.18,Swiggy,Food,Ahmedabad,DEVICE_0085,,Food transaction,2026-05-10T04:45:01.430392
5142,85,85,DEBIT,2100.25,Flipkart,Shopping,Ahmedabad,DEVICE_0085,,Shopping transaction,2026-06-21T04:45:01.430392
5143,85,85,DEBIT,9978.05,Swiggy,Food,Ahmedabad,DEVICE_0085,,Food transaction,2026-07-09T04:45:01.430392
5144,85,85,DEBIT,7610.18,Apollo Pharmacy,Healthcare,Ahmedabad,DEVICE_0085,,Healthcare transaction,2026-03-19T04:45:01.430392
5145,85,85,DEBIT,3151.61,BigBasket,Groceries,Ahmedabad,DEVICE_0085,,Groceries transaction,2026-07-01T04:45:01.430392
5146,85,85,DEBIT,9066.11,Uber,Transport,Ahmedabad,DEVICE_0085,,Transport transaction,2026-07-08T04:45:01.430392
5147,85,85,DEBIT,8086.56,Flipkart,Shopping,Ahmedabad,DEVICE_0085,,Shopping transaction,2026-06-03T04:45:01.430392
5148,85,85,DEBIT,9377.96,Jio,Utilities,Ahmedabad,DEVICE_0085,,Utilities transaction,2026-07-23T04:45:01.430392
5149,85,85,DEBIT,5949.18,Flipkart,Shopping,Ahmedabad,DEVICE_0085,,Shopping transaction,2026-05-08T04:45:01.430392
5150,85,85,DEBIT,1517.36,Zomato,Food,Ahmedabad,DEVICE_0085,,Food transaction,2026-09-03T04:45:01.430392
5151,85,85,DEBIT,5162.28,Reliance Fresh,Groceries,Ahmedabad,DEVICE_0085,,Groceries transaction,2026-08-15T04:45:01.430392
5152,85,85,DEBIT,594.14,Zomato,Food,Ahmedabad,DEVICE_0085,,Food transaction,2026-06-05T04:45:01.430392
5153,85,85,DEBIT,1066.48,Swiggy,Food,Ahmedabad,DEVICE_0085,,Food transaction,2026-03-19T04:45:01.430392
5154,85,85,DEBIT,898.51,Airtel,Utilities,Ahmedabad,DEVICE_0085,,Utilities transaction,2026-05-24T04:45:01.430392
5155,85,85,DEBIT,4043.86,BookMyShow,Entertainment,Ahmedabad,DEVICE_0085,,Entertainment transaction,2026-08-07T04:45:01.430392
5156,85,85,DEBIT,6387.06,Reliance Fresh,Groceries,Ahmedabad,DEVICE_0085,,Groceries transaction,2026-09-02T04:45:01.430392
5157,85,85,DEBIT,9875.58,Apollo Pharmacy,Healthcare,Ahmedabad,DEVICE_0085,,Healthcare transaction,2026-07-26T04:45:01.430392
5158,85,85,DEBIT,2380.82,Airtel,Utilities,Ahmedabad,DEVICE_0085,,Utilities transaction,2026-06-23T04:45:01.430392
5159,85,85,DEBIT,6094.8,Amazon,Shopping,Ahmedabad,DEVICE_0085,,Shopping transaction,2026-08-04T04:45:01.430392
5160,85,85,DEBIT,9107.35,Ola,Transport,Ahmedabad,DEVICE_0085,,Transport transaction,2026-07-10T04:45:01.430392
5161,85,85,DEBIT,3828.46,Swiggy,Food,Ahmedabad,DEVICE_0085,,Food transaction,2026-07-23T04:45:01.430392
5162,85,85,DEBIT,784.8,Apollo Pharmacy,Healthcare,Ahmedabad,DEVICE_0085,,Healthcare transaction,2026-06-07T04:45:01.430392
5163,85,85,DEBIT,10012.44,Swiggy,Food,Ahmedabad,DEVICE_0085,,Food transaction,2026-05-06T04:45:01.430392
5164,85,85,DEBIT,2534.24,Flipkart,Shopping,Ahmedabad,DEVICE_0085,,Shopping transaction,2026-04-05T04:45:01.430392
5165,85,85,DEBIT,3681.0,Zomato,Food,Ahmedabad,DEVICE_0085,,Food transaction,2026-05-23T04:45:01.430392
5166,85,85,DEBIT,9230.15,Amazon,Shopping,Ahmedabad,DEVICE_0085,,Shopping transaction,2026-08-26T04:45:01.430392
5167,85,85,DEBIT,2747.11,Jio,Utilities,Ahmedabad,DEVICE_0085,,Utilities transaction,2026-04-30T04:45:01.430392
5168,85,85,DEBIT,5970.98,Uber,Transport,Ahmedabad,DEVICE_0085,,Transport transaction,2026-08-07T04:45:01.430392
5169,85,85,DEBIT,10192.3,Netflix,Entertainment,Ahmedabad,DEVICE_0085,,Entertainment transaction,2026-08-29T04:45:01.430392
5170,85,85,DEBIT,7296.58,Flipkart,Shopping,Ahmedabad,DEVICE_0085,,Shopping transaction,2026-05-31T04:45:01.430392
5171,85,85,DEBIT,5736.98,Netflix,Entertainment,Ahmedabad,DEVICE_0085,,Entertainment transaction,2026-04-07T04:45:01.430392
5172,85,85,DEBIT,1960.93,Electricity Board,Utilities,Ahmedabad,DEVICE_0085,,Utilities transaction,2026-06-22T04:45:01.430392
5173,85,85,DEBIT,598.27,Ola,Transport,Ahmedabad,DEVICE_0085,,Transport transaction,2026-08-17T04:45:01.430392
5174,85,85,DEBIT,2621.57,Apollo Pharmacy,Healthcare,Ahmedabad,DEVICE_0085,,Healthcare transaction,2026-06-07T04:45:01.430392
5175,85,85,DEBIT,6031.69,Amazon,Shopping,Ahmedabad,DEVICE_0085,,Shopping transaction,2026-06-05T04:45:01.430392
5176,85,85,DEBIT,6075.67,Airtel,Utilities,Ahmedabad,DEVICE_0085,,Utilities transaction,2026-07-17T04:45:01.430392
5177,85,85,DEBIT,6711.28,Airtel,Utilities,Ahmedabad,DEVICE_0085,,Utilities transaction,2026-04-21T04:45:01.430392
5178,85,85,DEBIT,966.12,Netflix,Entertainment,Ahmedabad,DEVICE_0085,,Entertainment transaction,2026-03-30T04:45:01.430392
5179,85,85,DEBIT,9639.25,Jio,Utilities,Ahmedabad,DEVICE_0085,,Utilities transaction,2026-04-19T04:45:01.430392
5180,85,85,DEBIT,4200.9,Apollo Pharmacy,Healthcare,Ahmedabad,DEVICE_0085,,Healthcare transaction,2026-03-21T04:45:01.430392
5181,85,85,DEBIT,4208.28,BookMyShow,Entertainment,Ahmedabad,DEVICE_0085,,Entertainment transaction,2026-07-14T04:45:01.430392
5182,85,85,DEBIT,5283.97,Apollo Pharmacy,Healthcare,Ahmedabad,DEVICE_0085,,Healthcare transaction,2026-07-10T04:45:01.430392
5183,85,85,DEBIT,10357.64,Ola,Transport,Ahmedabad,DEVICE_0085,,Transport transaction,2026-04-03T04:45:01.430392
5184,85,85,DEBIT,5165.48,Reliance Fresh,Groceries,Ahmedabad,DEVICE_0085,,Groceries transaction,2026-08-04T04:45:01.430392
5185,85,85,DEBIT,5759.58,Reliance Fresh,Groceries,Ahmedabad,DEVICE_0085,,Groceries transaction,2026-06-12T04:45:01.430392
5186,86,86,CREDIT,87682.17,Employer,Salary,Delhi,DEVICE_0086,,Monthly salary credit,2026-09-05T04:45:01.430392
5187,86,86,DEBIT,2154.85,Swiggy,Food,Delhi,DEVICE_0086,,Food transaction,2026-07-30T04:45:01.430392
5188,86,86,DEBIT,7008.72,BigBasket,Groceries,Delhi,DEVICE_0086,,Groceries transaction,2026-08-02T04:45:01.430392
5189,86,86,DEBIT,5242.82,Ola,Transport,Delhi,DEVICE_0086,,Transport transaction,2026-05-25T04:45:01.430392
5190,86,86,DEBIT,2243.4,Airtel,Utilities,Delhi,DEVICE_0086,,Utilities transaction,2026-09-02T04:45:01.430392
5191,86,86,DEBIT,2996.51,Reliance Fresh,Groceries,Delhi,DEVICE_0086,,Groceries transaction,2026-04-27T04:45:01.430392
5192,86,86,DEBIT,1746.81,Jio,Utilities,Delhi,DEVICE_0086,,Utilities transaction,2026-06-02T04:45:01.430392
5193,86,86,DEBIT,5925.16,Swiggy,Food,Delhi,DEVICE_0086,,Food transaction,2026-06-14T04:45:01.430392
5194,86,86,DEBIT,6618.52,Zomato,Food,Delhi,DEVICE_0086,,Food transaction,2026-05-28T04:45:01.430392
5195,86,86,DEBIT,3338.67,BigBasket,Groceries,Delhi,DEVICE_0086,,Groceries transaction,2026-05-20T04:45:01.430392
5196,86,86,DEBIT,6690.02,Reliance Fresh,Groceries,Delhi,DEVICE_0086,,Groceries transaction,2026-05-17T04:45:01.430392
5197,86,86,DEBIT,2501.97,Ola,Transport,Delhi,DEVICE_0086,,Transport transaction,2026-03-26T04:45:01.430392
5198,86,86,DEBIT,1107.12,BigBasket,Groceries,Delhi,DEVICE_0086,,Groceries transaction,2026-04-30T04:45:01.430392
5199,86,86,DEBIT,1876.43,Zomato,Food,Delhi,DEVICE_0086,,Food transaction,2026-07-26T04:45:01.430392
5200,86,86,DEBIT,1526.13,BookMyShow,Entertainment,Delhi,DEVICE_0086,,Entertainment transaction,2026-03-28T04:45:01.430392
5201,86,86,DEBIT,4417.38,Airtel,Utilities,Delhi,DEVICE_0086,,Utilities transaction,2026-05-17T04:45:01.430392
5202,86,86,DEBIT,6077.15,Netflix,Entertainment,Delhi,DEVICE_0086,,Entertainment transaction,2026-05-31T04:45:01.430392
5203,86,86,DEBIT,4588.59,Ola,Transport,Delhi,DEVICE_0086,,Transport transaction,2026-07-20T04:45:01.430392
5204,86,86,DEBIT,1163.11,BigBasket,Groceries,Delhi,DEVICE_0086,,Groceries transaction,2026-08-16T04:45:01.430392
5205,86,86,DEBIT,4644.72,Netflix,Entertainment,Delhi,DEVICE_0086,,Entertainment transaction,2026-06-28T04:45:01.430392
5206,86,86,DEBIT,6712.91,Jio,Utilities,Delhi,DEVICE_0086,,Utilities transaction,2026-04-06T04:45:01.430392
5207,86,86,DEBIT,546.76,BigBasket,Groceries,Delhi,DEVICE_0086,,Groceries transaction,2026-07-19T04:45:01.430392
5208,86,86,DEBIT,3959.55,Ola,Transport,Delhi,DEVICE_0086,,Transport transaction,2026-08-03T04:45:01.430392
5209,86,86,DEBIT,2818.78,Apollo Pharmacy,Healthcare,Delhi,DEVICE_0086,,Healthcare transaction,2026-05-03T04:45:01.430392
5210,86,86,DEBIT,1428.77,BigBasket,Groceries,Delhi,DEVICE_0086,,Groceries transaction,2026-05-22T04:45:01.430392
5211,86,86,DEBIT,4929.11,Amazon,Shopping,Delhi,DEVICE_0086,,Shopping transaction,2026-06-06T04:45:01.430392
5212,86,86,DEBIT,4745.28,BookMyShow,Entertainment,Delhi,DEVICE_0086,,Entertainment transaction,2026-07-05T04:45:01.430392
5213,86,86,DEBIT,4838.2,Electricity Board,Utilities,Delhi,DEVICE_0086,,Utilities transaction,2026-08-04T04:45:01.430392
5214,86,86,DEBIT,2938.62,Apollo Pharmacy,Healthcare,Delhi,DEVICE_0086,,Healthcare transaction,2026-07-24T04:45:01.430392
5215,86,86,DEBIT,3002.76,Swiggy,Food,Delhi,DEVICE_0086,,Food transaction,2026-05-16T04:45:01.430392
5216,86,86,DEBIT,6115.25,Zomato,Food,Delhi,DEVICE_0086,,Food transaction,2026-08-10T04:45:01.430392
5217,86,86,DEBIT,6546.09,Airtel,Utilities,Delhi,DEVICE_0086,,Utilities transaction,2026-06-24T04:45:01.430392
5218,86,86,DEBIT,6558.13,BookMyShow,Entertainment,Delhi,DEVICE_0086,,Entertainment transaction,2026-04-09T04:45:01.430392
5219,86,86,DEBIT,5210.88,Netflix,Entertainment,Delhi,DEVICE_0086,,Entertainment transaction,2026-09-03T04:45:01.430392
5220,86,86,DEBIT,861.45,Apollo Pharmacy,Healthcare,Delhi,DEVICE_0086,,Healthcare transaction,2026-08-27T04:45:01.430392
5221,86,86,DEBIT,346.28,Flipkart,Shopping,Delhi,DEVICE_0086,,Shopping transaction,2026-08-30T04:45:01.430392
5222,86,86,DEBIT,6010.11,Ola,Transport,Delhi,DEVICE_0086,,Transport transaction,2026-06-24T04:45:01.430392
5223,86,86,DEBIT,1583.41,Ola,Transport,Delhi,DEVICE_0086,,Transport transaction,2026-08-05T04:45:01.430392
5224,86,86,DEBIT,2295.9,Zomato,Food,Delhi,DEVICE_0086,,Food transaction,2026-08-27T04:45:01.430392
5225,86,86,DEBIT,4447.06,Ola,Transport,Delhi,DEVICE_0086,,Transport transaction,2026-06-24T04:45:01.430392
5226,86,86,DEBIT,6363.89,BookMyShow,Entertainment,Delhi,DEVICE_0086,,Entertainment transaction,2026-05-21T04:45:01.430392
5227,86,86,DEBIT,2507.56,Reliance Fresh,Groceries,Delhi,DEVICE_0086,,Groceries transaction,2026-07-30T04:45:01.430392
5228,86,86,DEBIT,2266.45,Uber,Transport,Delhi,DEVICE_0086,,Transport transaction,2026-04-22T04:45:01.430392
5229,86,86,DEBIT,6338.68,Swiggy,Food,Delhi,DEVICE_0086,,Food transaction,2026-08-05T04:45:01.430392
5230,86,86,DEBIT,3029.31,Swiggy,Food,Delhi,DEVICE_0086,,Food transaction,2026-04-29T04:45:01.430392
5231,86,86,DEBIT,2991.79,BookMyShow,Entertainment,Delhi,DEVICE_0086,,Entertainment transaction,2026-04-22T04:45:01.430392
5232,86,86,DEBIT,4484.2,Netflix,Entertainment,Delhi,DEVICE_0086,,Entertainment transaction,2026-03-17T04:45:01.430392
5233,86,86,DEBIT,4901.81,Uber,Transport,Delhi,DEVICE_0086,,Transport transaction,2026-07-11T04:45:01.430392
5234,86,86,DEBIT,4723.98,Flipkart,Shopping,Delhi,DEVICE_0086,,Shopping transaction,2026-08-06T04:45:01.430392
5235,86,86,DEBIT,861.48,Reliance Fresh,Groceries,Delhi,DEVICE_0086,,Groceries transaction,2026-09-02T04:45:01.430392
5236,86,86,DEBIT,6198.4,Swiggy,Food,Delhi,DEVICE_0086,,Food transaction,2026-05-14T04:45:01.430392
5237,86,86,DEBIT,3449.73,BigBasket,Groceries,Delhi,DEVICE_0086,,Groceries transaction,2026-09-07T04:45:01.430392
5238,86,86,DEBIT,4889.25,BookMyShow,Entertainment,Delhi,DEVICE_0086,,Entertainment transaction,2026-06-12T04:45:01.430392
5239,86,86,DEBIT,4185.78,Reliance Fresh,Groceries,Delhi,DEVICE_0086,,Groceries transaction,2026-07-28T04:45:01.430392
5240,86,86,DEBIT,6292.15,Reliance Fresh,Groceries,Delhi,DEVICE_0086,,Groceries transaction,2026-05-10T04:45:01.430392
5241,86,86,DEBIT,4062.38,Apollo Pharmacy,Healthcare,Delhi,DEVICE_0086,,Healthcare transaction,2026-06-18T04:45:01.430392
5242,86,86,DEBIT,6241.06,Flipkart,Shopping,Delhi,DEVICE_0086,,Shopping transaction,2026-08-26T04:45:01.430392
5243,86,86,DEBIT,1119.58,Swiggy,Food,Delhi,DEVICE_0086,,Food transaction,2026-06-28T04:45:01.430392
5244,86,86,DEBIT,2882.32,Apollo Pharmacy,Healthcare,Delhi,DEVICE_0086,,Healthcare transaction,2026-08-05T04:45:01.430392
5245,86,86,DEBIT,6966.17,Flipkart,Shopping,Delhi,DEVICE_0086,,Shopping transaction,2026-03-25T04:45:01.430392
5246,86,86,DEBIT,6752.72,Zomato,Food,Delhi,DEVICE_0086,,Food transaction,2026-06-22T04:45:01.430392
5247,87,87,CREDIT,78282.4,Employer,Salary,Surat,DEVICE_0087,,Monthly salary credit,2026-09-03T04:45:01.430392
5248,87,87,DEBIT,5006.31,Electricity Board,Utilities,Surat,DEVICE_0087,,Utilities transaction,2026-08-22T04:45:01.430392
5249,87,87,DEBIT,3854.61,Ola,Transport,Surat,DEVICE_0087,,Transport transaction,2026-05-09T04:45:01.430392
5250,87,87,DEBIT,3970.1,Amazon,Shopping,Surat,DEVICE_0087,,Shopping transaction,2026-04-14T04:45:01.430392
5251,87,87,DEBIT,6212.28,BigBasket,Groceries,Surat,DEVICE_0087,,Groceries transaction,2026-06-11T04:45:01.430392
5252,87,87,DEBIT,1732.11,Jio,Utilities,Surat,DEVICE_0087,,Utilities transaction,2026-05-04T04:45:01.430392
5253,87,87,DEBIT,6153.69,Uber,Transport,Surat,DEVICE_0087,,Transport transaction,2026-09-06T04:45:01.430392
5254,87,87,DEBIT,2131.35,Reliance Fresh,Groceries,Surat,DEVICE_0087,,Groceries transaction,2026-08-01T04:45:01.430392
5255,87,87,DEBIT,4137.08,Amazon,Shopping,Surat,DEVICE_0087,,Shopping transaction,2026-03-17T04:45:01.430392
5256,87,87,DEBIT,1795.15,Uber,Transport,Surat,DEVICE_0087,,Transport transaction,2026-05-25T04:45:01.430392
5257,87,87,DEBIT,445.27,Ola,Transport,Surat,DEVICE_0087,,Transport transaction,2026-03-28T04:45:01.430392
5258,87,87,DEBIT,4197.74,Reliance Fresh,Groceries,Surat,DEVICE_0087,,Groceries transaction,2026-06-19T04:45:01.430392
5259,87,87,DEBIT,390.21,Netflix,Entertainment,Surat,DEVICE_0087,,Entertainment transaction,2026-04-06T04:45:01.430392
5260,87,87,DEBIT,4653.83,Amazon,Shopping,Surat,DEVICE_0087,,Shopping transaction,2026-09-08T04:45:01.430392
5261,87,87,DEBIT,2507.85,Uber,Transport,Surat,DEVICE_0087,,Transport transaction,2026-05-15T04:45:01.430392
5262,87,87,DEBIT,2554.69,BigBasket,Groceries,Surat,DEVICE_0087,,Groceries transaction,2026-03-19T04:45:01.430392
5263,87,87,DEBIT,1838.62,Apollo Pharmacy,Healthcare,Surat,DEVICE_0087,,Healthcare transaction,2026-06-08T04:45:01.430392
5264,87,87,DEBIT,2423.72,Ola,Transport,Surat,DEVICE_0087,,Transport transaction,2026-05-04T04:45:01.430392
5265,87,87,DEBIT,6224.11,Jio,Utilities,Surat,DEVICE_0087,,Utilities transaction,2026-05-27T04:45:01.430392
5266,87,87,DEBIT,4487.95,BigBasket,Groceries,Surat,DEVICE_0087,,Groceries transaction,2026-08-10T04:45:01.430392
5267,87,87,DEBIT,4559.71,Ola,Transport,Surat,DEVICE_0087,,Transport transaction,2026-04-24T04:45:01.430392
5268,87,87,DEBIT,3163.58,Zomato,Food,Surat,DEVICE_0087,,Food transaction,2026-07-06T04:45:01.430392
5269,87,87,DEBIT,5737.31,Flipkart,Shopping,Surat,DEVICE_0087,,Shopping transaction,2026-03-25T04:45:01.430392
5270,87,87,DEBIT,5083.27,Flipkart,Shopping,Surat,DEVICE_0087,,Shopping transaction,2026-06-23T04:45:01.430392
5271,87,87,DEBIT,3284.59,Jio,Utilities,Surat,DEVICE_0087,,Utilities transaction,2026-08-14T04:45:01.430392
5272,87,87,DEBIT,5115.28,Amazon,Shopping,Surat,DEVICE_0087,,Shopping transaction,2026-08-16T04:45:01.430392
5273,87,87,DEBIT,651.15,Zomato,Food,Surat,DEVICE_0087,,Food transaction,2026-06-09T04:45:01.430392
5274,87,87,DEBIT,1133.68,Flipkart,Shopping,Surat,DEVICE_0087,,Shopping transaction,2026-07-14T04:45:01.430392
5275,87,87,DEBIT,729.79,Airtel,Utilities,Surat,DEVICE_0087,,Utilities transaction,2026-08-24T04:45:01.430392
5276,87,87,DEBIT,4583.9,Amazon,Shopping,Surat,DEVICE_0087,,Shopping transaction,2026-06-17T04:45:01.430392
5277,87,87,DEBIT,5710.36,Jio,Utilities,Surat,DEVICE_0087,,Utilities transaction,2026-08-25T04:45:01.430392
5278,87,87,DEBIT,3733.01,Swiggy,Food,Surat,DEVICE_0087,,Food transaction,2026-05-18T04:45:01.430392
5279,87,87,DEBIT,5495.08,Apollo Pharmacy,Healthcare,Surat,DEVICE_0087,,Healthcare transaction,2026-03-26T04:45:01.430392
5280,87,87,DEBIT,3913.73,Flipkart,Shopping,Surat,DEVICE_0087,,Shopping transaction,2026-08-29T04:45:01.430392
5281,87,87,DEBIT,1040.97,Electricity Board,Utilities,Surat,DEVICE_0087,,Utilities transaction,2026-08-23T04:45:01.430392
5282,87,87,DEBIT,755.96,Swiggy,Food,Surat,DEVICE_0087,,Food transaction,2026-08-20T04:45:01.430392
5283,87,87,DEBIT,2824.92,Amazon,Shopping,Surat,DEVICE_0087,,Shopping transaction,2026-03-21T04:45:01.430392
5284,87,87,DEBIT,1474.47,Zomato,Food,Surat,DEVICE_0087,,Food transaction,2026-08-23T04:45:01.430392
5285,87,87,DEBIT,2142.48,BigBasket,Groceries,Surat,DEVICE_0087,,Groceries transaction,2026-04-30T04:45:01.430392
5286,87,87,DEBIT,3086.06,Zomato,Food,Surat,DEVICE_0087,,Food transaction,2026-07-24T04:45:01.430392
5287,87,87,DEBIT,6189.41,Electricity Board,Utilities,Surat,DEVICE_0087,,Utilities transaction,2026-04-11T04:45:01.430392
5288,87,87,DEBIT,1328.04,Electricity Board,Utilities,Surat,DEVICE_0087,,Utilities transaction,2026-07-01T04:45:01.430392
5289,87,87,DEBIT,4299.28,Electricity Board,Utilities,Surat,DEVICE_0087,,Utilities transaction,2026-08-28T04:45:01.430392
5290,87,87,DEBIT,1321.14,Reliance Fresh,Groceries,Surat,DEVICE_0087,,Groceries transaction,2026-09-11T04:45:01.430392
5291,87,87,DEBIT,1266.11,Flipkart,Shopping,Surat,DEVICE_0087,,Shopping transaction,2026-07-24T04:45:01.430392
5292,87,87,DEBIT,1072.36,Uber,Transport,Surat,DEVICE_0087,,Transport transaction,2026-04-27T04:45:01.430392
5293,87,87,DEBIT,6097.23,BookMyShow,Entertainment,Surat,DEVICE_0087,,Entertainment transaction,2026-03-17T04:45:01.430392
5294,87,87,DEBIT,4461.2,Flipkart,Shopping,Surat,DEVICE_0087,,Shopping transaction,2026-08-24T04:45:01.430392
5295,87,87,DEBIT,1334.0,Zomato,Food,Surat,DEVICE_0087,,Food transaction,2026-06-22T04:45:01.430392
5296,87,87,DEBIT,6213.97,Airtel,Utilities,Surat,DEVICE_0087,,Utilities transaction,2026-08-02T04:45:01.430392
5297,87,87,DEBIT,4051.55,BigBasket,Groceries,Surat,DEVICE_0087,,Groceries transaction,2026-04-14T04:45:01.430392
5298,87,87,DEBIT,3846.98,Uber,Transport,Surat,DEVICE_0087,,Transport transaction,2026-05-06T04:45:01.430392
5299,87,87,DEBIT,1930.28,Apollo Pharmacy,Healthcare,Surat,DEVICE_0087,,Healthcare transaction,2026-05-26T04:45:01.430392
5300,87,87,DEBIT,5198.42,Uber,Transport,Surat,DEVICE_0087,,Transport transaction,2026-07-13T04:45:01.430392
5301,87,87,DEBIT,242.34,Netflix,Entertainment,Surat,DEVICE_0087,,Entertainment transaction,2026-03-22T04:45:01.430392
5302,87,87,DEBIT,1906.31,Uber,Transport,Surat,DEVICE_0087,,Transport transaction,2026-08-02T04:45:01.430392
5303,87,87,DEBIT,573.57,Flipkart,Shopping,Surat,DEVICE_0087,,Shopping transaction,2026-05-09T04:45:01.430392
5304,87,87,DEBIT,5672.66,Ola,Transport,Surat,DEVICE_0087,,Transport transaction,2026-08-28T04:45:01.430392
5305,87,87,DEBIT,4781.2,BookMyShow,Entertainment,Surat,DEVICE_0087,,Entertainment transaction,2026-05-25T04:45:01.430392
5306,87,87,DEBIT,4286.4,Flipkart,Shopping,Surat,DEVICE_0087,,Shopping transaction,2026-05-21T04:45:01.430392
5307,87,87,DEBIT,6124.17,Amazon,Shopping,Surat,DEVICE_0087,,Shopping transaction,2026-03-24T04:45:01.430392
5308,88,88,CREDIT,60733.4,Employer,Salary,Vadodara,DEVICE_0088,,Monthly salary credit,2026-09-10T04:45:01.430392
5309,88,88,DEBIT,2939.94,Ola,Transport,Vadodara,DEVICE_0088,,Transport transaction,2026-06-12T04:45:01.430392
5310,88,88,DEBIT,3372.93,Electricity Board,Utilities,Vadodara,DEVICE_0088,,Utilities transaction,2026-03-23T04:45:01.430392
5311,88,88,DEBIT,2851.72,Flipkart,Shopping,Vadodara,DEVICE_0088,,Shopping transaction,2026-06-23T04:45:01.430392
5312,88,88,DEBIT,1868.33,Reliance Fresh,Groceries,Vadodara,DEVICE_0088,,Groceries transaction,2026-05-13T04:45:01.430392
5313,88,88,DEBIT,2527.91,Ola,Transport,Vadodara,DEVICE_0088,,Transport transaction,2026-05-10T04:45:01.430392
5314,88,88,DEBIT,2743.25,Ola,Transport,Vadodara,DEVICE_0088,,Transport transaction,2026-07-26T04:45:01.430392
5315,88,88,DEBIT,2935.71,Zomato,Food,Vadodara,DEVICE_0088,,Food transaction,2026-09-02T04:45:01.430392
5316,88,88,DEBIT,1844.02,Electricity Board,Utilities,Vadodara,DEVICE_0088,,Utilities transaction,2026-05-16T04:45:01.430392
5317,88,88,DEBIT,1711.12,Reliance Fresh,Groceries,Vadodara,DEVICE_0088,,Groceries transaction,2026-06-01T04:45:01.430392
5318,88,88,DEBIT,4246.91,Reliance Fresh,Groceries,Vadodara,DEVICE_0088,,Groceries transaction,2026-05-17T04:45:01.430392
5319,88,88,DEBIT,911.31,Reliance Fresh,Groceries,Vadodara,DEVICE_0088,,Groceries transaction,2026-06-06T04:45:01.430392
5320,88,88,DEBIT,4624.03,BigBasket,Groceries,Vadodara,DEVICE_0088,,Groceries transaction,2026-08-08T04:45:01.430392
5321,88,88,DEBIT,1675.51,Airtel,Utilities,Vadodara,DEVICE_0088,,Utilities transaction,2026-04-04T04:45:01.430392
5322,88,88,DEBIT,2060.76,Swiggy,Food,Vadodara,DEVICE_0088,,Food transaction,2026-09-09T04:45:01.430392
5323,88,88,DEBIT,3886.76,BigBasket,Groceries,Vadodara,DEVICE_0088,,Groceries transaction,2026-03-27T04:45:01.430392
5324,88,88,DEBIT,903.64,Swiggy,Food,Vadodara,DEVICE_0088,,Food transaction,2026-07-27T04:45:01.430392
5325,88,88,DEBIT,641.86,Zomato,Food,Vadodara,DEVICE_0088,,Food transaction,2026-06-04T04:45:01.430392
5326,88,88,DEBIT,898.33,Reliance Fresh,Groceries,Vadodara,DEVICE_0088,,Groceries transaction,2026-06-18T04:45:01.430392
5327,88,88,DEBIT,301.0,Zomato,Food,Vadodara,DEVICE_0088,,Food transaction,2026-06-04T04:45:01.430392
5328,88,88,DEBIT,1614.01,Swiggy,Food,Vadodara,DEVICE_0088,,Food transaction,2026-04-25T04:45:01.430392
5329,88,88,DEBIT,1260.96,Uber,Transport,Vadodara,DEVICE_0088,,Transport transaction,2026-05-11T04:45:01.430392
5330,88,88,DEBIT,3571.62,BookMyShow,Entertainment,Vadodara,DEVICE_0088,,Entertainment transaction,2026-05-25T04:45:01.430392
5331,88,88,DEBIT,4613.3,BigBasket,Groceries,Vadodara,DEVICE_0088,,Groceries transaction,2026-08-03T04:45:01.430392
5332,88,88,DEBIT,4714.72,Reliance Fresh,Groceries,Vadodara,DEVICE_0088,,Groceries transaction,2026-08-28T04:45:01.430392
5333,88,88,DEBIT,4679.03,Ola,Transport,Vadodara,DEVICE_0088,,Transport transaction,2026-08-26T04:45:01.430392
5334,88,88,DEBIT,3489.13,Ola,Transport,Vadodara,DEVICE_0088,,Transport transaction,2026-04-10T04:45:01.430392
5335,88,88,DEBIT,859.1,Uber,Transport,Vadodara,DEVICE_0088,,Transport transaction,2026-05-03T04:45:01.430392
5336,88,88,DEBIT,3943.81,Reliance Fresh,Groceries,Vadodara,DEVICE_0088,,Groceries transaction,2026-05-29T04:45:01.430392
5337,88,88,DEBIT,260.41,Reliance Fresh,Groceries,Vadodara,DEVICE_0088,,Groceries transaction,2026-06-26T04:45:01.430392
5338,88,88,DEBIT,938.88,Apollo Pharmacy,Healthcare,Vadodara,DEVICE_0088,,Healthcare transaction,2026-04-04T04:45:01.430392
5339,88,88,DEBIT,3386.8,Uber,Transport,Vadodara,DEVICE_0088,,Transport transaction,2026-05-26T04:45:01.430392
5340,88,88,DEBIT,767.65,BookMyShow,Entertainment,Vadodara,DEVICE_0088,,Entertainment transaction,2026-08-10T04:45:01.430392
5341,88,88,DEBIT,1513.27,Netflix,Entertainment,Vadodara,DEVICE_0088,,Entertainment transaction,2026-06-09T04:45:01.430392
5342,88,88,DEBIT,3407.56,Airtel,Utilities,Vadodara,DEVICE_0088,,Utilities transaction,2026-08-11T04:45:01.430392
5343,88,88,DEBIT,2833.68,Ola,Transport,Vadodara,DEVICE_0088,,Transport transaction,2026-05-14T04:45:01.430392
5344,88,88,DEBIT,282.5,Flipkart,Shopping,Vadodara,DEVICE_0088,,Shopping transaction,2026-06-10T04:45:01.430392
5345,88,88,DEBIT,1346.55,BigBasket,Groceries,Vadodara,DEVICE_0088,,Groceries transaction,2026-06-21T04:45:01.430392
5346,88,88,DEBIT,1287.51,Electricity Board,Utilities,Vadodara,DEVICE_0088,,Utilities transaction,2026-06-24T04:45:01.430392
5347,88,88,DEBIT,4466.12,Apollo Pharmacy,Healthcare,Vadodara,DEVICE_0088,,Healthcare transaction,2026-05-14T04:45:01.430392
5348,88,88,DEBIT,1506.9,Airtel,Utilities,Vadodara,DEVICE_0088,,Utilities transaction,2026-06-17T04:45:01.430392
5349,88,88,DEBIT,3898.14,BookMyShow,Entertainment,Vadodara,DEVICE_0088,,Entertainment transaction,2026-03-18T04:45:01.430392
5350,88,88,DEBIT,4401.45,Zomato,Food,Vadodara,DEVICE_0088,,Food transaction,2026-06-22T04:45:01.430392
5351,88,88,DEBIT,3147.46,Airtel,Utilities,Vadodara,DEVICE_0088,,Utilities transaction,2026-07-16T04:45:01.430392
5352,88,88,DEBIT,2961.82,Electricity Board,Utilities,Vadodara,DEVICE_0088,,Utilities transaction,2026-07-14T04:45:01.430392
5353,88,88,DEBIT,4018.51,Jio,Utilities,Vadodara,DEVICE_0088,,Utilities transaction,2026-05-10T04:45:01.430392
5354,88,88,DEBIT,2388.42,BookMyShow,Entertainment,Vadodara,DEVICE_0088,,Entertainment transaction,2026-09-08T04:45:01.430392
5355,88,88,DEBIT,2580.4,Ola,Transport,Vadodara,DEVICE_0088,,Transport transaction,2026-08-19T04:45:01.430392
5356,88,88,DEBIT,3694.9,BigBasket,Groceries,Vadodara,DEVICE_0088,,Groceries transaction,2026-04-06T04:45:01.430392
5357,88,88,DEBIT,578.79,Ola,Transport,Vadodara,DEVICE_0088,,Transport transaction,2026-05-10T04:45:01.430392
5358,88,88,DEBIT,3007.31,Reliance Fresh,Groceries,Vadodara,DEVICE_0088,,Groceries transaction,2026-07-06T04:45:01.430392
5359,88,88,DEBIT,2294.0,Flipkart,Shopping,Vadodara,DEVICE_0088,,Shopping transaction,2026-07-25T04:45:01.430392
5360,88,88,DEBIT,3786.92,Airtel,Utilities,Vadodara,DEVICE_0088,,Utilities transaction,2026-08-07T04:45:01.430392
5361,88,88,DEBIT,4149.5,Ola,Transport,Vadodara,DEVICE_0088,,Transport transaction,2026-08-28T04:45:01.430392
5362,88,88,DEBIT,1348.76,Reliance Fresh,Groceries,Vadodara,DEVICE_0088,,Groceries transaction,2026-04-03T04:45:01.430392
5363,88,88,DEBIT,1724.38,Amazon,Shopping,Vadodara,DEVICE_0088,,Shopping transaction,2026-04-07T04:45:01.430392
5364,88,88,DEBIT,2817.6,Reliance Fresh,Groceries,Vadodara,DEVICE_0088,,Groceries transaction,2026-07-05T04:45:01.430392
5365,88,88,DEBIT,2458.05,Ola,Transport,Vadodara,DEVICE_0088,,Transport transaction,2026-06-24T04:45:01.430392
5366,88,88,DEBIT,4314.6,BookMyShow,Entertainment,Vadodara,DEVICE_0088,,Entertainment transaction,2026-07-23T04:45:01.430392
5367,88,88,DEBIT,3976.92,Jio,Utilities,Vadodara,DEVICE_0088,,Utilities transaction,2026-07-26T04:45:01.430392
5368,88,88,DEBIT,3018.88,BookMyShow,Entertainment,Vadodara,DEVICE_0088,,Entertainment transaction,2026-06-29T04:45:01.430392
5369,89,89,CREDIT,139483.72,Employer,Salary,Pune,DEVICE_0089,,Monthly salary credit,2026-08-20T04:45:01.430392
5370,89,89,DEBIT,8260.07,Amazon,Shopping,Pune,DEVICE_0089,,Shopping transaction,2026-07-25T04:45:01.430392
5371,89,89,DEBIT,8954.34,Netflix,Entertainment,Pune,DEVICE_0089,,Entertainment transaction,2026-07-02T04:45:01.430392
5372,89,89,DEBIT,8865.14,Zomato,Food,Pune,DEVICE_0089,,Food transaction,2026-05-27T04:45:01.430392
5373,89,89,DEBIT,9170.64,Electricity Board,Utilities,Pune,DEVICE_0089,,Utilities transaction,2026-09-10T04:45:01.430392
5374,89,89,DEBIT,3060.09,Uber,Transport,Pune,DEVICE_0089,,Transport transaction,2026-08-07T04:45:01.430392
5375,89,89,DEBIT,477.08,Uber,Transport,Pune,DEVICE_0089,,Transport transaction,2026-03-30T04:45:01.430392
5376,89,89,DEBIT,8554.62,Apollo Pharmacy,Healthcare,Pune,DEVICE_0089,,Healthcare transaction,2026-08-23T04:45:01.430392
5377,89,89,DEBIT,5295.13,Ola,Transport,Pune,DEVICE_0089,,Transport transaction,2026-08-06T04:45:01.430392
5378,89,89,DEBIT,7058.94,Reliance Fresh,Groceries,Pune,DEVICE_0089,,Groceries transaction,2026-04-23T04:45:01.430392
5379,89,89,DEBIT,6707.77,Swiggy,Food,Pune,DEVICE_0089,,Food transaction,2026-06-24T04:45:01.430392
5380,89,89,DEBIT,10467.24,Flipkart,Shopping,Pune,DEVICE_0089,,Shopping transaction,2026-05-19T04:45:01.430392
5381,89,89,DEBIT,2367.42,Uber,Transport,Pune,DEVICE_0089,,Transport transaction,2026-04-10T04:45:01.430392
5382,89,89,DEBIT,3320.63,Reliance Fresh,Groceries,Pune,DEVICE_0089,,Groceries transaction,2026-04-15T04:45:01.430392
5383,89,89,DEBIT,3737.51,Swiggy,Food,Pune,DEVICE_0089,,Food transaction,2026-09-08T04:45:01.430392
5384,89,89,DEBIT,774.49,Flipkart,Shopping,Pune,DEVICE_0089,,Shopping transaction,2026-06-21T04:45:01.430392
5385,89,89,DEBIT,5428.41,Netflix,Entertainment,Pune,DEVICE_0089,,Entertainment transaction,2026-08-07T04:45:01.430392
5386,89,89,DEBIT,9315.49,Ola,Transport,Pune,DEVICE_0089,,Transport transaction,2026-06-08T04:45:01.430392
5387,89,89,DEBIT,479.07,Netflix,Entertainment,Pune,DEVICE_0089,,Entertainment transaction,2026-05-24T04:45:01.430392
5388,89,89,DEBIT,3749.35,Apollo Pharmacy,Healthcare,Pune,DEVICE_0089,,Healthcare transaction,2026-07-29T04:45:01.430392
5389,89,89,DEBIT,6918.58,Ola,Transport,Pune,DEVICE_0089,,Transport transaction,2026-09-04T04:45:01.430392
5390,89,89,DEBIT,3300.31,Apollo Pharmacy,Healthcare,Pune,DEVICE_0089,,Healthcare transaction,2026-04-21T04:45:01.430392
5391,89,89,DEBIT,6430.34,Airtel,Utilities,Pune,DEVICE_0089,,Utilities transaction,2026-05-05T04:45:01.430392
5392,89,89,DEBIT,8120.69,Amazon,Shopping,Pune,DEVICE_0089,,Shopping transaction,2026-08-10T04:45:01.430392
5393,89,89,DEBIT,900.02,Reliance Fresh,Groceries,Pune,DEVICE_0089,,Groceries transaction,2026-08-26T04:45:01.430392
5394,89,89,DEBIT,1861.01,Swiggy,Food,Pune,DEVICE_0089,,Food transaction,2026-05-02T04:45:01.430392
5395,89,89,DEBIT,10502.52,Swiggy,Food,Pune,DEVICE_0089,,Food transaction,2026-07-14T04:45:01.430392
5396,89,89,DEBIT,8470.09,Flipkart,Shopping,Pune,DEVICE_0089,,Shopping transaction,2026-06-13T04:45:01.430392
5397,89,89,DEBIT,1089.39,Ola,Transport,Pune,DEVICE_0089,,Transport transaction,2026-06-17T04:45:01.430392
5398,89,89,DEBIT,962.47,Airtel,Utilities,Pune,DEVICE_0089,,Utilities transaction,2026-06-02T04:45:01.430392
5399,89,89,DEBIT,881.09,Netflix,Entertainment,Pune,DEVICE_0089,,Entertainment transaction,2026-05-29T04:45:01.430392
5400,89,89,DEBIT,8854.4,Apollo Pharmacy,Healthcare,Pune,DEVICE_0089,,Healthcare transaction,2026-03-19T04:45:01.430392
5401,89,89,DEBIT,6206.43,Swiggy,Food,Pune,DEVICE_0089,,Food transaction,2026-08-21T04:45:01.430392
5402,89,89,DEBIT,2471.24,Jio,Utilities,Pune,DEVICE_0089,,Utilities transaction,2026-08-03T04:45:01.430392
5403,89,89,DEBIT,8558.9,Flipkart,Shopping,Pune,DEVICE_0089,,Shopping transaction,2026-07-08T04:45:01.430392
5404,89,89,DEBIT,2822.04,Zomato,Food,Pune,DEVICE_0089,,Food transaction,2026-03-31T04:45:01.430392
5405,89,89,DEBIT,6311.5,Apollo Pharmacy,Healthcare,Pune,DEVICE_0089,,Healthcare transaction,2026-08-30T04:45:01.430392
5406,89,89,DEBIT,9437.01,Apollo Pharmacy,Healthcare,Pune,DEVICE_0089,,Healthcare transaction,2026-07-17T04:45:01.430392
5407,89,89,DEBIT,664.59,Reliance Fresh,Groceries,Pune,DEVICE_0089,,Groceries transaction,2026-07-18T04:45:01.430392
5408,89,89,DEBIT,2749.71,Airtel,Utilities,Pune,DEVICE_0089,,Utilities transaction,2026-08-04T04:45:01.430392
5409,89,89,DEBIT,1708.72,Jio,Utilities,Pune,DEVICE_0089,,Utilities transaction,2026-06-23T04:45:01.430392
5410,89,89,DEBIT,4446.77,Ola,Transport,Pune,DEVICE_0089,,Transport transaction,2026-04-03T04:45:01.430392
5411,89,89,DEBIT,4537.55,Apollo Pharmacy,Healthcare,Pune,DEVICE_0089,,Healthcare transaction,2026-05-05T04:45:01.430392
5412,89,89,DEBIT,3374.07,Airtel,Utilities,Pune,DEVICE_0089,,Utilities transaction,2026-09-06T04:45:01.430392
5413,89,89,DEBIT,8032.64,Apollo Pharmacy,Healthcare,Pune,DEVICE_0089,,Healthcare transaction,2026-05-29T04:45:01.430392
5414,89,89,DEBIT,944.77,Netflix,Entertainment,Pune,DEVICE_0089,,Entertainment transaction,2026-07-23T04:45:01.430392
5415,89,89,DEBIT,594.57,BookMyShow,Entertainment,Pune,DEVICE_0089,,Entertainment transaction,2026-07-16T04:45:01.430392
5416,89,89,DEBIT,5585.82,BookMyShow,Entertainment,Pune,DEVICE_0089,,Entertainment transaction,2026-06-15T04:45:01.430392
5417,89,89,DEBIT,1083.57,Electricity Board,Utilities,Pune,DEVICE_0089,,Utilities transaction,2026-06-10T04:45:01.430392
5418,89,89,DEBIT,10047.26,Netflix,Entertainment,Pune,DEVICE_0089,,Entertainment transaction,2026-08-01T04:45:01.430392
5419,89,89,DEBIT,2531.77,BigBasket,Groceries,Pune,DEVICE_0089,,Groceries transaction,2026-04-28T04:45:01.430392
5420,89,89,DEBIT,10229.41,Amazon,Shopping,Pune,DEVICE_0089,,Shopping transaction,2026-04-06T04:45:01.430392
5421,89,89,DEBIT,3111.14,Uber,Transport,Pune,DEVICE_0089,,Transport transaction,2026-06-09T04:45:01.430392
5422,89,89,DEBIT,4456.57,Netflix,Entertainment,Pune,DEVICE_0089,,Entertainment transaction,2026-07-23T04:45:01.430392
5423,89,89,DEBIT,6858.71,Airtel,Utilities,Pune,DEVICE_0089,,Utilities transaction,2026-06-19T04:45:01.430392
5424,89,89,DEBIT,3784.13,Zomato,Food,Pune,DEVICE_0089,,Food transaction,2026-07-08T04:45:01.430392
5425,89,89,DEBIT,1505.92,BigBasket,Groceries,Pune,DEVICE_0089,,Groceries transaction,2026-07-01T04:45:01.430392
5426,89,89,DEBIT,515.8,Reliance Fresh,Groceries,Pune,DEVICE_0089,,Groceries transaction,2026-04-11T04:45:01.430392
5427,89,89,DEBIT,7562.56,Apollo Pharmacy,Healthcare,Pune,DEVICE_0089,,Healthcare transaction,2026-06-01T04:45:01.430392
5428,89,89,DEBIT,2225.52,Zomato,Food,Pune,DEVICE_0089,,Food transaction,2026-09-02T04:45:01.430392
5429,89,89,DEBIT,9017.76,BigBasket,Groceries,Pune,DEVICE_0089,,Groceries transaction,2026-07-22T04:45:01.430392
5430,90,90,CREDIT,52813.44,Employer,Salary,Ahmedabad,DEVICE_0090,,Monthly salary credit,2026-09-06T04:45:01.430392
5431,90,90,DEBIT,2495.13,Airtel,Utilities,Ahmedabad,DEVICE_0090,,Utilities transaction,2026-06-28T04:45:01.430392
5432,90,90,DEBIT,2976.29,Jio,Utilities,Ahmedabad,DEVICE_0090,,Utilities transaction,2026-07-20T04:45:01.430392
5433,90,90,DEBIT,3491.95,BookMyShow,Entertainment,Ahmedabad,DEVICE_0090,,Entertainment transaction,2026-06-12T04:45:01.430392
5434,90,90,DEBIT,418.83,Reliance Fresh,Groceries,Ahmedabad,DEVICE_0090,,Groceries transaction,2026-04-05T04:45:01.430392
5435,90,90,DEBIT,2481.6,Zomato,Food,Ahmedabad,DEVICE_0090,,Food transaction,2026-07-10T04:45:01.430392
5436,90,90,DEBIT,2257.21,Zomato,Food,Ahmedabad,DEVICE_0090,,Food transaction,2026-06-25T04:45:01.430392
5437,90,90,DEBIT,1071.12,Amazon,Shopping,Ahmedabad,DEVICE_0090,,Shopping transaction,2026-07-28T04:45:01.430392
5438,90,90,DEBIT,1544.1,Jio,Utilities,Ahmedabad,DEVICE_0090,,Utilities transaction,2026-05-08T04:45:01.430392
5439,90,90,DEBIT,1764.03,Electricity Board,Utilities,Ahmedabad,DEVICE_0090,,Utilities transaction,2026-06-21T04:45:01.430392
5440,90,90,DEBIT,4161.6,Reliance Fresh,Groceries,Ahmedabad,DEVICE_0090,,Groceries transaction,2026-04-11T04:45:01.430392
5441,90,90,DEBIT,865.17,Airtel,Utilities,Ahmedabad,DEVICE_0090,,Utilities transaction,2026-05-10T04:45:01.430392
5442,90,90,DEBIT,2457.38,Reliance Fresh,Groceries,Ahmedabad,DEVICE_0090,,Groceries transaction,2026-07-01T04:45:01.430392
5443,90,90,DEBIT,4171.87,Airtel,Utilities,Ahmedabad,DEVICE_0090,,Utilities transaction,2026-07-11T04:45:01.430392
5444,90,90,DEBIT,2680.94,Flipkart,Shopping,Ahmedabad,DEVICE_0090,,Shopping transaction,2026-09-12T04:45:01.430392
5445,90,90,DEBIT,325.58,Jio,Utilities,Ahmedabad,DEVICE_0090,,Utilities transaction,2026-08-31T04:45:01.430392
5446,90,90,DEBIT,245.13,Jio,Utilities,Ahmedabad,DEVICE_0090,,Utilities transaction,2026-07-04T04:45:01.430392
5447,90,90,DEBIT,1421.4,Amazon,Shopping,Ahmedabad,DEVICE_0090,,Shopping transaction,2026-06-07T04:45:01.430392
5448,90,90,DEBIT,2486.69,Electricity Board,Utilities,Ahmedabad,DEVICE_0090,,Utilities transaction,2026-08-03T04:45:01.430392
5449,90,90,DEBIT,415.49,Flipkart,Shopping,Ahmedabad,DEVICE_0090,,Shopping transaction,2026-07-19T04:45:01.430392
5450,90,90,DEBIT,967.93,Apollo Pharmacy,Healthcare,Ahmedabad,DEVICE_0090,,Healthcare transaction,2026-05-27T04:45:01.430392
5451,90,90,DEBIT,3727.76,Electricity Board,Utilities,Ahmedabad,DEVICE_0090,,Utilities transaction,2026-08-24T04:45:01.430392
5452,90,90,DEBIT,1880.42,Uber,Transport,Ahmedabad,DEVICE_0090,,Transport transaction,2026-09-07T04:45:01.430392
5453,90,90,DEBIT,3301.09,Uber,Transport,Ahmedabad,DEVICE_0090,,Transport transaction,2026-08-13T04:45:01.430392
5454,90,90,DEBIT,770.91,Uber,Transport,Ahmedabad,DEVICE_0090,,Transport transaction,2026-05-19T04:45:01.430392
5455,90,90,DEBIT,3881.2,Airtel,Utilities,Ahmedabad,DEVICE_0090,,Utilities transaction,2026-08-13T04:45:01.430392
5456,90,90,DEBIT,3195.7,Apollo Pharmacy,Healthcare,Ahmedabad,DEVICE_0090,,Healthcare transaction,2026-03-22T04:45:01.430392
5457,90,90,DEBIT,322.23,Airtel,Utilities,Ahmedabad,DEVICE_0090,,Utilities transaction,2026-05-14T04:45:01.430392
5458,90,90,DEBIT,257.74,Swiggy,Food,Ahmedabad,DEVICE_0090,,Food transaction,2026-08-21T04:45:01.430392
5459,90,90,DEBIT,1145.1,Electricity Board,Utilities,Ahmedabad,DEVICE_0090,,Utilities transaction,2026-04-17T04:45:01.430392
5460,90,90,DEBIT,2443.76,Electricity Board,Utilities,Ahmedabad,DEVICE_0090,,Utilities transaction,2026-07-05T04:45:01.430392
5461,90,90,DEBIT,3029.13,Amazon,Shopping,Ahmedabad,DEVICE_0090,,Shopping transaction,2026-05-13T04:45:01.430392
5462,90,90,DEBIT,3144.08,Flipkart,Shopping,Ahmedabad,DEVICE_0090,,Shopping transaction,2026-08-04T04:45:01.430392
5463,90,90,DEBIT,462.26,Zomato,Food,Ahmedabad,DEVICE_0090,,Food transaction,2026-03-23T04:45:01.430392
5464,90,90,DEBIT,320.34,BigBasket,Groceries,Ahmedabad,DEVICE_0090,,Groceries transaction,2026-05-08T04:45:01.430392
5465,90,90,DEBIT,3542.63,BigBasket,Groceries,Ahmedabad,DEVICE_0090,,Groceries transaction,2026-05-30T04:45:01.430392
5466,90,90,DEBIT,4116.02,Swiggy,Food,Ahmedabad,DEVICE_0090,,Food transaction,2026-04-18T04:45:01.430392
5467,90,90,DEBIT,2842.9,Amazon,Shopping,Ahmedabad,DEVICE_0090,,Shopping transaction,2026-07-03T04:45:01.430392
5468,90,90,DEBIT,1333.33,Electricity Board,Utilities,Ahmedabad,DEVICE_0090,,Utilities transaction,2026-05-13T04:45:01.430392
5469,90,90,DEBIT,3427.87,Zomato,Food,Ahmedabad,DEVICE_0090,,Food transaction,2026-09-06T04:45:01.430392
5470,90,90,DEBIT,1294.67,Apollo Pharmacy,Healthcare,Ahmedabad,DEVICE_0090,,Healthcare transaction,2026-07-26T04:45:01.430392
5471,90,90,DEBIT,2975.99,Zomato,Food,Ahmedabad,DEVICE_0090,,Food transaction,2026-09-12T04:45:01.430392
5472,90,90,DEBIT,377.6,Apollo Pharmacy,Healthcare,Ahmedabad,DEVICE_0090,,Healthcare transaction,2026-04-21T04:45:01.430392
5473,90,90,DEBIT,3649.48,Jio,Utilities,Ahmedabad,DEVICE_0090,,Utilities transaction,2026-04-22T04:45:01.430392
5474,90,90,DEBIT,2166.36,Electricity Board,Utilities,Ahmedabad,DEVICE_0090,,Utilities transaction,2026-07-15T04:45:01.430392
5475,90,90,DEBIT,3615.1,Electricity Board,Utilities,Ahmedabad,DEVICE_0090,,Utilities transaction,2026-08-31T04:45:01.430392
5476,90,90,DEBIT,1665.27,Uber,Transport,Ahmedabad,DEVICE_0090,,Transport transaction,2026-04-12T04:45:01.430392
5477,90,90,DEBIT,2036.47,Ola,Transport,Ahmedabad,DEVICE_0090,,Transport transaction,2026-05-15T04:45:01.430392
5478,90,90,DEBIT,859.69,Netflix,Entertainment,Ahmedabad,DEVICE_0090,,Entertainment transaction,2026-03-28T04:45:01.430392
5479,90,90,DEBIT,3123.0,Ola,Transport,Ahmedabad,DEVICE_0090,,Transport transaction,2026-04-27T04:45:01.430392
5480,90,90,DEBIT,1490.89,Swiggy,Food,Ahmedabad,DEVICE_0090,,Food transaction,2026-04-02T04:45:01.430392
5481,90,90,DEBIT,1838.21,Ola,Transport,Ahmedabad,DEVICE_0090,,Transport transaction,2026-04-17T04:45:01.430392
5482,90,90,DEBIT,1697.77,BigBasket,Groceries,Ahmedabad,DEVICE_0090,,Groceries transaction,2026-06-16T04:45:01.430392
5483,90,90,DEBIT,1377.13,Airtel,Utilities,Ahmedabad,DEVICE_0090,,Utilities transaction,2026-03-24T04:45:01.430392
5484,90,90,DEBIT,3780.02,Airtel,Utilities,Ahmedabad,DEVICE_0090,,Utilities transaction,2026-03-24T04:45:01.430392
5485,90,90,DEBIT,1841.53,Netflix,Entertainment,Ahmedabad,DEVICE_0090,,Entertainment transaction,2026-05-25T04:45:01.430392
5486,90,90,DEBIT,2623.71,Flipkart,Shopping,Ahmedabad,DEVICE_0090,,Shopping transaction,2026-08-08T04:45:01.430392
5487,90,90,DEBIT,3922.06,Ola,Transport,Ahmedabad,DEVICE_0090,,Transport transaction,2026-03-31T04:45:01.430392
5488,90,90,DEBIT,2014.38,Reliance Fresh,Groceries,Ahmedabad,DEVICE_0090,,Groceries transaction,2026-04-27T04:45:01.430392
5489,90,90,DEBIT,2938.41,Jio,Utilities,Ahmedabad,DEVICE_0090,,Utilities transaction,2026-09-02T04:45:01.430392
5490,90,90,DEBIT,2238.11,Ola,Transport,Ahmedabad,DEVICE_0090,,Transport transaction,2026-04-05T04:45:01.430392
5491,91,91,CREDIT,123869.8,Employer,Salary,Ahmedabad,DEVICE_0091,,Monthly salary credit,2026-09-08T04:45:01.430392
5492,91,91,DEBIT,3517.28,BookMyShow,Entertainment,Ahmedabad,DEVICE_0091,,Entertainment transaction,2026-04-04T04:45:01.430392
5493,91,91,DEBIT,7431.64,Jio,Utilities,Ahmedabad,DEVICE_0091,,Utilities transaction,2026-04-19T04:45:01.430392
5494,91,91,DEBIT,9688.52,Swiggy,Food,Ahmedabad,DEVICE_0091,,Food transaction,2026-07-22T04:45:01.430392
5495,91,91,DEBIT,6930.83,Jio,Utilities,Ahmedabad,DEVICE_0091,,Utilities transaction,2026-08-23T04:45:01.430392
5496,91,91,DEBIT,4268.08,Jio,Utilities,Ahmedabad,DEVICE_0091,,Utilities transaction,2026-08-15T04:45:01.430392
5497,91,91,DEBIT,5481.98,Netflix,Entertainment,Ahmedabad,DEVICE_0091,,Entertainment transaction,2026-05-02T04:45:01.430392
5498,91,91,DEBIT,5787.52,Flipkart,Shopping,Ahmedabad,DEVICE_0091,,Shopping transaction,2026-07-09T04:45:01.430392
5499,91,91,DEBIT,6653.35,Netflix,Entertainment,Ahmedabad,DEVICE_0091,,Entertainment transaction,2026-08-01T04:45:01.430392
5500,91,91,DEBIT,2401.96,Electricity Board,Utilities,Ahmedabad,DEVICE_0091,,Utilities transaction,2026-06-19T04:45:01.430392
5501,91,91,DEBIT,1335.26,Reliance Fresh,Groceries,Ahmedabad,DEVICE_0091,,Groceries transaction,2026-06-09T04:45:01.430392
5502,91,91,DEBIT,9297.18,Netflix,Entertainment,Ahmedabad,DEVICE_0091,,Entertainment transaction,2026-05-02T04:45:01.430392
5503,91,91,DEBIT,8155.65,Apollo Pharmacy,Healthcare,Ahmedabad,DEVICE_0091,,Healthcare transaction,2026-07-18T04:45:01.430392
5504,91,91,DEBIT,3609.37,BookMyShow,Entertainment,Ahmedabad,DEVICE_0091,,Entertainment transaction,2026-05-31T04:45:01.430392
5505,91,91,DEBIT,7497.39,Electricity Board,Utilities,Ahmedabad,DEVICE_0091,,Utilities transaction,2026-08-16T04:45:01.430392
5506,91,91,DEBIT,6418.69,Zomato,Food,Ahmedabad,DEVICE_0091,,Food transaction,2026-05-19T04:45:01.430392
5507,91,91,DEBIT,8301.18,Swiggy,Food,Ahmedabad,DEVICE_0091,,Food transaction,2026-07-26T04:45:01.430392
5508,91,91,DEBIT,205.79,Electricity Board,Utilities,Ahmedabad,DEVICE_0091,,Utilities transaction,2026-05-06T04:45:01.430392
5509,91,91,DEBIT,1246.7,Airtel,Utilities,Ahmedabad,DEVICE_0091,,Utilities transaction,2026-08-07T04:45:01.430392
5510,91,91,DEBIT,6947.55,Flipkart,Shopping,Ahmedabad,DEVICE_0091,,Shopping transaction,2026-06-26T04:45:01.430392
5511,91,91,DEBIT,7538.51,Zomato,Food,Ahmedabad,DEVICE_0091,,Food transaction,2026-06-27T04:45:01.430392
5512,91,91,DEBIT,2231.67,Jio,Utilities,Ahmedabad,DEVICE_0091,,Utilities transaction,2026-04-02T04:45:01.430392
5513,91,91,DEBIT,9439.16,Flipkart,Shopping,Ahmedabad,DEVICE_0091,,Shopping transaction,2026-07-26T04:45:01.430392
5514,91,91,DEBIT,357.49,Amazon,Shopping,Ahmedabad,DEVICE_0091,,Shopping transaction,2026-06-29T04:45:01.430392
5515,91,91,DEBIT,2210.73,Flipkart,Shopping,Ahmedabad,DEVICE_0091,,Shopping transaction,2026-03-22T04:45:01.430392
5516,91,91,DEBIT,850.75,Flipkart,Shopping,Ahmedabad,DEVICE_0091,,Shopping transaction,2026-05-20T04:45:01.430392
5517,91,91,DEBIT,4296.64,Flipkart,Shopping,Ahmedabad,DEVICE_0091,,Shopping transaction,2026-06-13T04:45:01.430392
5518,91,91,DEBIT,4112.97,Apollo Pharmacy,Healthcare,Ahmedabad,DEVICE_0091,,Healthcare transaction,2026-03-18T04:45:01.430392
5519,91,91,DEBIT,3114.97,BookMyShow,Entertainment,Ahmedabad,DEVICE_0091,,Entertainment transaction,2026-06-05T04:45:01.430392
5520,91,91,DEBIT,2223.95,Ola,Transport,Ahmedabad,DEVICE_0091,,Transport transaction,2026-05-26T04:45:01.430392
5521,91,91,DEBIT,5925.65,BookMyShow,Entertainment,Ahmedabad,DEVICE_0091,,Entertainment transaction,2026-05-13T04:45:01.430392
5522,91,91,DEBIT,6169.48,Apollo Pharmacy,Healthcare,Ahmedabad,DEVICE_0091,,Healthcare transaction,2026-09-02T04:45:01.430392
5523,91,91,DEBIT,4970.64,Apollo Pharmacy,Healthcare,Ahmedabad,DEVICE_0091,,Healthcare transaction,2026-09-04T04:45:01.430392
5524,91,91,DEBIT,3303.49,Reliance Fresh,Groceries,Ahmedabad,DEVICE_0091,,Groceries transaction,2026-09-05T04:45:01.430392
5525,91,91,DEBIT,7002.84,Uber,Transport,Ahmedabad,DEVICE_0091,,Transport transaction,2026-06-06T04:45:01.430392
5526,91,91,DEBIT,5433.63,Airtel,Utilities,Ahmedabad,DEVICE_0091,,Utilities transaction,2026-08-18T04:45:01.430392
5527,91,91,DEBIT,6885.93,BigBasket,Groceries,Ahmedabad,DEVICE_0091,,Groceries transaction,2026-04-07T04:45:01.430392
5528,91,91,DEBIT,9415.58,Ola,Transport,Ahmedabad,DEVICE_0091,,Transport transaction,2026-03-21T04:45:01.430392
5529,91,91,DEBIT,9857.52,Reliance Fresh,Groceries,Ahmedabad,DEVICE_0091,,Groceries transaction,2026-06-07T04:45:01.430392
5530,91,91,DEBIT,9548.08,Amazon,Shopping,Ahmedabad,DEVICE_0091,,Shopping transaction,2026-08-21T04:45:01.430392
5531,91,91,DEBIT,2648.33,Reliance Fresh,Groceries,Ahmedabad,DEVICE_0091,,Groceries transaction,2026-08-20T04:45:01.430392
5532,91,91,DEBIT,2582.63,Flipkart,Shopping,Ahmedabad,DEVICE_0091,,Shopping transaction,2026-04-04T04:45:01.430392
5533,91,91,DEBIT,4614.81,Flipkart,Shopping,Ahmedabad,DEVICE_0091,,Shopping transaction,2026-06-18T04:45:01.430392
5534,91,91,DEBIT,6060.79,Zomato,Food,Ahmedabad,DEVICE_0091,,Food transaction,2026-05-15T04:45:01.430392
5535,91,91,DEBIT,3334.96,Amazon,Shopping,Ahmedabad,DEVICE_0091,,Shopping transaction,2026-04-24T04:45:01.430392
5536,91,91,DEBIT,7035.94,Airtel,Utilities,Ahmedabad,DEVICE_0091,,Utilities transaction,2026-05-20T04:45:01.430392
5537,91,91,DEBIT,6158.94,Zomato,Food,Ahmedabad,DEVICE_0091,,Food transaction,2026-08-19T04:45:01.430392
5538,91,91,DEBIT,6839.64,Amazon,Shopping,Ahmedabad,DEVICE_0091,,Shopping transaction,2026-04-14T04:45:01.430392
5539,91,91,DEBIT,6756.33,Jio,Utilities,Ahmedabad,DEVICE_0091,,Utilities transaction,2026-09-05T04:45:01.430392
5540,91,91,DEBIT,4515.23,Netflix,Entertainment,Ahmedabad,DEVICE_0091,,Entertainment transaction,2026-05-07T04:45:01.430392
5541,91,91,DEBIT,4697.28,Swiggy,Food,Ahmedabad,DEVICE_0091,,Food transaction,2026-03-18T04:45:01.430392
5542,91,91,DEBIT,3969.05,BookMyShow,Entertainment,Ahmedabad,DEVICE_0091,,Entertainment transaction,2026-04-28T04:45:01.430392
5543,91,91,DEBIT,7232.95,Apollo Pharmacy,Healthcare,Ahmedabad,DEVICE_0091,,Healthcare transaction,2026-07-10T04:45:01.430392
5544,91,91,DEBIT,1342.51,BookMyShow,Entertainment,Ahmedabad,DEVICE_0091,,Entertainment transaction,2026-05-03T04:45:01.430392
5545,91,91,DEBIT,1888.68,Reliance Fresh,Groceries,Ahmedabad,DEVICE_0091,,Groceries transaction,2026-05-20T04:45:01.430392
5546,91,91,DEBIT,8487.66,Uber,Transport,Ahmedabad,DEVICE_0091,,Transport transaction,2026-09-02T04:45:01.430392
5547,91,91,DEBIT,6036.63,Uber,Transport,Ahmedabad,DEVICE_0091,,Transport transaction,2026-05-26T04:45:01.430392
5548,91,91,DEBIT,6868.61,Flipkart,Shopping,Ahmedabad,DEVICE_0091,,Shopping transaction,2026-08-24T04:45:01.430392
5549,91,91,DEBIT,4881.44,Zomato,Food,Ahmedabad,DEVICE_0091,,Food transaction,2026-07-11T04:45:01.430392
5550,91,91,DEBIT,3960.56,Amazon,Shopping,Ahmedabad,DEVICE_0091,,Shopping transaction,2026-03-29T04:45:01.430392
5551,91,91,DEBIT,7700.29,Swiggy,Food,Ahmedabad,DEVICE_0091,,Food transaction,2026-09-01T04:45:01.430392
5552,92,92,CREDIT,99200.7,Employer,Salary,Surat,DEVICE_0092,,Monthly salary credit,2026-09-03T04:45:01.430392
5553,92,92,DEBIT,1928.41,Swiggy,Food,Surat,DEVICE_0092,,Food transaction,2026-03-22T04:45:01.430392
5554,92,92,DEBIT,6741.13,BookMyShow,Entertainment,Surat,DEVICE_0092,,Entertainment transaction,2026-07-16T04:45:01.430392
5555,92,92,DEBIT,3639.96,Electricity Board,Utilities,Surat,DEVICE_0092,,Utilities transaction,2026-03-17T04:45:01.430392
5556,92,92,DEBIT,985.5,Flipkart,Shopping,Surat,DEVICE_0092,,Shopping transaction,2026-08-08T04:45:01.430392
5557,92,92,DEBIT,5927.44,Swiggy,Food,Surat,DEVICE_0092,,Food transaction,2026-04-11T04:45:01.430392
5558,92,92,DEBIT,383.18,BookMyShow,Entertainment,Surat,DEVICE_0092,,Entertainment transaction,2026-05-08T04:45:01.430392
5559,92,92,DEBIT,6345.04,Ola,Transport,Surat,DEVICE_0092,,Transport transaction,2026-05-25T04:45:01.430392
5560,92,92,DEBIT,5680.29,Amazon,Shopping,Surat,DEVICE_0092,,Shopping transaction,2026-03-19T04:45:01.430392
5561,92,92,DEBIT,5111.1,Ola,Transport,Surat,DEVICE_0092,,Transport transaction,2026-08-16T04:45:01.430392
5562,92,92,DEBIT,3864.24,BigBasket,Groceries,Surat,DEVICE_0092,,Groceries transaction,2026-07-03T04:45:01.430392
5563,92,92,DEBIT,4511.16,BigBasket,Groceries,Surat,DEVICE_0092,,Groceries transaction,2026-05-27T04:45:01.430392
5564,92,92,DEBIT,704.2,Flipkart,Shopping,Surat,DEVICE_0092,,Shopping transaction,2026-07-07T04:45:01.430392
5565,92,92,DEBIT,2966.74,Apollo Pharmacy,Healthcare,Surat,DEVICE_0092,,Healthcare transaction,2026-06-02T04:45:01.430392
5566,92,92,DEBIT,7311.56,Netflix,Entertainment,Surat,DEVICE_0092,,Entertainment transaction,2026-08-08T04:45:01.430392
5567,92,92,DEBIT,386.51,Flipkart,Shopping,Surat,DEVICE_0092,,Shopping transaction,2026-08-21T04:45:01.430392
5568,92,92,DEBIT,1645.02,BookMyShow,Entertainment,Surat,DEVICE_0092,,Entertainment transaction,2026-07-24T04:45:01.430392
5569,92,92,DEBIT,5304.73,Reliance Fresh,Groceries,Surat,DEVICE_0092,,Groceries transaction,2026-04-26T04:45:01.430392
5570,92,92,DEBIT,4511.83,Ola,Transport,Surat,DEVICE_0092,,Transport transaction,2026-05-13T04:45:01.430392
5571,92,92,DEBIT,7710.67,Flipkart,Shopping,Surat,DEVICE_0092,,Shopping transaction,2026-03-28T04:45:01.430392
5572,92,92,DEBIT,4703.32,Swiggy,Food,Surat,DEVICE_0092,,Food transaction,2026-08-14T04:45:01.430392
5573,92,92,DEBIT,507.55,Netflix,Entertainment,Surat,DEVICE_0092,,Entertainment transaction,2026-07-23T04:45:01.430392
5574,92,92,DEBIT,2523.47,Swiggy,Food,Surat,DEVICE_0092,,Food transaction,2026-03-17T04:45:01.430392
5575,92,92,DEBIT,286.59,BigBasket,Groceries,Surat,DEVICE_0092,,Groceries transaction,2026-08-28T04:45:01.430392
5576,92,92,DEBIT,6296.69,Netflix,Entertainment,Surat,DEVICE_0092,,Entertainment transaction,2026-08-15T04:45:01.430392
5577,92,92,DEBIT,5351.53,Netflix,Entertainment,Surat,DEVICE_0092,,Entertainment transaction,2026-04-16T04:45:01.430392
5578,92,92,DEBIT,268.52,Netflix,Entertainment,Surat,DEVICE_0092,,Entertainment transaction,2026-08-08T04:45:01.430392
5579,92,92,DEBIT,7322.83,Ola,Transport,Surat,DEVICE_0092,,Transport transaction,2026-05-13T04:45:01.430392
5580,92,92,DEBIT,1852.12,Airtel,Utilities,Surat,DEVICE_0092,,Utilities transaction,2026-03-27T04:45:01.430392
5581,92,92,DEBIT,3899.97,Reliance Fresh,Groceries,Surat,DEVICE_0092,,Groceries transaction,2026-07-20T04:45:01.430392
5582,92,92,DEBIT,1533.84,Flipkart,Shopping,Surat,DEVICE_0092,,Shopping transaction,2026-04-24T04:45:01.430392
5583,92,92,DEBIT,5050.74,Apollo Pharmacy,Healthcare,Surat,DEVICE_0092,,Healthcare transaction,2026-08-25T04:45:01.430392
5584,92,92,DEBIT,5360.59,Swiggy,Food,Surat,DEVICE_0092,,Food transaction,2026-05-05T04:45:01.430392
5585,92,92,DEBIT,6862.18,Swiggy,Food,Surat,DEVICE_0092,,Food transaction,2026-08-26T04:45:01.430392
5586,92,92,DEBIT,4171.57,Reliance Fresh,Groceries,Surat,DEVICE_0092,,Groceries transaction,2026-08-25T04:45:01.430392
5587,92,92,DEBIT,1474.38,BookMyShow,Entertainment,Surat,DEVICE_0092,,Entertainment transaction,2026-04-05T04:45:01.430392
5588,92,92,DEBIT,3398.93,Airtel,Utilities,Surat,DEVICE_0092,,Utilities transaction,2026-04-05T04:45:01.430392
5589,92,92,DEBIT,7453.39,Ola,Transport,Surat,DEVICE_0092,,Transport transaction,2026-07-07T04:45:01.430392
5590,92,92,DEBIT,661.63,BigBasket,Groceries,Surat,DEVICE_0092,,Groceries transaction,2026-05-25T04:45:01.430392
5591,92,92,DEBIT,6935.54,Amazon,Shopping,Surat,DEVICE_0092,,Shopping transaction,2026-06-03T04:45:01.430392
5592,92,92,DEBIT,1690.01,Amazon,Shopping,Surat,DEVICE_0092,,Shopping transaction,2026-06-09T04:45:01.430392
5593,92,92,DEBIT,3679.9,BigBasket,Groceries,Surat,DEVICE_0092,,Groceries transaction,2026-07-17T04:45:01.430392
5594,92,92,DEBIT,7220.53,Electricity Board,Utilities,Surat,DEVICE_0092,,Utilities transaction,2026-05-13T04:45:01.430392
5595,92,92,DEBIT,7544.52,BookMyShow,Entertainment,Surat,DEVICE_0092,,Entertainment transaction,2026-05-05T04:45:01.430392
5596,92,92,DEBIT,5197.81,BigBasket,Groceries,Surat,DEVICE_0092,,Groceries transaction,2026-04-03T04:45:01.430392
5597,92,92,DEBIT,2067.02,Swiggy,Food,Surat,DEVICE_0092,,Food transaction,2026-05-02T04:45:01.430392
5598,92,92,DEBIT,4045.85,Uber,Transport,Surat,DEVICE_0092,,Transport transaction,2026-08-24T04:45:01.430392
5599,92,92,DEBIT,4840.25,BigBasket,Groceries,Surat,DEVICE_0092,,Groceries transaction,2026-05-29T04:45:01.430392
5600,92,92,DEBIT,4545.24,Flipkart,Shopping,Surat,DEVICE_0092,,Shopping transaction,2026-03-16T04:45:01.430392
5601,92,92,DEBIT,1326.09,Airtel,Utilities,Surat,DEVICE_0092,,Utilities transaction,2026-04-01T04:45:01.430392
5602,92,92,DEBIT,3058.64,Amazon,Shopping,Surat,DEVICE_0092,,Shopping transaction,2026-06-04T04:45:01.430392
5603,92,92,DEBIT,3793.45,Uber,Transport,Surat,DEVICE_0092,,Transport transaction,2026-06-17T04:45:01.430392
5604,92,92,DEBIT,6669.85,Uber,Transport,Surat,DEVICE_0092,,Transport transaction,2026-04-11T04:45:01.430392
5605,92,92,DEBIT,7311.96,Ola,Transport,Surat,DEVICE_0092,,Transport transaction,2026-05-15T04:45:01.430392
5606,92,92,DEBIT,3973.55,Netflix,Entertainment,Surat,DEVICE_0092,,Entertainment transaction,2026-03-20T04:45:01.430392
5607,92,92,DEBIT,5578.49,BookMyShow,Entertainment,Surat,DEVICE_0092,,Entertainment transaction,2026-03-22T04:45:01.430392
5608,92,92,DEBIT,4836.54,BookMyShow,Entertainment,Surat,DEVICE_0092,,Entertainment transaction,2026-04-19T04:45:01.430392
5609,92,92,DEBIT,3830.75,Swiggy,Food,Surat,DEVICE_0092,,Food transaction,2026-08-20T04:45:01.430392
5610,92,92,DEBIT,3988.16,Electricity Board,Utilities,Surat,DEVICE_0092,,Utilities transaction,2026-06-17T04:45:01.430392
5611,92,92,DEBIT,4199.52,Netflix,Entertainment,Surat,DEVICE_0092,,Entertainment transaction,2026-04-04T04:45:01.430392
5612,92,92,DEBIT,2146.34,Flipkart,Shopping,Surat,DEVICE_0092,,Shopping transaction,2026-07-06T04:45:01.430392
5613,93,93,CREDIT,101220.72,Employer,Salary,Hyderabad,DEVICE_0093,,Monthly salary credit,2026-09-04T04:45:01.430392
5614,93,93,DEBIT,2482.0,Jio,Utilities,Hyderabad,DEVICE_0093,,Utilities transaction,2026-05-04T04:45:01.430392
5615,93,93,DEBIT,2672.37,Zomato,Food,Hyderabad,DEVICE_0093,,Food transaction,2026-06-22T04:45:01.430392
5616,93,93,DEBIT,4670.19,Zomato,Food,Hyderabad,DEVICE_0093,,Food transaction,2026-06-15T04:45:01.430392
5617,93,93,DEBIT,1715.14,Uber,Transport,Hyderabad,DEVICE_0093,,Transport transaction,2026-06-19T04:45:01.430392
5618,93,93,DEBIT,5539.61,Netflix,Entertainment,Hyderabad,DEVICE_0093,,Entertainment transaction,2026-07-03T04:45:01.430392
5619,93,93,DEBIT,4920.91,Uber,Transport,Hyderabad,DEVICE_0093,,Transport transaction,2026-03-25T04:45:01.430392
5620,93,93,DEBIT,1687.55,Apollo Pharmacy,Healthcare,Hyderabad,DEVICE_0093,,Healthcare transaction,2026-04-09T04:45:01.430392
5621,93,93,DEBIT,1299.97,Airtel,Utilities,Hyderabad,DEVICE_0093,,Utilities transaction,2026-03-20T04:45:01.430392
5622,93,93,DEBIT,1700.29,Uber,Transport,Hyderabad,DEVICE_0093,,Transport transaction,2026-03-21T04:45:01.430392
5623,93,93,DEBIT,5828.04,Ola,Transport,Hyderabad,DEVICE_0093,,Transport transaction,2026-04-24T04:45:01.430392
5624,93,93,DEBIT,1814.79,Ola,Transport,Hyderabad,DEVICE_0093,,Transport transaction,2026-05-17T04:45:01.430392
5625,93,93,DEBIT,4307.67,BookMyShow,Entertainment,Hyderabad,DEVICE_0093,,Entertainment transaction,2026-08-13T04:45:01.430392
5626,93,93,DEBIT,5907.97,Electricity Board,Utilities,Hyderabad,DEVICE_0093,,Utilities transaction,2026-06-30T04:45:01.430392
5627,93,93,DEBIT,2150.94,Apollo Pharmacy,Healthcare,Hyderabad,DEVICE_0093,,Healthcare transaction,2026-04-12T04:45:01.430392
5628,93,93,DEBIT,5202.73,Airtel,Utilities,Hyderabad,DEVICE_0093,,Utilities transaction,2026-06-18T04:45:01.430392
5629,93,93,DEBIT,7207.38,Swiggy,Food,Hyderabad,DEVICE_0093,,Food transaction,2026-05-08T04:45:01.430392
5630,93,93,DEBIT,2139.93,Ola,Transport,Hyderabad,DEVICE_0093,,Transport transaction,2026-05-12T04:45:01.430392
5631,93,93,DEBIT,2338.22,Electricity Board,Utilities,Hyderabad,DEVICE_0093,,Utilities transaction,2026-04-20T04:45:01.430392
5632,93,93,DEBIT,4444.27,Reliance Fresh,Groceries,Hyderabad,DEVICE_0093,,Groceries transaction,2026-08-06T04:45:01.430392
5633,93,93,DEBIT,4985.85,Uber,Transport,Hyderabad,DEVICE_0093,,Transport transaction,2026-07-10T04:45:01.430392
5634,93,93,DEBIT,7833.19,Flipkart,Shopping,Hyderabad,DEVICE_0093,,Shopping transaction,2026-04-25T04:45:01.430392
5635,93,93,DEBIT,225.8,BigBasket,Groceries,Hyderabad,DEVICE_0093,,Groceries transaction,2026-07-26T04:45:01.430392
5636,93,93,DEBIT,7577.38,Airtel,Utilities,Hyderabad,DEVICE_0093,,Utilities transaction,2026-05-09T04:45:01.430392
5637,93,93,DEBIT,7582.34,Reliance Fresh,Groceries,Hyderabad,DEVICE_0093,,Groceries transaction,2026-04-25T04:45:01.430392
5638,93,93,DEBIT,6685.23,BookMyShow,Entertainment,Hyderabad,DEVICE_0093,,Entertainment transaction,2026-05-05T04:45:01.430392
5639,93,93,DEBIT,3520.91,BookMyShow,Entertainment,Hyderabad,DEVICE_0093,,Entertainment transaction,2026-07-06T04:45:01.430392
5640,93,93,DEBIT,7952.16,Amazon,Shopping,Hyderabad,DEVICE_0093,,Shopping transaction,2026-04-05T04:45:01.430392
5641,93,93,DEBIT,4901.25,Reliance Fresh,Groceries,Hyderabad,DEVICE_0093,,Groceries transaction,2026-05-14T04:45:01.430392
5642,93,93,DEBIT,3255.48,BigBasket,Groceries,Hyderabad,DEVICE_0093,,Groceries transaction,2026-08-13T04:45:01.430392
5643,93,93,DEBIT,1630.3,Swiggy,Food,Hyderabad,DEVICE_0093,,Food transaction,2026-06-12T04:45:01.430392
5644,93,93,DEBIT,6528.39,Airtel,Utilities,Hyderabad,DEVICE_0093,,Utilities transaction,2026-08-30T04:45:01.430392
5645,93,93,DEBIT,6890.7,Amazon,Shopping,Hyderabad,DEVICE_0093,,Shopping transaction,2026-07-03T04:45:01.430392
5646,93,93,DEBIT,4531.79,Flipkart,Shopping,Hyderabad,DEVICE_0093,,Shopping transaction,2026-07-06T04:45:01.430392
5647,93,93,DEBIT,6390.74,Swiggy,Food,Hyderabad,DEVICE_0093,,Food transaction,2026-03-21T04:45:01.430392
5648,93,93,DEBIT,1818.17,BigBasket,Groceries,Hyderabad,DEVICE_0093,,Groceries transaction,2026-03-27T04:45:01.430392
5649,93,93,DEBIT,672.91,BookMyShow,Entertainment,Hyderabad,DEVICE_0093,,Entertainment transaction,2026-08-15T04:45:01.430392
5650,93,93,DEBIT,7914.72,Ola,Transport,Hyderabad,DEVICE_0093,,Transport transaction,2026-07-04T04:45:01.430392
5651,93,93,DEBIT,3594.43,Uber,Transport,Hyderabad,DEVICE_0093,,Transport transaction,2026-07-15T04:45:01.430392
5652,93,93,DEBIT,5083.22,Zomato,Food,Hyderabad,DEVICE_0093,,Food transaction,2026-04-19T04:45:01.430392
5653,93,93,DEBIT,2306.59,Airtel,Utilities,Hyderabad,DEVICE_0093,,Utilities transaction,2026-04-24T04:45:01.430392
5654,93,93,DEBIT,6840.1,Ola,Transport,Hyderabad,DEVICE_0093,,Transport transaction,2026-08-05T04:45:01.430392
5655,93,93,DEBIT,4573.01,Amazon,Shopping,Hyderabad,DEVICE_0093,,Shopping transaction,2026-06-23T04:45:01.430392
5656,93,93,DEBIT,1936.48,Airtel,Utilities,Hyderabad,DEVICE_0093,,Utilities transaction,2026-06-06T04:45:01.430392
5657,93,93,DEBIT,4478.25,Zomato,Food,Hyderabad,DEVICE_0093,,Food transaction,2026-09-08T04:45:01.430392
5658,93,93,DEBIT,920.09,Swiggy,Food,Hyderabad,DEVICE_0093,,Food transaction,2026-04-08T04:45:01.430392
5659,93,93,DEBIT,6593.55,Uber,Transport,Hyderabad,DEVICE_0093,,Transport transaction,2026-08-12T04:45:01.430392
5660,93,93,DEBIT,2144.35,Flipkart,Shopping,Hyderabad,DEVICE_0093,,Shopping transaction,2026-05-31T04:45:01.430392
5661,93,93,DEBIT,2111.43,Zomato,Food,Hyderabad,DEVICE_0093,,Food transaction,2026-04-09T04:45:01.430392
5662,93,93,DEBIT,7243.8,Swiggy,Food,Hyderabad,DEVICE_0093,,Food transaction,2026-07-18T04:45:01.430392
5663,93,93,DEBIT,1048.11,Uber,Transport,Hyderabad,DEVICE_0093,,Transport transaction,2026-07-13T04:45:01.430392
5664,93,93,DEBIT,2636.38,Apollo Pharmacy,Healthcare,Hyderabad,DEVICE_0093,,Healthcare transaction,2026-04-17T04:45:01.430392
5665,93,93,DEBIT,4936.35,Jio,Utilities,Hyderabad,DEVICE_0093,,Utilities transaction,2026-06-06T04:45:01.430392
5666,93,93,DEBIT,1885.26,Reliance Fresh,Groceries,Hyderabad,DEVICE_0093,,Groceries transaction,2026-08-18T04:45:01.430392
5667,93,93,DEBIT,847.59,Jio,Utilities,Hyderabad,DEVICE_0093,,Utilities transaction,2026-05-22T04:45:01.430392
5668,93,93,DEBIT,1387.69,Reliance Fresh,Groceries,Hyderabad,DEVICE_0093,,Groceries transaction,2026-06-06T04:45:01.430392
5669,93,93,DEBIT,5057.48,Jio,Utilities,Hyderabad,DEVICE_0093,,Utilities transaction,2026-06-07T04:45:01.430392
5670,93,93,DEBIT,4474.72,Amazon,Shopping,Hyderabad,DEVICE_0093,,Shopping transaction,2026-07-05T04:45:01.430392
5671,93,93,DEBIT,7164.2,Zomato,Food,Hyderabad,DEVICE_0093,,Food transaction,2026-05-10T04:45:01.430392
5672,93,93,DEBIT,6435.89,BigBasket,Groceries,Hyderabad,DEVICE_0093,,Groceries transaction,2026-05-01T04:45:01.430392
5673,93,93,DEBIT,2743.68,Ola,Transport,Hyderabad,DEVICE_0093,,Transport transaction,2026-05-08T04:45:01.430392
5674,94,94,CREDIT,43359.99,Employer,Salary,Hyderabad,DEVICE_0094,,Monthly salary credit,2026-08-27T04:45:01.430392
5675,94,94,DEBIT,1467.97,BookMyShow,Entertainment,Hyderabad,DEVICE_0094,,Entertainment transaction,2026-05-22T04:45:01.430392
5676,94,94,DEBIT,871.64,BookMyShow,Entertainment,Hyderabad,DEVICE_0094,,Entertainment transaction,2026-08-07T04:45:01.430392
5677,94,94,DEBIT,452.86,Electricity Board,Utilities,Hyderabad,DEVICE_0094,,Utilities transaction,2026-03-18T04:45:01.430392
5678,94,94,DEBIT,1434.51,Apollo Pharmacy,Healthcare,Hyderabad,DEVICE_0094,,Healthcare transaction,2026-06-01T04:45:01.430392
5679,94,94,DEBIT,912.36,Zomato,Food,Hyderabad,DEVICE_0094,,Food transaction,2026-06-14T04:45:01.430392
5680,94,94,DEBIT,1096.11,BigBasket,Groceries,Hyderabad,DEVICE_0094,,Groceries transaction,2026-06-30T04:45:01.430392
5681,94,94,DEBIT,1440.33,Zomato,Food,Hyderabad,DEVICE_0094,,Food transaction,2026-05-15T04:45:01.430392
5682,94,94,DEBIT,2444.01,Amazon,Shopping,Hyderabad,DEVICE_0094,,Shopping transaction,2026-04-21T04:45:01.430392
5683,94,94,DEBIT,2309.94,Zomato,Food,Hyderabad,DEVICE_0094,,Food transaction,2026-08-27T04:45:01.430392
5684,94,94,DEBIT,2530.88,Reliance Fresh,Groceries,Hyderabad,DEVICE_0094,,Groceries transaction,2026-09-07T04:45:01.430392
5685,94,94,DEBIT,2068.63,BigBasket,Groceries,Hyderabad,DEVICE_0094,,Groceries transaction,2026-06-12T04:45:01.430392
5686,94,94,DEBIT,266.99,BigBasket,Groceries,Hyderabad,DEVICE_0094,,Groceries transaction,2026-05-24T04:45:01.430392
5687,94,94,DEBIT,1655.69,Electricity Board,Utilities,Hyderabad,DEVICE_0094,,Utilities transaction,2026-05-27T04:45:01.430392
5688,94,94,DEBIT,1629.65,Flipkart,Shopping,Hyderabad,DEVICE_0094,,Shopping transaction,2026-06-15T04:45:01.430392
5689,94,94,DEBIT,1079.7,Zomato,Food,Hyderabad,DEVICE_0094,,Food transaction,2026-07-08T04:45:01.430392
5690,94,94,DEBIT,716.79,Reliance Fresh,Groceries,Hyderabad,DEVICE_0094,,Groceries transaction,2026-07-18T04:45:01.430392
5691,94,94,DEBIT,2113.86,Jio,Utilities,Hyderabad,DEVICE_0094,,Utilities transaction,2026-05-03T04:45:01.430392
5692,94,94,DEBIT,1935.53,BookMyShow,Entertainment,Hyderabad,DEVICE_0094,,Entertainment transaction,2026-07-24T04:45:01.430392
5693,94,94,DEBIT,318.64,Jio,Utilities,Hyderabad,DEVICE_0094,,Utilities transaction,2026-06-07T04:45:01.430392
5694,94,94,DEBIT,356.83,Ola,Transport,Hyderabad,DEVICE_0094,,Transport transaction,2026-07-16T04:45:01.430392
5695,94,94,DEBIT,2511.38,Flipkart,Shopping,Hyderabad,DEVICE_0094,,Shopping transaction,2026-08-03T04:45:01.430392
5696,94,94,DEBIT,2211.78,Flipkart,Shopping,Hyderabad,DEVICE_0094,,Shopping transaction,2026-04-24T04:45:01.430392
5697,94,94,DEBIT,1018.48,Amazon,Shopping,Hyderabad,DEVICE_0094,,Shopping transaction,2026-05-01T04:45:01.430392
5698,94,94,DEBIT,1681.1,Uber,Transport,Hyderabad,DEVICE_0094,,Transport transaction,2026-06-29T04:45:01.430392
5699,94,94,DEBIT,3006.26,Swiggy,Food,Hyderabad,DEVICE_0094,,Food transaction,2026-07-03T04:45:01.430392
5700,94,94,DEBIT,3194.1,Jio,Utilities,Hyderabad,DEVICE_0094,,Utilities transaction,2026-07-16T04:45:01.430392
5701,94,94,DEBIT,1218.55,BigBasket,Groceries,Hyderabad,DEVICE_0094,,Groceries transaction,2026-05-02T04:45:01.430392
5702,94,94,DEBIT,957.76,Flipkart,Shopping,Hyderabad,DEVICE_0094,,Shopping transaction,2026-08-20T04:45:01.430392
5703,94,94,DEBIT,370.46,BookMyShow,Entertainment,Hyderabad,DEVICE_0094,,Entertainment transaction,2026-03-29T04:45:01.430392
5704,94,94,DEBIT,2763.6,Airtel,Utilities,Hyderabad,DEVICE_0094,,Utilities transaction,2026-07-29T04:45:01.430392
5705,94,94,DEBIT,1991.1,Uber,Transport,Hyderabad,DEVICE_0094,,Transport transaction,2026-05-27T04:45:01.430392
5706,94,94,DEBIT,972.24,Swiggy,Food,Hyderabad,DEVICE_0094,,Food transaction,2026-07-24T04:45:01.430392
5707,94,94,DEBIT,2529.11,BookMyShow,Entertainment,Hyderabad,DEVICE_0094,,Entertainment transaction,2026-08-26T04:45:01.430392
5708,94,94,DEBIT,531.82,Airtel,Utilities,Hyderabad,DEVICE_0094,,Utilities transaction,2026-07-29T04:45:01.430392
5709,94,94,DEBIT,605.78,Netflix,Entertainment,Hyderabad,DEVICE_0094,,Entertainment transaction,2026-05-17T04:45:01.430392
5710,94,94,DEBIT,2687.1,Netflix,Entertainment,Hyderabad,DEVICE_0094,,Entertainment transaction,2026-07-29T04:45:01.430392
5711,94,94,DEBIT,1944.42,Swiggy,Food,Hyderabad,DEVICE_0094,,Food transaction,2026-07-27T04:45:01.430392
5712,94,94,DEBIT,2772.25,Zomato,Food,Hyderabad,DEVICE_0094,,Food transaction,2026-06-21T04:45:01.430392
5713,94,94,DEBIT,761.56,Jio,Utilities,Hyderabad,DEVICE_0094,,Utilities transaction,2026-07-05T04:45:01.430392
5714,94,94,DEBIT,2858.53,Netflix,Entertainment,Hyderabad,DEVICE_0094,,Entertainment transaction,2026-05-07T04:45:01.430392
5715,94,94,DEBIT,3125.05,Netflix,Entertainment,Hyderabad,DEVICE_0094,,Entertainment transaction,2026-06-04T04:45:01.430392
5716,94,94,DEBIT,745.89,Swiggy,Food,Hyderabad,DEVICE_0094,,Food transaction,2026-05-15T04:45:01.430392
5717,94,94,DEBIT,2967.16,Swiggy,Food,Hyderabad,DEVICE_0094,,Food transaction,2026-07-13T04:45:01.430392
5718,94,94,DEBIT,2190.6,Jio,Utilities,Hyderabad,DEVICE_0094,,Utilities transaction,2026-06-10T04:45:01.430392
5719,94,94,DEBIT,2759.98,BookMyShow,Entertainment,Hyderabad,DEVICE_0094,,Entertainment transaction,2026-05-17T04:45:01.430392
5720,94,94,DEBIT,1687.12,Zomato,Food,Hyderabad,DEVICE_0094,,Food transaction,2026-08-15T04:45:01.430392
5721,94,94,DEBIT,1011.36,Electricity Board,Utilities,Hyderabad,DEVICE_0094,,Utilities transaction,2026-04-02T04:45:01.430392
5722,94,94,DEBIT,2666.35,BookMyShow,Entertainment,Hyderabad,DEVICE_0094,,Entertainment transaction,2026-08-26T04:45:01.430392
5723,94,94,DEBIT,644.24,BigBasket,Groceries,Hyderabad,DEVICE_0094,,Groceries transaction,2026-07-01T04:45:01.430392
5724,94,94,DEBIT,1928.85,Reliance Fresh,Groceries,Hyderabad,DEVICE_0094,,Groceries transaction,2026-05-10T04:45:01.430392
5725,94,94,DEBIT,2665.52,Apollo Pharmacy,Healthcare,Hyderabad,DEVICE_0094,,Healthcare transaction,2026-04-25T04:45:01.430392
5726,94,94,DEBIT,2573.92,Netflix,Entertainment,Hyderabad,DEVICE_0094,,Entertainment transaction,2026-05-01T04:45:01.430392
5727,94,94,DEBIT,3344.93,Reliance Fresh,Groceries,Hyderabad,DEVICE_0094,,Groceries transaction,2026-05-02T04:45:01.430392
5728,94,94,DEBIT,2770.53,Ola,Transport,Hyderabad,DEVICE_0094,,Transport transaction,2026-04-18T04:45:01.430392
5729,94,94,DEBIT,2938.04,Electricity Board,Utilities,Hyderabad,DEVICE_0094,,Utilities transaction,2026-06-01T04:45:01.430392
5730,94,94,DEBIT,1021.87,Airtel,Utilities,Hyderabad,DEVICE_0094,,Utilities transaction,2026-05-31T04:45:01.430392
5731,94,94,DEBIT,1844.7,Swiggy,Food,Hyderabad,DEVICE_0094,,Food transaction,2026-05-08T04:45:01.430392
5732,94,94,DEBIT,2830.86,Swiggy,Food,Hyderabad,DEVICE_0094,,Food transaction,2026-07-22T04:45:01.430392
5733,94,94,DEBIT,2160.62,Flipkart,Shopping,Hyderabad,DEVICE_0094,,Shopping transaction,2026-06-10T04:45:01.430392
5734,94,94,DEBIT,1175.55,Jio,Utilities,Hyderabad,DEVICE_0094,,Utilities transaction,2026-04-11T04:45:01.430392
5735,95,95,CREDIT,94829.74,Employer,Salary,Bengaluru,DEVICE_0095,,Monthly salary credit,2026-08-30T04:45:01.430392
5736,95,95,DEBIT,2976.87,BigBasket,Groceries,Bengaluru,DEVICE_0095,,Groceries transaction,2026-06-09T04:45:01.430392
5737,95,95,DEBIT,2523.35,Amazon,Shopping,Bengaluru,DEVICE_0095,,Shopping transaction,2026-07-24T04:45:01.430392
5738,95,95,DEBIT,318.49,Airtel,Utilities,Bengaluru,DEVICE_0095,,Utilities transaction,2026-05-24T04:45:01.430392
5739,95,95,DEBIT,4915.86,Airtel,Utilities,Bengaluru,DEVICE_0095,,Utilities transaction,2026-08-06T04:45:01.430392
5740,95,95,DEBIT,6590.67,Reliance Fresh,Groceries,Bengaluru,DEVICE_0095,,Groceries transaction,2026-08-08T04:45:01.430392
5741,95,95,DEBIT,6063.02,Apollo Pharmacy,Healthcare,Bengaluru,DEVICE_0095,,Healthcare transaction,2026-06-03T04:45:01.430392
5742,95,95,DEBIT,1251.19,Zomato,Food,Bengaluru,DEVICE_0095,,Food transaction,2026-07-16T04:45:01.430392
5743,95,95,DEBIT,2068.16,Reliance Fresh,Groceries,Bengaluru,DEVICE_0095,,Groceries transaction,2026-06-02T04:45:01.430392
5744,95,95,DEBIT,5465.68,Reliance Fresh,Groceries,Bengaluru,DEVICE_0095,,Groceries transaction,2026-06-09T04:45:01.430392
5745,95,95,DEBIT,3622.1,Zomato,Food,Bengaluru,DEVICE_0095,,Food transaction,2026-05-29T04:45:01.430392
5746,95,95,DEBIT,2012.37,Amazon,Shopping,Bengaluru,DEVICE_0095,,Shopping transaction,2026-08-06T04:45:01.430392
5747,95,95,DEBIT,7015.76,Apollo Pharmacy,Healthcare,Bengaluru,DEVICE_0095,,Healthcare transaction,2026-06-29T04:45:01.430392
5748,95,95,DEBIT,592.36,Ola,Transport,Bengaluru,DEVICE_0095,,Transport transaction,2026-05-16T04:45:01.430392
5749,95,95,DEBIT,6752.06,BigBasket,Groceries,Bengaluru,DEVICE_0095,,Groceries transaction,2026-05-25T04:45:01.430392
5750,95,95,DEBIT,4618.8,Flipkart,Shopping,Bengaluru,DEVICE_0095,,Shopping transaction,2026-06-14T04:45:01.430392
5751,95,95,DEBIT,3985.97,Jio,Utilities,Bengaluru,DEVICE_0095,,Utilities transaction,2026-05-13T04:45:01.430392
5752,95,95,DEBIT,7098.71,Amazon,Shopping,Bengaluru,DEVICE_0095,,Shopping transaction,2026-05-13T04:45:01.430392
5753,95,95,DEBIT,2803.57,Flipkart,Shopping,Bengaluru,DEVICE_0095,,Shopping transaction,2026-07-25T04:45:01.430392
5754,95,95,DEBIT,7010.13,Uber,Transport,Bengaluru,DEVICE_0095,,Transport transaction,2026-08-01T04:45:01.430392
5755,95,95,DEBIT,7528.02,Amazon,Shopping,Bengaluru,DEVICE_0095,,Shopping transaction,2026-08-06T04:45:01.430392
5756,95,95,DEBIT,5452.49,Electricity Board,Utilities,Bengaluru,DEVICE_0095,,Utilities transaction,2026-07-05T04:45:01.430392
5757,95,95,DEBIT,382.32,Amazon,Shopping,Bengaluru,DEVICE_0095,,Shopping transaction,2026-07-19T04:45:01.430392
5758,95,95,DEBIT,4048.98,Apollo Pharmacy,Healthcare,Bengaluru,DEVICE_0095,,Healthcare transaction,2026-09-06T04:45:01.430392
5759,95,95,DEBIT,3179.75,Reliance Fresh,Groceries,Bengaluru,DEVICE_0095,,Groceries transaction,2026-04-09T04:45:01.430392
5760,95,95,DEBIT,2762.53,Reliance Fresh,Groceries,Bengaluru,DEVICE_0095,,Groceries transaction,2026-06-21T04:45:01.430392
5761,95,95,DEBIT,2917.95,Uber,Transport,Bengaluru,DEVICE_0095,,Transport transaction,2026-05-03T04:45:01.430392
5762,95,95,DEBIT,1110.72,BookMyShow,Entertainment,Bengaluru,DEVICE_0095,,Entertainment transaction,2026-05-23T04:45:01.430392
5763,95,95,DEBIT,3800.98,Airtel,Utilities,Bengaluru,DEVICE_0095,,Utilities transaction,2026-05-04T04:45:01.430392
5764,95,95,DEBIT,5121.69,Amazon,Shopping,Bengaluru,DEVICE_0095,,Shopping transaction,2026-04-25T04:45:01.430392
5765,95,95,DEBIT,5731.94,Electricity Board,Utilities,Bengaluru,DEVICE_0095,,Utilities transaction,2026-05-06T04:45:01.430392
5766,95,95,DEBIT,7576.37,Flipkart,Shopping,Bengaluru,DEVICE_0095,,Shopping transaction,2026-08-04T04:45:01.430392
5767,95,95,DEBIT,2991.5,Jio,Utilities,Bengaluru,DEVICE_0095,,Utilities transaction,2026-03-27T04:45:01.430392
5768,95,95,DEBIT,3448.98,Electricity Board,Utilities,Bengaluru,DEVICE_0095,,Utilities transaction,2026-04-03T04:45:01.430392
5769,95,95,DEBIT,1263.28,Uber,Transport,Bengaluru,DEVICE_0095,,Transport transaction,2026-07-24T04:45:01.430392
5770,95,95,DEBIT,4756.47,Flipkart,Shopping,Bengaluru,DEVICE_0095,,Shopping transaction,2026-07-04T04:45:01.430392
5771,95,95,DEBIT,1826.76,BigBasket,Groceries,Bengaluru,DEVICE_0095,,Groceries transaction,2026-09-01T04:45:01.430392
5772,95,95,DEBIT,289.48,Uber,Transport,Bengaluru,DEVICE_0095,,Transport transaction,2026-08-09T04:45:01.430392
5773,95,95,DEBIT,3290.28,Zomato,Food,Bengaluru,DEVICE_0095,,Food transaction,2026-07-25T04:45:01.430392
5774,95,95,DEBIT,6105.2,BigBasket,Groceries,Bengaluru,DEVICE_0095,,Groceries transaction,2026-08-05T04:45:01.430392
5775,95,95,DEBIT,4240.76,BigBasket,Groceries,Bengaluru,DEVICE_0095,,Groceries transaction,2026-07-09T04:45:01.430392
5776,95,95,DEBIT,204.19,Zomato,Food,Bengaluru,DEVICE_0095,,Food transaction,2026-08-27T04:45:01.430392
5777,95,95,DEBIT,6543.72,Swiggy,Food,Bengaluru,DEVICE_0095,,Food transaction,2026-07-07T04:45:01.430392
5778,95,95,DEBIT,3765.14,Electricity Board,Utilities,Bengaluru,DEVICE_0095,,Utilities transaction,2026-08-27T04:45:01.430392
5779,95,95,DEBIT,3659.09,Zomato,Food,Bengaluru,DEVICE_0095,,Food transaction,2026-08-01T04:45:01.430392
5780,95,95,DEBIT,3845.05,Apollo Pharmacy,Healthcare,Bengaluru,DEVICE_0095,,Healthcare transaction,2026-08-23T04:45:01.430392
5781,95,95,DEBIT,3594.83,Apollo Pharmacy,Healthcare,Bengaluru,DEVICE_0095,,Healthcare transaction,2026-06-17T04:45:01.430392
5782,95,95,DEBIT,5576.71,BookMyShow,Entertainment,Bengaluru,DEVICE_0095,,Entertainment transaction,2026-06-09T04:45:01.430392
5783,95,95,DEBIT,3663.67,Jio,Utilities,Bengaluru,DEVICE_0095,,Utilities transaction,2026-07-08T04:45:01.430392
5784,95,95,DEBIT,4325.8,BookMyShow,Entertainment,Bengaluru,DEVICE_0095,,Entertainment transaction,2026-06-20T04:45:01.430392
5785,95,95,DEBIT,5111.51,Apollo Pharmacy,Healthcare,Bengaluru,DEVICE_0095,,Healthcare transaction,2026-05-01T04:45:01.430392
5786,95,95,DEBIT,5132.27,Swiggy,Food,Bengaluru,DEVICE_0095,,Food transaction,2026-04-15T04:45:01.430392
5787,95,95,DEBIT,5241.95,Netflix,Entertainment,Bengaluru,DEVICE_0095,,Entertainment transaction,2026-04-13T04:45:01.430392
5788,95,95,DEBIT,6822.55,Airtel,Utilities,Bengaluru,DEVICE_0095,,Utilities transaction,2026-07-17T04:45:01.430392
5789,95,95,DEBIT,364.16,Jio,Utilities,Bengaluru,DEVICE_0095,,Utilities transaction,2026-05-12T04:45:01.430392
5790,95,95,DEBIT,2623.87,Uber,Transport,Bengaluru,DEVICE_0095,,Transport transaction,2026-05-05T04:45:01.430392
5791,95,95,DEBIT,3884.88,Uber,Transport,Bengaluru,DEVICE_0095,,Transport transaction,2026-06-01T04:45:01.430392
5792,95,95,DEBIT,7232.57,Amazon,Shopping,Bengaluru,DEVICE_0095,,Shopping transaction,2026-06-28T04:45:01.430392
5793,95,95,DEBIT,6575.38,Airtel,Utilities,Bengaluru,DEVICE_0095,,Utilities transaction,2026-08-16T04:45:01.430392
5794,95,95,DEBIT,1292.98,Jio,Utilities,Bengaluru,DEVICE_0095,,Utilities transaction,2026-07-17T04:45:01.430392
5795,95,95,DEBIT,5987.05,Jio,Utilities,Bengaluru,DEVICE_0095,,Utilities transaction,2026-07-11T04:45:01.430392
5796,96,96,CREDIT,119492.79,Employer,Salary,Pune,DEVICE_0096,,Monthly salary credit,2026-08-29T04:45:01.430392
5797,96,96,DEBIT,8867.31,Swiggy,Food,Pune,DEVICE_0096,,Food transaction,2026-03-18T04:45:01.430392
5798,96,96,DEBIT,4934.4,Netflix,Entertainment,Pune,DEVICE_0096,,Entertainment transaction,2026-05-30T04:45:01.430392
5799,96,96,DEBIT,3942.37,Electricity Board,Utilities,Pune,DEVICE_0096,,Utilities transaction,2026-04-20T04:45:01.430392
5800,96,96,DEBIT,2999.26,Ola,Transport,Pune,DEVICE_0096,,Transport transaction,2026-07-12T04:45:01.430392
5801,96,96,DEBIT,6031.46,Swiggy,Food,Pune,DEVICE_0096,,Food transaction,2026-03-27T04:45:01.430392
5802,96,96,DEBIT,7453.24,Flipkart,Shopping,Pune,DEVICE_0096,,Shopping transaction,2026-08-29T04:45:01.430392
5803,96,96,DEBIT,3999.22,BigBasket,Groceries,Pune,DEVICE_0096,,Groceries transaction,2026-05-25T04:45:01.430392
5804,96,96,DEBIT,4076.89,Swiggy,Food,Pune,DEVICE_0096,,Food transaction,2026-09-05T04:45:01.430392
5805,96,96,DEBIT,8975.34,Ola,Transport,Pune,DEVICE_0096,,Transport transaction,2026-08-13T04:45:01.430392
5806,96,96,DEBIT,2405.85,Uber,Transport,Pune,DEVICE_0096,,Transport transaction,2026-05-10T04:45:01.430392
5807,96,96,DEBIT,5707.3,BigBasket,Groceries,Pune,DEVICE_0096,,Groceries transaction,2026-06-01T04:45:01.430392
5808,96,96,DEBIT,8150.36,BigBasket,Groceries,Pune,DEVICE_0096,,Groceries transaction,2026-07-01T04:45:01.430392
5809,96,96,DEBIT,5914.61,Zomato,Food,Pune,DEVICE_0096,,Food transaction,2026-08-01T04:45:01.430392
5810,96,96,DEBIT,1689.95,Ola,Transport,Pune,DEVICE_0096,,Transport transaction,2026-06-21T04:45:01.430392
5811,96,96,DEBIT,3727.08,BookMyShow,Entertainment,Pune,DEVICE_0096,,Entertainment transaction,2026-08-22T04:45:01.430392
5812,96,96,DEBIT,968.36,Flipkart,Shopping,Pune,DEVICE_0096,,Shopping transaction,2026-09-10T04:45:01.430392
5813,96,96,DEBIT,5257.56,Swiggy,Food,Pune,DEVICE_0096,,Food transaction,2026-05-09T04:45:01.430392
5814,96,96,DEBIT,8945.2,Flipkart,Shopping,Pune,DEVICE_0096,,Shopping transaction,2026-03-18T04:45:01.430392
5815,96,96,DEBIT,1621.58,Apollo Pharmacy,Healthcare,Pune,DEVICE_0096,,Healthcare transaction,2026-08-30T04:45:01.430392
5816,96,96,DEBIT,4610.24,Amazon,Shopping,Pune,DEVICE_0096,,Shopping transaction,2026-09-04T04:45:01.430392
5817,96,96,DEBIT,2927.55,Swiggy,Food,Pune,DEVICE_0096,,Food transaction,2026-06-11T04:45:01.430392
5818,96,96,DEBIT,6617.4,Apollo Pharmacy,Healthcare,Pune,DEVICE_0096,,Healthcare transaction,2026-03-17T04:45:01.430392
5819,96,96,DEBIT,6433.92,Ola,Transport,Pune,DEVICE_0096,,Transport transaction,2026-08-21T04:45:01.430392
5820,96,96,DEBIT,1746.38,Amazon,Shopping,Pune,DEVICE_0096,,Shopping transaction,2026-06-25T04:45:01.430392
5821,96,96,DEBIT,1135.67,Ola,Transport,Pune,DEVICE_0096,,Transport transaction,2026-04-16T04:45:01.430392
5822,96,96,DEBIT,9448.84,Flipkart,Shopping,Pune,DEVICE_0096,,Shopping transaction,2026-04-08T04:45:01.430392
5823,96,96,DEBIT,7888.11,Amazon,Shopping,Pune,DEVICE_0096,,Shopping transaction,2026-07-25T04:45:01.430392
5824,96,96,DEBIT,1790.49,Airtel,Utilities,Pune,DEVICE_0096,,Utilities transaction,2026-06-04T04:45:01.430392
5825,96,96,DEBIT,9498.41,Jio,Utilities,Pune,DEVICE_0096,,Utilities transaction,2026-08-16T04:45:01.430392
5826,96,96,DEBIT,5753.6,Uber,Transport,Pune,DEVICE_0096,,Transport transaction,2026-04-08T04:45:01.430392
5827,96,96,DEBIT,5123.88,Jio,Utilities,Pune,DEVICE_0096,,Utilities transaction,2026-04-09T04:45:01.430392
5828,96,96,DEBIT,1497.37,Uber,Transport,Pune,DEVICE_0096,,Transport transaction,2026-05-17T04:45:01.430392
5829,96,96,DEBIT,8177.93,BookMyShow,Entertainment,Pune,DEVICE_0096,,Entertainment transaction,2026-08-03T04:45:01.430392
5830,96,96,DEBIT,7463.62,Apollo Pharmacy,Healthcare,Pune,DEVICE_0096,,Healthcare transaction,2026-05-04T04:45:01.430392
5831,96,96,DEBIT,4846.16,Flipkart,Shopping,Pune,DEVICE_0096,,Shopping transaction,2026-07-17T04:45:01.430392
5832,96,96,DEBIT,2855.24,Electricity Board,Utilities,Pune,DEVICE_0096,,Utilities transaction,2026-06-04T04:45:01.430392
5833,96,96,DEBIT,3369.64,Jio,Utilities,Pune,DEVICE_0096,,Utilities transaction,2026-08-02T04:45:01.430392
5834,96,96,DEBIT,4623.83,Electricity Board,Utilities,Pune,DEVICE_0096,,Utilities transaction,2026-05-20T04:45:01.430392
5835,96,96,DEBIT,9107.41,Ola,Transport,Pune,DEVICE_0096,,Transport transaction,2026-06-26T04:45:01.430392
5836,96,96,DEBIT,6316.28,Uber,Transport,Pune,DEVICE_0096,,Transport transaction,2026-06-02T04:45:01.430392
5837,96,96,DEBIT,7752.74,BigBasket,Groceries,Pune,DEVICE_0096,,Groceries transaction,2026-07-14T04:45:01.430392
5838,96,96,DEBIT,9415.28,Airtel,Utilities,Pune,DEVICE_0096,,Utilities transaction,2026-06-25T04:45:01.430392
5839,96,96,DEBIT,3256.88,Apollo Pharmacy,Healthcare,Pune,DEVICE_0096,,Healthcare transaction,2026-07-13T04:45:01.430392
5840,96,96,DEBIT,1591.94,Reliance Fresh,Groceries,Pune,DEVICE_0096,,Groceries transaction,2026-08-04T04:45:01.430392
5841,96,96,DEBIT,943.64,Amazon,Shopping,Pune,DEVICE_0096,,Shopping transaction,2026-04-15T04:45:01.430392
5842,96,96,DEBIT,1582.2,Flipkart,Shopping,Pune,DEVICE_0096,,Shopping transaction,2026-05-21T04:45:01.430392
5843,96,96,DEBIT,1597.61,Swiggy,Food,Pune,DEVICE_0096,,Food transaction,2026-08-25T04:45:01.430392
5844,96,96,DEBIT,7410.19,Uber,Transport,Pune,DEVICE_0096,,Transport transaction,2026-03-20T04:45:01.430392
5845,96,96,DEBIT,5621.64,Ola,Transport,Pune,DEVICE_0096,,Transport transaction,2026-05-12T04:45:01.430392
5846,96,96,DEBIT,4036.25,BigBasket,Groceries,Pune,DEVICE_0096,,Groceries transaction,2026-04-01T04:45:01.430392
5847,96,96,DEBIT,9021.99,Apollo Pharmacy,Healthcare,Pune,DEVICE_0096,,Healthcare transaction,2026-04-24T04:45:01.430392
5848,96,96,DEBIT,5700.26,Electricity Board,Utilities,Pune,DEVICE_0096,,Utilities transaction,2026-07-21T04:45:01.430392
5849,96,96,DEBIT,6341.48,Reliance Fresh,Groceries,Pune,DEVICE_0096,,Groceries transaction,2026-06-11T04:45:01.430392
5850,96,96,DEBIT,3857.61,Swiggy,Food,Pune,DEVICE_0096,,Food transaction,2026-06-16T04:45:01.430392
5851,96,96,DEBIT,657.79,Flipkart,Shopping,Pune,DEVICE_0096,,Shopping transaction,2026-07-10T04:45:01.430392
5852,96,96,DEBIT,1946.12,BigBasket,Groceries,Pune,DEVICE_0096,,Groceries transaction,2026-05-08T04:45:01.430392
5853,96,96,DEBIT,6361.58,Reliance Fresh,Groceries,Pune,DEVICE_0096,,Groceries transaction,2026-06-03T04:45:01.430392
5854,96,96,DEBIT,6837.16,Airtel,Utilities,Pune,DEVICE_0096,,Utilities transaction,2026-06-22T04:45:01.430392
5855,96,96,DEBIT,1443.9,Reliance Fresh,Groceries,Pune,DEVICE_0096,,Groceries transaction,2026-06-21T04:45:01.430392
5856,96,96,DEBIT,9247.73,Electricity Board,Utilities,Pune,DEVICE_0096,,Utilities transaction,2026-05-27T04:45:01.430392
5857,97,97,CREDIT,62179.1,Employer,Salary,Jaipur,DEVICE_0097,,Monthly salary credit,2026-08-22T04:45:01.430392
5858,97,97,DEBIT,4774.12,Ola,Transport,Jaipur,DEVICE_0097,,Transport transaction,2026-04-20T04:45:01.430392
5859,97,97,DEBIT,3541.34,Jio,Utilities,Jaipur,DEVICE_0097,,Utilities transaction,2026-09-11T04:45:01.430392
5860,97,97,DEBIT,3939.29,Jio,Utilities,Jaipur,DEVICE_0097,,Utilities transaction,2026-07-10T04:45:01.430392
5861,97,97,DEBIT,645.05,BigBasket,Groceries,Jaipur,DEVICE_0097,,Groceries transaction,2026-06-19T04:45:01.430392
5862,97,97,DEBIT,400.64,Swiggy,Food,Jaipur,DEVICE_0097,,Food transaction,2026-08-08T04:45:01.430392
5863,97,97,DEBIT,2648.2,Zomato,Food,Jaipur,DEVICE_0097,,Food transaction,2026-05-09T04:45:01.430392
5864,97,97,DEBIT,4531.78,Uber,Transport,Jaipur,DEVICE_0097,,Transport transaction,2026-07-28T04:45:01.430392
5865,97,97,DEBIT,383.57,BigBasket,Groceries,Jaipur,DEVICE_0097,,Groceries transaction,2026-09-10T04:45:01.430392
5866,97,97,DEBIT,1922.23,Apollo Pharmacy,Healthcare,Jaipur,DEVICE_0097,,Healthcare transaction,2026-06-17T04:45:01.430392
5867,97,97,DEBIT,3135.62,Airtel,Utilities,Jaipur,DEVICE_0097,,Utilities transaction,2026-06-18T04:45:01.430392
5868,97,97,DEBIT,699.38,Amazon,Shopping,Jaipur,DEVICE_0097,,Shopping transaction,2026-05-07T04:45:01.430392
5869,97,97,DEBIT,1207.68,Zomato,Food,Jaipur,DEVICE_0097,,Food transaction,2026-06-19T04:45:01.430392
5870,97,97,DEBIT,3344.69,Apollo Pharmacy,Healthcare,Jaipur,DEVICE_0097,,Healthcare transaction,2026-05-06T04:45:01.430392
5871,97,97,DEBIT,2734.54,Uber,Transport,Jaipur,DEVICE_0097,,Transport transaction,2026-04-30T04:45:01.430392
5872,97,97,DEBIT,3124.1,BookMyShow,Entertainment,Jaipur,DEVICE_0097,,Entertainment transaction,2026-04-09T04:45:01.430392
5873,97,97,DEBIT,2276.54,Zomato,Food,Jaipur,DEVICE_0097,,Food transaction,2026-09-02T04:45:01.430392
5874,97,97,DEBIT,4803.13,Reliance Fresh,Groceries,Jaipur,DEVICE_0097,,Groceries transaction,2026-04-14T04:45:01.430392
5875,97,97,DEBIT,1585.48,Netflix,Entertainment,Jaipur,DEVICE_0097,,Entertainment transaction,2026-05-19T04:45:01.430392
5876,97,97,DEBIT,1558.23,Amazon,Shopping,Jaipur,DEVICE_0097,,Shopping transaction,2026-09-08T04:45:01.430392
5877,97,97,DEBIT,3013.61,BigBasket,Groceries,Jaipur,DEVICE_0097,,Groceries transaction,2026-08-27T04:45:01.430392
5878,97,97,DEBIT,4160.56,Reliance Fresh,Groceries,Jaipur,DEVICE_0097,,Groceries transaction,2026-05-29T04:45:01.430392
5879,97,97,DEBIT,4564.24,Reliance Fresh,Groceries,Jaipur,DEVICE_0097,,Groceries transaction,2026-04-10T04:45:01.430392
5880,97,97,DEBIT,1302.61,BookMyShow,Entertainment,Jaipur,DEVICE_0097,,Entertainment transaction,2026-06-24T04:45:01.430392
5881,97,97,DEBIT,3021.12,Jio,Utilities,Jaipur,DEVICE_0097,,Utilities transaction,2026-05-20T04:45:01.430392
5882,97,97,DEBIT,1633.65,Uber,Transport,Jaipur,DEVICE_0097,,Transport transaction,2026-03-30T04:45:01.430392
5883,97,97,DEBIT,384.82,Jio,Utilities,Jaipur,DEVICE_0097,,Utilities transaction,2026-07-16T04:45:01.430392
5884,97,97,DEBIT,4517.81,Apollo Pharmacy,Healthcare,Jaipur,DEVICE_0097,,Healthcare transaction,2026-07-09T04:45:01.430392
5885,97,97,DEBIT,1466.94,BigBasket,Groceries,Jaipur,DEVICE_0097,,Groceries transaction,2026-04-30T04:45:01.430392
5886,97,97,DEBIT,393.57,Zomato,Food,Jaipur,DEVICE_0097,,Food transaction,2026-05-20T04:45:01.430392
5887,97,97,DEBIT,2095.31,Zomato,Food,Jaipur,DEVICE_0097,,Food transaction,2026-05-25T04:45:01.430392
5888,97,97,DEBIT,4776.85,Amazon,Shopping,Jaipur,DEVICE_0097,,Shopping transaction,2026-07-04T04:45:01.430392
5889,97,97,DEBIT,4088.33,Netflix,Entertainment,Jaipur,DEVICE_0097,,Entertainment transaction,2026-04-26T04:45:01.430392
5890,97,97,DEBIT,278.03,BigBasket,Groceries,Jaipur,DEVICE_0097,,Groceries transaction,2026-04-02T04:45:01.430392
5891,97,97,DEBIT,1661.92,Airtel,Utilities,Jaipur,DEVICE_0097,,Utilities transaction,2026-04-12T04:45:01.430392
5892,97,97,DEBIT,444.43,Apollo Pharmacy,Healthcare,Jaipur,DEVICE_0097,,Healthcare transaction,2026-04-17T04:45:01.430392
5893,97,97,DEBIT,2749.92,Zomato,Food,Jaipur,DEVICE_0097,,Food transaction,2026-04-24T04:45:01.430392
5894,97,97,DEBIT,3922.42,Uber,Transport,Jaipur,DEVICE_0097,,Transport transaction,2026-07-14T04:45:01.430392
5895,97,97,DEBIT,2877.23,BigBasket,Groceries,Jaipur,DEVICE_0097,,Groceries transaction,2026-06-20T04:45:01.430392
5896,97,97,DEBIT,2802.31,Swiggy,Food,Jaipur,DEVICE_0097,,Food transaction,2026-07-23T04:45:01.430392
5897,97,97,DEBIT,3470.82,Amazon,Shopping,Jaipur,DEVICE_0097,,Shopping transaction,2026-08-23T04:45:01.430392
5898,97,97,DEBIT,3288.24,Ola,Transport,Jaipur,DEVICE_0097,,Transport transaction,2026-05-13T04:45:01.430392
5899,97,97,DEBIT,674.85,Amazon,Shopping,Jaipur,DEVICE_0097,,Shopping transaction,2026-07-08T04:45:01.430392
5900,97,97,DEBIT,3338.92,Swiggy,Food,Jaipur,DEVICE_0097,,Food transaction,2026-03-25T04:45:01.430392
5901,97,97,DEBIT,2184.09,Uber,Transport,Jaipur,DEVICE_0097,,Transport transaction,2026-05-26T04:45:01.430392
5902,97,97,DEBIT,3681.26,Zomato,Food,Jaipur,DEVICE_0097,,Food transaction,2026-06-12T04:45:01.430392
5903,97,97,DEBIT,3852.8,Flipkart,Shopping,Jaipur,DEVICE_0097,,Shopping transaction,2026-07-01T04:45:01.430392
5904,97,97,DEBIT,4964.23,Uber,Transport,Jaipur,DEVICE_0097,,Transport transaction,2026-03-19T04:45:01.430392
5905,97,97,DEBIT,3250.9,Netflix,Entertainment,Jaipur,DEVICE_0097,,Entertainment transaction,2026-08-24T04:45:01.430392
5906,97,97,DEBIT,4369.04,Swiggy,Food,Jaipur,DEVICE_0097,,Food transaction,2026-09-12T04:45:01.430392
5907,97,97,DEBIT,515.02,Zomato,Food,Jaipur,DEVICE_0097,,Food transaction,2026-07-05T04:45:01.430392
5908,97,97,DEBIT,741.27,Swiggy,Food,Jaipur,DEVICE_0097,,Food transaction,2026-05-20T04:45:01.430392
5909,97,97,DEBIT,779.79,Ola,Transport,Jaipur,DEVICE_0097,,Transport transaction,2026-04-29T04:45:01.430392
5910,97,97,DEBIT,2638.63,Reliance Fresh,Groceries,Jaipur,DEVICE_0097,,Groceries transaction,2026-05-12T04:45:01.430392
5911,97,97,DEBIT,3133.18,Apollo Pharmacy,Healthcare,Jaipur,DEVICE_0097,,Healthcare transaction,2026-08-22T04:45:01.430392
5912,97,97,DEBIT,3966.94,Ola,Transport,Jaipur,DEVICE_0097,,Transport transaction,2026-06-14T04:45:01.430392
5913,97,97,DEBIT,2051.87,Swiggy,Food,Jaipur,DEVICE_0097,,Food transaction,2026-07-26T04:45:01.430392
5914,97,97,DEBIT,4711.46,Netflix,Entertainment,Jaipur,DEVICE_0097,,Entertainment transaction,2026-09-08T04:45:01.430392
5915,97,97,DEBIT,4040.35,BookMyShow,Entertainment,Jaipur,DEVICE_0097,,Entertainment transaction,2026-08-21T04:45:01.430392
5916,97,97,DEBIT,974.84,Flipkart,Shopping,Jaipur,DEVICE_0097,,Shopping transaction,2026-06-17T04:45:01.430392
5917,97,97,DEBIT,2692.61,Swiggy,Food,Jaipur,DEVICE_0097,,Food transaction,2026-03-20T04:45:01.430392
5918,98,98,CREDIT,70145.19,Employer,Salary,Surat,DEVICE_0098,,Monthly salary credit,2026-08-26T04:45:01.430392
5919,98,98,DEBIT,2790.49,Zomato,Food,Surat,DEVICE_0098,,Food transaction,2026-04-04T04:45:01.430392
5920,98,98,DEBIT,361.21,Ola,Transport,Surat,DEVICE_0098,,Transport transaction,2026-06-05T04:45:01.430392
5921,98,98,DEBIT,4295.27,Airtel,Utilities,Surat,DEVICE_0098,,Utilities transaction,2026-08-17T04:45:01.430392
5922,98,98,DEBIT,2973.02,Airtel,Utilities,Surat,DEVICE_0098,,Utilities transaction,2026-06-01T04:45:01.430392
5923,98,98,DEBIT,1106.57,Zomato,Food,Surat,DEVICE_0098,,Food transaction,2026-04-07T04:45:01.430392
5924,98,98,DEBIT,2816.1,Apollo Pharmacy,Healthcare,Surat,DEVICE_0098,,Healthcare transaction,2026-04-15T04:45:01.430392
5925,98,98,DEBIT,3973.82,Electricity Board,Utilities,Surat,DEVICE_0098,,Utilities transaction,2026-07-16T04:45:01.430392
5926,98,98,DEBIT,3755.57,Jio,Utilities,Surat,DEVICE_0098,,Utilities transaction,2026-05-09T04:45:01.430392
5927,98,98,DEBIT,4371.48,Netflix,Entertainment,Surat,DEVICE_0098,,Entertainment transaction,2026-06-05T04:45:01.430392
5928,98,98,DEBIT,3677.11,Ola,Transport,Surat,DEVICE_0098,,Transport transaction,2026-07-24T04:45:01.430392
5929,98,98,DEBIT,396.87,Amazon,Shopping,Surat,DEVICE_0098,,Shopping transaction,2026-07-26T04:45:01.430392
5930,98,98,DEBIT,3289.7,Amazon,Shopping,Surat,DEVICE_0098,,Shopping transaction,2026-09-08T04:45:01.430392
5931,98,98,DEBIT,5254.02,Apollo Pharmacy,Healthcare,Surat,DEVICE_0098,,Healthcare transaction,2026-03-30T04:45:01.430392
5932,98,98,DEBIT,2448.71,Ola,Transport,Surat,DEVICE_0098,,Transport transaction,2026-09-11T04:45:01.430392
5933,98,98,DEBIT,4864.85,Ola,Transport,Surat,DEVICE_0098,,Transport transaction,2026-08-22T04:45:01.430392
5934,98,98,DEBIT,4762.11,Swiggy,Food,Surat,DEVICE_0098,,Food transaction,2026-04-13T04:45:01.430392
5935,98,98,DEBIT,3238.15,Netflix,Entertainment,Surat,DEVICE_0098,,Entertainment transaction,2026-08-14T04:45:01.430392
5936,98,98,DEBIT,934.74,BookMyShow,Entertainment,Surat,DEVICE_0098,,Entertainment transaction,2026-05-09T04:45:01.430392
5937,98,98,DEBIT,5590.7,Netflix,Entertainment,Surat,DEVICE_0098,,Entertainment transaction,2026-06-17T04:45:01.430392
5938,98,98,DEBIT,3581.97,Flipkart,Shopping,Surat,DEVICE_0098,,Shopping transaction,2026-09-04T04:45:01.430392
5939,98,98,DEBIT,4719.93,Airtel,Utilities,Surat,DEVICE_0098,,Utilities transaction,2026-06-23T04:45:01.430392
5940,98,98,DEBIT,1888.74,Zomato,Food,Surat,DEVICE_0098,,Food transaction,2026-05-27T04:45:01.430392
5941,98,98,DEBIT,410.72,Uber,Transport,Surat,DEVICE_0098,,Transport transaction,2026-08-16T04:45:01.430392
5942,98,98,DEBIT,5281.77,Amazon,Shopping,Surat,DEVICE_0098,,Shopping transaction,2026-03-26T04:45:01.430392
5943,98,98,DEBIT,3965.98,Swiggy,Food,Surat,DEVICE_0098,,Food transaction,2026-06-07T04:45:01.430392
5944,98,98,DEBIT,1718.87,Swiggy,Food,Surat,DEVICE_0098,,Food transaction,2026-05-30T04:45:01.430392
5945,98,98,DEBIT,5477.03,Flipkart,Shopping,Surat,DEVICE_0098,,Shopping transaction,2026-06-11T04:45:01.430392
5946,98,98,DEBIT,2896.54,Flipkart,Shopping,Surat,DEVICE_0098,,Shopping transaction,2026-06-28T04:45:01.430392
5947,98,98,DEBIT,323.02,BigBasket,Groceries,Surat,DEVICE_0098,,Groceries transaction,2026-07-02T04:45:01.430392
5948,98,98,DEBIT,1199.94,Ola,Transport,Surat,DEVICE_0098,,Transport transaction,2026-08-20T04:45:01.430392
5949,98,98,DEBIT,943.69,Jio,Utilities,Surat,DEVICE_0098,,Utilities transaction,2026-05-01T04:45:01.430392
5950,98,98,DEBIT,3444.51,BookMyShow,Entertainment,Surat,DEVICE_0098,,Entertainment transaction,2026-08-18T04:45:01.430392
5951,98,98,DEBIT,813.54,Ola,Transport,Surat,DEVICE_0098,,Transport transaction,2026-07-07T04:45:01.430392
5952,98,98,DEBIT,2006.32,Airtel,Utilities,Surat,DEVICE_0098,,Utilities transaction,2026-08-12T04:45:01.430392
5953,98,98,DEBIT,3319.32,Swiggy,Food,Surat,DEVICE_0098,,Food transaction,2026-04-16T04:45:01.430392
5954,98,98,DEBIT,626.65,Airtel,Utilities,Surat,DEVICE_0098,,Utilities transaction,2026-08-31T04:45:01.430392
5955,98,98,DEBIT,1885.66,Uber,Transport,Surat,DEVICE_0098,,Transport transaction,2026-04-25T04:45:01.430392
5956,98,98,DEBIT,3129.34,Airtel,Utilities,Surat,DEVICE_0098,,Utilities transaction,2026-08-23T04:45:01.430392
5957,98,98,DEBIT,4057.47,Airtel,Utilities,Surat,DEVICE_0098,,Utilities transaction,2026-04-18T04:45:01.430392
5958,98,98,DEBIT,3936.62,Jio,Utilities,Surat,DEVICE_0098,,Utilities transaction,2026-06-28T04:45:01.430392
5959,98,98,DEBIT,3760.3,Netflix,Entertainment,Surat,DEVICE_0098,,Entertainment transaction,2026-08-18T04:45:01.430392
5960,98,98,DEBIT,4271.17,BigBasket,Groceries,Surat,DEVICE_0098,,Groceries transaction,2026-09-02T04:45:01.430392
5961,98,98,DEBIT,5172.4,Uber,Transport,Surat,DEVICE_0098,,Transport transaction,2026-05-28T04:45:01.430392
5962,98,98,DEBIT,3760.29,Flipkart,Shopping,Surat,DEVICE_0098,,Shopping transaction,2026-07-06T04:45:01.430392
5963,98,98,DEBIT,481.69,Electricity Board,Utilities,Surat,DEVICE_0098,,Utilities transaction,2026-08-26T04:45:01.430392
5964,98,98,DEBIT,5335.54,Flipkart,Shopping,Surat,DEVICE_0098,,Shopping transaction,2026-04-15T04:45:01.430392
5965,98,98,DEBIT,778.12,Amazon,Shopping,Surat,DEVICE_0098,,Shopping transaction,2026-05-13T04:45:01.430392
5966,98,98,DEBIT,2739.25,Amazon,Shopping,Surat,DEVICE_0098,,Shopping transaction,2026-06-12T04:45:01.430392
5967,98,98,DEBIT,3132.9,BigBasket,Groceries,Surat,DEVICE_0098,,Groceries transaction,2026-07-07T04:45:01.430392
5968,98,98,DEBIT,3397.47,Swiggy,Food,Surat,DEVICE_0098,,Food transaction,2026-04-22T04:45:01.430392
5969,98,98,DEBIT,1539.78,Airtel,Utilities,Surat,DEVICE_0098,,Utilities transaction,2026-06-19T04:45:01.430392
5970,98,98,DEBIT,1201.85,Swiggy,Food,Surat,DEVICE_0098,,Food transaction,2026-04-20T04:45:01.430392
5971,98,98,DEBIT,4890.2,Electricity Board,Utilities,Surat,DEVICE_0098,,Utilities transaction,2026-04-04T04:45:01.430392
5972,98,98,DEBIT,291.16,Airtel,Utilities,Surat,DEVICE_0098,,Utilities transaction,2026-07-19T04:45:01.430392
5973,98,98,DEBIT,4032.3,Electricity Board,Utilities,Surat,DEVICE_0098,,Utilities transaction,2026-07-31T04:45:01.430392
5974,98,98,DEBIT,5380.49,Electricity Board,Utilities,Surat,DEVICE_0098,,Utilities transaction,2026-03-22T04:45:01.430392
5975,98,98,DEBIT,1491.14,Netflix,Entertainment,Surat,DEVICE_0098,,Entertainment transaction,2026-05-31T04:45:01.430392
5976,98,98,DEBIT,3887.54,Amazon,Shopping,Surat,DEVICE_0098,,Shopping transaction,2026-07-05T04:45:01.430392
5977,98,98,DEBIT,4500.4,BookMyShow,Entertainment,Surat,DEVICE_0098,,Entertainment transaction,2026-07-26T04:45:01.430392
5978,98,98,DEBIT,3163.2,Reliance Fresh,Groceries,Surat,DEVICE_0098,,Groceries transaction,2026-08-28T04:45:01.430392
5979,99,99,CREDIT,147113.34,Employer,Salary,Vadodara,DEVICE_0099,,Monthly salary credit,2026-08-30T04:45:01.430392
5980,99,99,DEBIT,7294.82,Zomato,Food,Vadodara,DEVICE_0099,,Food transaction,2026-06-05T04:45:01.430392
5981,99,99,DEBIT,9744.77,Zomato,Food,Vadodara,DEVICE_0099,,Food transaction,2026-06-30T04:45:01.430392
5982,99,99,DEBIT,1775.83,Ola,Transport,Vadodara,DEVICE_0099,,Transport transaction,2026-04-14T04:45:01.430392
5983,99,99,DEBIT,10736.48,BigBasket,Groceries,Vadodara,DEVICE_0099,,Groceries transaction,2026-07-01T04:45:01.430392
5984,99,99,DEBIT,3081.05,Uber,Transport,Vadodara,DEVICE_0099,,Transport transaction,2026-08-12T04:45:01.430392
5985,99,99,DEBIT,5061.6,Electricity Board,Utilities,Vadodara,DEVICE_0099,,Utilities transaction,2026-03-31T04:45:01.430392
5986,99,99,DEBIT,5957.66,BookMyShow,Entertainment,Vadodara,DEVICE_0099,,Entertainment transaction,2026-08-14T04:45:01.430392
5987,99,99,DEBIT,7034.28,BigBasket,Groceries,Vadodara,DEVICE_0099,,Groceries transaction,2026-07-10T04:45:01.430392
5988,99,99,DEBIT,1683.05,Electricity Board,Utilities,Vadodara,DEVICE_0099,,Utilities transaction,2026-07-27T04:45:01.430392
5989,99,99,DEBIT,7613.7,Jio,Utilities,Vadodara,DEVICE_0099,,Utilities transaction,2026-08-13T04:45:01.430392
5990,99,99,DEBIT,3078.15,Apollo Pharmacy,Healthcare,Vadodara,DEVICE_0099,,Healthcare transaction,2026-09-02T04:45:01.430392
5991,99,99,DEBIT,11747.61,Zomato,Food,Vadodara,DEVICE_0099,,Food transaction,2026-09-01T04:45:01.430392
5992,99,99,DEBIT,1035.28,Electricity Board,Utilities,Vadodara,DEVICE_0099,,Utilities transaction,2026-06-03T04:45:01.430392
5993,99,99,DEBIT,11366.69,Swiggy,Food,Vadodara,DEVICE_0099,,Food transaction,2026-07-04T04:45:01.430392
5994,99,99,DEBIT,6847.29,Flipkart,Shopping,Vadodara,DEVICE_0099,,Shopping transaction,2026-03-30T04:45:01.430392
5995,99,99,DEBIT,8497.76,Zomato,Food,Vadodara,DEVICE_0099,,Food transaction,2026-03-18T04:45:01.430392
5996,99,99,DEBIT,4982.14,Amazon,Shopping,Vadodara,DEVICE_0099,,Shopping transaction,2026-06-17T04:45:01.430392
5997,99,99,DEBIT,5372.23,Zomato,Food,Vadodara,DEVICE_0099,,Food transaction,2026-08-06T04:45:01.430392
5998,99,99,DEBIT,7696.33,Electricity Board,Utilities,Vadodara,DEVICE_0099,,Utilities transaction,2026-08-12T04:45:01.430392
5999,99,99,DEBIT,4466.17,Jio,Utilities,Vadodara,DEVICE_0099,,Utilities transaction,2026-05-30T04:45:01.430392
6000,99,99,DEBIT,7830.03,BigBasket,Groceries,Vadodara,DEVICE_0099,,Groceries transaction,2026-03-22T04:45:01.430392
6001,99,99,DEBIT,5329.86,Uber,Transport,Vadodara,DEVICE_0099,,Transport transaction,2026-07-23T04:45:01.430392
6002,99,99,DEBIT,7546.95,Jio,Utilities,Vadodara,DEVICE_0099,,Utilities transaction,2026-07-22T04:45:01.430392
6003,99,99,DEBIT,4285.94,BigBasket,Groceries,Vadodara,DEVICE_0099,,Groceries transaction,2026-03-26T04:45:01.430392
6004,99,99,DEBIT,11153.19,Jio,Utilities,Vadodara,DEVICE_0099,,Utilities transaction,2026-07-12T04:45:01.430392
6005,99,99,DEBIT,5856.27,Reliance Fresh,Groceries,Vadodara,DEVICE_0099,,Groceries transaction,2026-07-04T04:45:01.430392
6006,99,99,DEBIT,766.11,BigBasket,Groceries,Vadodara,DEVICE_0099,,Groceries transaction,2026-09-12T04:45:01.430392
6007,99,99,DEBIT,5563.22,BigBasket,Groceries,Vadodara,DEVICE_0099,,Groceries transaction,2026-08-28T04:45:01.430392
6008,99,99,DEBIT,10484.17,Airtel,Utilities,Vadodara,DEVICE_0099,,Utilities transaction,2026-08-28T04:45:01.430392
6009,99,99,DEBIT,5507.28,Electricity Board,Utilities,Vadodara,DEVICE_0099,,Utilities transaction,2026-06-30T04:45:01.430392
6010,99,99,DEBIT,4982.7,Zomato,Food,Vadodara,DEVICE_0099,,Food transaction,2026-07-01T04:45:01.430392
6011,99,99,DEBIT,3479.21,Swiggy,Food,Vadodara,DEVICE_0099,,Food transaction,2026-07-29T04:45:01.430392
6012,99,99,DEBIT,9097.23,BigBasket,Groceries,Vadodara,DEVICE_0099,,Groceries transaction,2026-05-14T04:45:01.430392
6013,99,99,DEBIT,9022.96,Airtel,Utilities,Vadodara,DEVICE_0099,,Utilities transaction,2026-08-27T04:45:01.430392
6014,99,99,DEBIT,5457.32,BookMyShow,Entertainment,Vadodara,DEVICE_0099,,Entertainment transaction,2026-06-27T04:45:01.430392
6015,99,99,DEBIT,2795.12,Apollo Pharmacy,Healthcare,Vadodara,DEVICE_0099,,Healthcare transaction,2026-07-23T04:45:01.430392
6016,99,99,DEBIT,10193.91,Electricity Board,Utilities,Vadodara,DEVICE_0099,,Utilities transaction,2026-05-13T04:45:01.430392
6017,99,99,DEBIT,3319.48,BigBasket,Groceries,Vadodara,DEVICE_0099,,Groceries transaction,2026-05-13T04:45:01.430392
6018,99,99,DEBIT,5268.75,Zomato,Food,Vadodara,DEVICE_0099,,Food transaction,2026-08-09T04:45:01.430392
6019,99,99,DEBIT,9235.53,Amazon,Shopping,Vadodara,DEVICE_0099,,Shopping transaction,2026-03-31T04:45:01.430392
6020,99,99,DEBIT,4649.25,Reliance Fresh,Groceries,Vadodara,DEVICE_0099,,Groceries transaction,2026-04-24T04:45:01.430392
6021,99,99,DEBIT,7626.05,Netflix,Entertainment,Vadodara,DEVICE_0099,,Entertainment transaction,2026-08-06T04:45:01.430392
6022,99,99,DEBIT,3296.76,Flipkart,Shopping,Vadodara,DEVICE_0099,,Shopping transaction,2026-06-10T04:45:01.430392
6023,99,99,DEBIT,3147.93,Netflix,Entertainment,Vadodara,DEVICE_0099,,Entertainment transaction,2026-08-18T04:45:01.430392
6024,99,99,DEBIT,10172.56,Uber,Transport,Vadodara,DEVICE_0099,,Transport transaction,2026-05-03T04:45:01.430392
6025,99,99,DEBIT,3788.92,Airtel,Utilities,Vadodara,DEVICE_0099,,Utilities transaction,2026-06-01T04:45:01.430392
6026,99,99,DEBIT,928.48,Amazon,Shopping,Vadodara,DEVICE_0099,,Shopping transaction,2026-08-16T04:45:01.430392
6027,99,99,DEBIT,10598.0,Zomato,Food,Vadodara,DEVICE_0099,,Food transaction,2026-07-10T04:45:01.430392
6028,99,99,DEBIT,3026.26,Airtel,Utilities,Vadodara,DEVICE_0099,,Utilities transaction,2026-03-25T04:45:01.430392
6029,99,99,DEBIT,10101.39,Netflix,Entertainment,Vadodara,DEVICE_0099,,Entertainment transaction,2026-04-18T04:45:01.430392
6030,99,99,DEBIT,10894.8,Airtel,Utilities,Vadodara,DEVICE_0099,,Utilities transaction,2026-07-28T04:45:01.430392
6031,99,99,DEBIT,5950.25,Apollo Pharmacy,Healthcare,Vadodara,DEVICE_0099,,Healthcare transaction,2026-04-30T04:45:01.430392
6032,99,99,DEBIT,1924.91,Amazon,Shopping,Vadodara,DEVICE_0099,,Shopping transaction,2026-09-07T04:45:01.430392
6033,99,99,DEBIT,9090.75,Ola,Transport,Vadodara,DEVICE_0099,,Transport transaction,2026-04-24T04:45:01.430392
6034,99,99,DEBIT,6770.66,BigBasket,Groceries,Vadodara,DEVICE_0099,,Groceries transaction,2026-09-12T04:45:01.430392
6035,99,99,DEBIT,2437.68,Reliance Fresh,Groceries,Vadodara,DEVICE_0099,,Groceries transaction,2026-08-16T04:45:01.430392
6036,99,99,DEBIT,3744.05,Electricity Board,Utilities,Vadodara,DEVICE_0099,,Utilities transaction,2026-05-27T04:45:01.430392
6037,99,99,DEBIT,8252.38,Uber,Transport,Vadodara,DEVICE_0099,,Transport transaction,2026-07-05T04:45:01.430392
6038,99,99,DEBIT,2507.64,BookMyShow,Entertainment,Vadodara,DEVICE_0099,,Entertainment transaction,2026-06-02T04:45:01.430392
6039,99,99,DEBIT,9940.11,Apollo Pharmacy,Healthcare,Vadodara,DEVICE_0099,,Healthcare transaction,2026-04-11T04:45:01.430392
6040,100,100,CREDIT,153127.83,Employer,Salary,Bengaluru,DEVICE_0100,,Monthly salary credit,2026-08-25T04:45:01.430392
6041,100,100,DEBIT,4500.58,BookMyShow,Entertainment,Bengaluru,DEVICE_0100,,Entertainment transaction,2026-06-07T04:45:01.430392
6042,100,100,DEBIT,7726.8,Reliance Fresh,Groceries,Bengaluru,DEVICE_0100,,Groceries transaction,2026-07-12T04:45:01.430392
6043,100,100,DEBIT,751.94,Ola,Transport,Bengaluru,DEVICE_0100,,Transport transaction,2026-06-18T04:45:01.430392
6044,100,100,DEBIT,5880.28,Ola,Transport,Bengaluru,DEVICE_0100,,Transport transaction,2026-07-13T04:45:01.430392
6045,100,100,DEBIT,4217.9,Netflix,Entertainment,Bengaluru,DEVICE_0100,,Entertainment transaction,2026-07-16T04:45:01.430392
6046,100,100,DEBIT,11738.11,BigBasket,Groceries,Bengaluru,DEVICE_0100,,Groceries transaction,2026-09-08T04:45:01.430392
6047,100,100,DEBIT,1119.05,Electricity Board,Utilities,Bengaluru,DEVICE_0100,,Utilities transaction,2026-04-21T04:45:01.430392
6048,100,100,DEBIT,2987.27,Swiggy,Food,Bengaluru,DEVICE_0100,,Food transaction,2026-09-01T04:45:01.430392
6049,100,100,DEBIT,5828.45,Zomato,Food,Bengaluru,DEVICE_0100,,Food transaction,2026-04-29T04:45:01.430392
6050,100,100,DEBIT,1074.89,Electricity Board,Utilities,Bengaluru,DEVICE_0100,,Utilities transaction,2026-03-22T04:45:01.430392
6051,100,100,DEBIT,5517.54,Netflix,Entertainment,Bengaluru,DEVICE_0100,,Entertainment transaction,2026-08-09T04:45:01.430392
6052,100,100,DEBIT,9093.36,Zomato,Food,Bengaluru,DEVICE_0100,,Food transaction,2026-07-19T04:45:01.430392
6053,100,100,DEBIT,1367.14,Ola,Transport,Bengaluru,DEVICE_0100,,Transport transaction,2026-07-09T04:45:01.430392
6054,100,100,DEBIT,11264.56,Amazon,Shopping,Bengaluru,DEVICE_0100,,Shopping transaction,2026-05-31T04:45:01.430392
6055,100,100,DEBIT,12145.58,Flipkart,Shopping,Bengaluru,DEVICE_0100,,Shopping transaction,2026-04-01T04:45:01.430392
6056,100,100,DEBIT,10922.31,BookMyShow,Entertainment,Bengaluru,DEVICE_0100,,Entertainment transaction,2026-07-21T04:45:01.430392
6057,100,100,DEBIT,4306.89,Flipkart,Shopping,Bengaluru,DEVICE_0100,,Shopping transaction,2026-07-14T04:45:01.430392
6058,100,100,DEBIT,1631.32,BookMyShow,Entertainment,Bengaluru,DEVICE_0100,,Entertainment transaction,2026-07-10T04:45:01.430392
6059,100,100,DEBIT,7409.93,Airtel,Utilities,Bengaluru,DEVICE_0100,,Utilities transaction,2026-04-04T04:45:01.430392
6060,100,100,DEBIT,3106.64,Airtel,Utilities,Bengaluru,DEVICE_0100,,Utilities transaction,2026-05-14T04:45:01.430392
6061,100,100,DEBIT,3538.89,Electricity Board,Utilities,Bengaluru,DEVICE_0100,,Utilities transaction,2026-08-01T04:45:01.430392
6062,100,100,DEBIT,9325.95,Apollo Pharmacy,Healthcare,Bengaluru,DEVICE_0100,,Healthcare transaction,2026-09-11T04:45:01.430392
6063,100,100,DEBIT,6099.18,Jio,Utilities,Bengaluru,DEVICE_0100,,Utilities transaction,2026-07-19T04:45:01.430392
6064,100,100,DEBIT,5162.39,Airtel,Utilities,Bengaluru,DEVICE_0100,,Utilities transaction,2026-06-20T04:45:01.430392
6065,100,100,DEBIT,1268.98,Flipkart,Shopping,Bengaluru,DEVICE_0100,,Shopping transaction,2026-04-16T04:45:01.430392
6066,100,100,DEBIT,11344.18,Zomato,Food,Bengaluru,DEVICE_0100,,Food transaction,2026-07-03T04:45:01.430392
6067,100,100,DEBIT,5346.72,Amazon,Shopping,Bengaluru,DEVICE_0100,,Shopping transaction,2026-06-15T04:45:01.430392
6068,100,100,DEBIT,9277.77,Ola,Transport,Bengaluru,DEVICE_0100,,Transport transaction,2026-04-23T04:45:01.430392
6069,100,100,DEBIT,2179.78,Electricity Board,Utilities,Bengaluru,DEVICE_0100,,Utilities transaction,2026-08-19T04:45:01.430392
6070,100,100,DEBIT,7089.17,Apollo Pharmacy,Healthcare,Bengaluru,DEVICE_0100,,Healthcare transaction,2026-03-26T04:45:01.430392
6071,100,100,DEBIT,2520.21,Uber,Transport,Bengaluru,DEVICE_0100,,Transport transaction,2026-08-03T04:45:01.430392
6072,100,100,DEBIT,9086.74,Zomato,Food,Bengaluru,DEVICE_0100,,Food transaction,2026-07-29T04:45:01.430392
6073,100,100,DEBIT,10168.88,Zomato,Food,Bengaluru,DEVICE_0100,,Food transaction,2026-07-24T04:45:01.430392
6074,100,100,DEBIT,3754.82,Swiggy,Food,Bengaluru,DEVICE_0100,,Food transaction,2026-08-28T04:45:01.430392
6075,100,100,DEBIT,5616.18,Apollo Pharmacy,Healthcare,Bengaluru,DEVICE_0100,,Healthcare transaction,2026-04-07T04:45:01.430392
6076,100,100,DEBIT,579.47,Swiggy,Food,Bengaluru,DEVICE_0100,,Food transaction,2026-07-22T04:45:01.430392
6077,100,100,DEBIT,7757.07,Ola,Transport,Bengaluru,DEVICE_0100,,Transport transaction,2026-06-28T04:45:01.430392
6078,100,100,DEBIT,8475.61,Jio,Utilities,Bengaluru,DEVICE_0100,,Utilities transaction,2026-08-04T04:45:01.430392
6079,100,100,DEBIT,962.39,Electricity Board,Utilities,Bengaluru,DEVICE_0100,,Utilities transaction,2026-08-03T04:45:01.430392
6080,100,100,DEBIT,4756.02,Reliance Fresh,Groceries,Bengaluru,DEVICE_0100,,Groceries transaction,2026-07-31T04:45:01.430392
6081,100,100,DEBIT,623.32,Ola,Transport,Bengaluru,DEVICE_0100,,Transport transaction,2026-07-30T04:45:01.430392
6082,100,100,DEBIT,10357.23,Apollo Pharmacy,Healthcare,Bengaluru,DEVICE_0100,,Healthcare transaction,2026-05-28T04:45:01.430392
6083,100,100,DEBIT,1222.19,Flipkart,Shopping,Bengaluru,DEVICE_0100,,Shopping transaction,2026-08-03T04:45:01.430392
6084,100,100,DEBIT,1082.23,Zomato,Food,Bengaluru,DEVICE_0100,,Food transaction,2026-05-29T04:45:01.430392
6085,100,100,DEBIT,5437.25,Flipkart,Shopping,Bengaluru,DEVICE_0100,,Shopping transaction,2026-03-17T04:45:01.430392
6086,100,100,DEBIT,2202.62,Jio,Utilities,Bengaluru,DEVICE_0100,,Utilities transaction,2026-05-02T04:45:01.430392
6087,100,100,DEBIT,6887.84,Electricity Board,Utilities,Bengaluru,DEVICE_0100,,Utilities transaction,2026-03-23T04:45:01.430392
6088,100,100,DEBIT,11647.32,Netflix,Entertainment,Bengaluru,DEVICE_0100,,Entertainment transaction,2026-04-14T04:45:01.430392
6089,100,100,DEBIT,12062.33,BookMyShow,Entertainment,Bengaluru,DEVICE_0100,,Entertainment transaction,2026-05-20T04:45:01.430392
6090,100,100,DEBIT,10186.93,Swiggy,Food,Bengaluru,DEVICE_0100,,Food transaction,2026-04-13T04:45:01.430392
6091,100,100,DEBIT,8159.37,Netflix,Entertainment,Bengaluru,DEVICE_0100,,Entertainment transaction,2026-07-19T04:45:01.430392
6092,100,100,DEBIT,5319.98,Reliance Fresh,Groceries,Bengaluru,DEVICE_0100,,Groceries transaction,2026-04-09T04:45:01.430392
6093,100,100,DEBIT,9776.51,Jio,Utilities,Bengaluru,DEVICE_0100,,Utilities transaction,2026-07-03T04:45:01.430392
6094,100,100,DEBIT,3335.81,Ola,Transport,Bengaluru,DEVICE_0100,,Transport transaction,2026-07-20T04:45:01.430392
6095,100,100,DEBIT,9819.72,Electricity Board,Utilities,Bengaluru,DEVICE_0100,,Utilities transaction,2026-09-07T04:45:01.430392
6096,100,100,DEBIT,5090.18,Zomato,Food,Bengaluru,DEVICE_0100,,Food transaction,2026-06-08T04:45:01.430392
6097,100,100,DEBIT,6652.27,Airtel,Utilities,Bengaluru,DEVICE_0100,,Utilities transaction,2026-08-20T04:45:01.430392
6098,100,100,DEBIT,7206.03,Jio,Utilities,Bengaluru,DEVICE_0100,,Utilities transaction,2026-03-19T04:45:01.430392
6099,100,100,DEBIT,11055.22,Swiggy,Food,Bengaluru,DEVICE_0100,,Food transaction,2026-07-16T04:45:01.430392
6100,100,100,DEBIT,8638.41,Electricity Board,Utilities,Bengaluru,DEVICE_0100,,Utilities transaction,2026-08-15T04:45:01.430392
